id,data_inversa,dia_semana,horario,uf,br,km,municipio,causa_acidente,tipo_acidente,classificacao_acidente,fase_dia,sentido_via,condicao_metereologica,tipo_pista,tracado_via,uso_solo,pessoas,mortos,feridos_leves,feridos_graves,ilesos,ignorados,feridos,veiculos,latitude,longitude,regional,delegacia,uop,ano_arquivo,data,hora,ano,mes,dia_semana_nome,gravidade
297584.0,2020-07-26,,08:20:00,RJ,101,282,ITABORAI,FALTA DE ATENÇÃO À CONDUÇÃO,TOMBAMENTO,COM VÍTIMAS FERIDAS,PLENO DIA,Crescente,CÉU CLARO,SIMPLES,Curva,Não,1,0,0,1,0,0,1,1,-22.7371391,-42.79664601,SPRF-RJ,DEL02-RJ,UOP03-DEL02-RJ,2020,,8,,,,1.0
297756.0,2020-07-26,,21:30:00,RJ,493,1,ITABORAI,DESOBEDIÊNCIA ÀS NORMAS DE TRÂNSITO PELO CONDUTOR,COLISÃO TRANSVERSAL,COM VÍTIMAS FERIDAS,PLENA NOITE,Crescente,CÉU CLARO,SIMPLES,Reta,Sim,2,0,0,1,1,0,1,2,-22.76398788,-42.92731895,SPRF-RJ,DEL02-RJ,UOP02-DEL02-RJ,2020,,21,,,,1.0
298418.0,2020-07-30,,18:35:00,RJ,101,320,NITEROI,INGESTÃO DE ÁLCOOL E/OU SUBSTÂNCIAS PSICOATIVAS PELO PEDESTRE,ATROPELAMENTO DE PEDESTRE,COM VÍTIMAS FERIDAS,PLENA NOITE,Crescente,GAROA/CHUVISCO,DUPLA,Reta,Sim,2,0,0,1,1,0,1,2,-22.86171098,-43.10714015,SPRF-RJ,DEL02-RJ,UOP02-DEL02-RJ,2020,,18,,,,1.0
298616.0,2020-07-31,,20:00:00,RJ,101,325,NITEROI,FALTA DE ATENÇÃO À CONDUÇÃO,COLISÃO TRASEIRA,COM VÍTIMAS FERIDAS,PLENA NOITE,Decrescente,CÉU CLARO,MÚLTIPLA,Reta,Não,2,0,1,0,1,0,1,2,-22.87292569,-43.13625699,SPRF-RJ,DEL02-RJ,UOP02-DEL02-RJ,2020,,20,,,,1.0
298655.0,2020-07-31,,22:20:00,RJ,101,297,ITABORAI,DESOBEDIÊNCIA ÀS NORMAS DE TRÂNSITO PELO CONDUTOR,COLISÃO TRANSVERSAL,COM VÍTIMAS FERIDAS,PLENA NOITE,Decrescente,CÉU CLARO,DUPLA,Reta,Sim,3,0,1,0,2,0,1,2,-22.76942037,-42.91873581,SPRF-RJ,DEL02-RJ,UOP02-DEL02-RJ,2020,,22,,,,1.0
298877.0,2020-08-01,2.0,22:55:00,RJ,101,324,NITEROI,CONDUTOR DORMINDO,COLISÃO COM OBJETO ESTÁTICO,COM VÍTIMAS FERIDAS,PLENA NOITE,Decrescente,CÉU CLARO,DUPLA,Reta,Não,2,0,1,1,0,0,2,1,-22.87381074,-43.12640997,SPRF-RJ,DEL02-RJ,UOP02-DEL02-RJ,2020,2020-01-08,22,2020.0,1.0,Quarta,1.0
298967.0,2020-08-02,5.0,12:10:00,RJ,101,295,ITABORAI,FALTA DE ATENÇÃO À CONDUÇÃO,COLISÃO COM OBJETO ESTÁTICO,COM VÍTIMAS FERIDAS,PLENO DIA,Crescente,CÉU CLARO,DUPLA,Curva,Não,1,0,1,0,0,0,1,1,-22.76365068,-42.90223623,SPRF-RJ,DEL02-RJ,UOP02-DEL02-RJ,2020,2020-02-08,12,2020.0,2.0,Sábado,1.0
299050.0,2020-08-02,5.0,17:00:00,RJ,101,295,ITABORAI,DEFEITO MECÂNICO NO VEÍCULO,CAPOTAMENTO,COM VÍTIMAS FERIDAS,PLENO DIA,Decrescente,CÉU CLARO,DUPLA,Curva,Sim,1,0,1,0,0,0,1,1,-22.76365068,-42.90223623,SPRF-RJ,DEL02-RJ,UOP02-DEL02-RJ,2020,2020-02-08,17,2020.0,2.0,Sábado,1.0
299351.0,2020-08-04,2.0,02:00:00,RJ,101,296,ITABORAI,DESOBEDIÊNCIA ÀS NORMAS DE TRÂNSITO PELO CONDUTOR,CAPOTAMENTO,COM VÍTIMAS FERIDAS,PLENA NOITE,Decrescente,NEVOEIRO/NEBLINA,MÚLTIPLA,Reta,Sim,1,0,1,0,0,0,1,1,-22.7670498,-42.91019601,SPRF-RJ,DEL02-RJ,UOP02-DEL02-RJ,2020,2020-04-08,2,2020.0,4.0,Quarta,1.0
299427.0,2020-08-04,2.0,15:55:00,RJ,101,303,SAO GONCALO,NÃO GUARDAR DISTÂNCIA DE SEGURANÇA,COLISÃO TRASEIRA,SEM VÍTIMAS,PLENO DIA,Decrescente,CÉU CLARO,DUPLA,Reta,Sim,2,0,0,0,2,0,0,2,-22.7828205,-42.9766681,SPRF-RJ,DEL02-RJ,UOP02-DEL02-RJ,2020,2020-04-08,15,2020.0,4.0,Quarta,0.0
299762.0,2020-08-06,0.0,12:10:00,RJ,101,323,NITEROI,FALTA DE ATENÇÃO À CONDUÇÃO,COLISÃO TRANSVERSAL,COM VÍTIMAS FERIDAS,PLENO DIA,Decrescente,CÉU CLARO,DUPLA,Reta,Sim,2,0,1,0,1,0,1,2,-22.87684786,-43.11728689,SPRF-RJ,DEL02-RJ,UOP02-DEL02-RJ,2020,2020-06-08,12,2020.0,6.0,Segunda,1.0
299956.0,2020-08-07,2.0,14:20:00,RJ,101,269,RIO BONITO,FALTA DE ATENÇÃO À CONDUÇÃO,COLISÃO TRANSVERSAL,COM VÍTIMAS FERIDAS,PLENO DIA,Decrescente,CÉU CLARO,SIMPLES,Reta,Sim,2,0,2,0,0,0,2,2,-22.71495082,-42.67804708,SPRF-RJ,DEL02-RJ,UOP03-DEL02-RJ,2020,2020-07-08,14,2020.0,7.0,Quarta,1.0
299977.0,2020-08-07,2.0,15:30:00,RJ,101,325,NITEROI,FALTA DE ATENÇÃO À CONDUÇÃO,COLISÃO TRASEIRA,SEM VÍTIMAS,PLENO DIA,Decrescente,CÉU CLARO,MÚLTIPLA,Reta,Sim,2,0,0,0,2,0,0,2,-22.87111872,-43.157297,SPRF-RJ,DEL02-RJ,UOP02-DEL02-RJ,2020,2020-07-08,15,2020.0,7.0,Quarta,0.0
300081.0,2020-08-07,2.0,21:36:00,RJ,101,272,RIO BONITO,DESOBEDIÊNCIA ÀS NORMAS DE TRÂNSITO PELO CONDUTOR,COLISÃO LATERAL,COM VÍTIMAS FERIDAS,PLENA NOITE,Decrescente,CÉU CLARO,DUPLA,Curva,Não,2,0,1,0,1,0,1,2,-22.72935968,-42.70112512,SPRF-RJ,DEL02-RJ,UOP03-DEL02-RJ,2020,2020-07-08,21,2020.0,7.0,Quarta,1.0
300179.0,2020-08-08,5.0,13:00:00,RJ,101,295,ITABORAI,DESOBEDIÊNCIA ÀS NORMAS DE TRÂNSITO PELO CONDUTOR,COLISÃO LATERAL,COM VÍTIMAS FERIDAS,PLENO DIA,Decrescente,CÉU CLARO,DUPLA,Reta,Sim,2,0,1,0,1,0,1,2,-22.76365068,-42.90223623,SPRF-RJ,DEL02-RJ,UOP02-DEL02-RJ,2020,2020-08-08,13,2020.0,8.0,Sábado,1.0
300275.0,2020-08-08,5.0,20:10:00,RJ,101,302,SAO GONCALO,FALTA DE ATENÇÃO À CONDUÇÃO,COLISÃO TRASEIRA,SEM VÍTIMAS,PLENA NOITE,Decrescente,CÉU CLARO,DUPLA,Reta,Sim,5,0,0,0,5,0,0,2,-22.78069318,-42.96706396,SPRF-RJ,DEL02-RJ,UOP02-DEL02-RJ,2020,2020-08-08,20,2020.0,8.0,Sábado,0.0
300677.0,2020-07-25,,13:45:00,RJ,101,320,NITEROI,FALTA DE ATENÇÃO À CONDUÇÃO,COLISÃO LATERAL,COM VÍTIMAS FERIDAS,PLENO DIA,Crescente,SOL,DUPLA,Curva,Sim,3,0,1,0,1,1,1,3,-22.86171098,-43.10714015,SPRF-RJ,DEL02-RJ,UOP02-DEL02-RJ,2020,,13,,,,1.0
300747.0,2020-08-10,3.0,18:40:00,RJ,101,325,NITEROI,DEFEITO MECÂNICO NO VEÍCULO,TOMBAMENTO,COM VÍTIMAS FERIDAS,PLENA NOITE,Crescente,CÉU CLARO,DUPLA,Reta,Sim,1,0,1,0,0,0,1,1,-22.87684786,-43.11728689,SPRF-RJ,DEL02-RJ,UOP02-DEL02-RJ,2020,2020-10-08,18,2020.0,10.0,Quinta,1.0
300877.0,2020-08-11,6.0,18:40:00,RJ,101,262,RIO BONITO,FALTA DE ATENÇÃO À CONDUÇÃO,COLISÃO TRANSVERSAL,COM VÍTIMAS FERIDAS,ANOITECER,Decrescente,CÉU CLARO,DUPLA,Curva,Sim,3,0,1,0,2,0,1,2,-22.71367506,-42.62052996,SPRF-RJ,DEL02-RJ,UOP03-DEL02-RJ,2020,2020-11-08,18,2020.0,11.0,Domingo,1.0
300941.0,2020-08-09,1.0,04:20:00,RJ,101,327,NITEROI,INGESTÃO DE ÁLCOOL,COLISÃO TRASEIRA,COM VÍTIMAS FERIDAS,PLENA NOITE,Decrescente,CÉU CLARO,DUPLA,Reta,Não,2,0,1,0,1,0,1,2,-22.87117393,-43.15595099,SPRF-RJ,DEL02-RJ,UOP02-DEL02-RJ,2020,2020-09-08,4,2020.0,9.0,Terça,1.0
301010.0,2020-08-12,1.0,10:45:00,RJ,101,315,SAO GONCALO,AVARIAS E/OU DESGASTE EXCESSIVO NO PNEU,QUEDA DE OCUPANTE DE VEÍCULO,COM VÍTIMAS FERIDAS,PLENO DIA,Decrescente,SOL,DUPLA,Reta,Sim,2,0,2,0,0,0,2,1,-22.82262092,-43.08460805,SPRF-RJ,DEL02-RJ,UOP02-DEL02-RJ,2020,2020-12-08,10,2020.0,12.0,Terça,1.0
301052.0,2020-08-12,1.0,16:30:00,RJ,101,270,RIO BONITO,ANIMAIS NA PISTA,COLISÃO TRASEIRA,COM VÍTIMAS FERIDAS,PLENO DIA,Decrescente,CÉU CLARO,DUPLA,Reta,Sim,2,0,1,0,1,0,1,2,-22.71852325,-42.68689289,SPRF-RJ,DEL02-RJ,UOP03-DEL02-RJ,2020,2020-12-08,16,2020.0,12.0,Terça,1.0
301092.0,2020-08-12,1.0,18:30:00,RJ,101,296,ITABORAI,FALTA DE ATENÇÃO À CONDUÇÃO,SAÍDA DE LEITO CARROÇÁVEL,COM VÍTIMAS FERIDAS,PLENA NOITE,Decrescente,CÉU CLARO,DUPLA,Reta,Sim,1,0,1,0,0,0,1,1,-22.7670498,-42.91019601,SPRF-RJ,DEL02-RJ,UOP02-DEL02-RJ,2020,2020-12-08,18,2020.0,12.0,Terça,1.0
301284.0,2020-08-13,,10:30:00,RJ,101,327,NITEROI,MAL SÚBITO,COLISÃO COM OBJETO ESTÁTICO,COM VÍTIMAS FERIDAS,PLENO DIA,Decrescente,CÉU CLARO,MÚLTIPLA,Ponte,Não,1,0,0,1,0,0,1,1,-22.87117393,-43.15595099,SPRF-RJ,DEL02-RJ,UOP02-DEL02-RJ,2020,,10,,,,1.0
301544.0,2020-08-15,,01:35:00,RJ,101,319,SAO GONCALO,INGESTÃO DE ÁLCOOL,COLISÃO TRASEIRA,COM VÍTIMAS FERIDAS,PLENA NOITE,Crescente,CÉU CLARO,DUPLA,Reta,Sim,2,0,1,0,1,0,1,2,-22.85411774,-43.1018014,SPRF-RJ,DEL02-RJ,UOP02-DEL02-RJ,2020,,1,,,,1.0
301582.0,2020-08-15,,07:47:00,RJ,101,308,SAO GONCALO,DESOBEDIÊNCIA ÀS NORMAS DE TRÂNSITO PELO CONDUTOR,COLISÃO TRASEIRA,SEM VÍTIMAS,PLENO DIA,Decrescente,CÉU CLARO,DUPLA,Reta,Sim,3,0,0,0,3,0,0,2,-22.79309326,-43.02479595,SPRF-RJ,DEL02-RJ,UOP02-DEL02-RJ,2020,,7,,,,0.0
301672.0,2020-08-15,,08:30:00,RJ,101,290,ITABORAI,FALTA DE ATENÇÃO À CONDUÇÃO,SAÍDA DE LEITO CARROÇÁVEL,COM VÍTIMAS FERIDAS,PLENO DIA,Decrescente,CÉU CLARO,DUPLA,Curva,Não,1,0,1,0,0,0,1,1,-22.76708384,-42.86081305,SPRF-RJ,DEL02-RJ,UOP03-DEL02-RJ,2020,,8,,,,1.0
301991.0,2020-08-17,,04:50:00,RJ,101,293,ITABORAI,NÃO GUARDAR DISTÂNCIA DE SEGURANÇA,SAÍDA DE LEITO CARROÇÁVEL,COM VÍTIMAS FERIDAS,PLENA NOITE,Decrescente,CÉU CLARO,DUPLA,Reta;Aclive,Sim,3,0,1,0,2,0,1,1,-22.756203,-42.88724,SPRF-RJ,DEL02-RJ,UOP02-DEL02-RJ,2020,,4,,,,1.0
302019.0,2020-08-17,,06:50:00,RJ,101,322,NITEROI,AVARIAS E/OU DESGASTE EXCESSIVO NO PNEU,COLISÃO TRASEIRA,COM VÍTIMAS FERIDAS,PLENO DIA,Crescente,CÉU CLARO,DUPLA,Reta,Sim,2,0,0,1,1,0,1,2,-22.878923,-43.110676,SPRF-RJ,DEL02-RJ,UOP02-DEL02-RJ,2020,,6,,,,1.0
302120.0,2020-08-17,,19:30:00,RJ,101,318,SAO GONCALO,FALTA DE ATENÇÃO À CONDUÇÃO,SAÍDA DE LEITO CARROÇÁVEL,COM VÍTIMAS FERIDAS,PLENA NOITE,Crescente,CÉU CLARO,DUPLA,Viaduto,Sim,1,0,1,0,0,0,1,1,-22.84562994,-43.09841211,SPRF-RJ,DEL02-RJ,UOP02-DEL02-RJ,2020,,19,,,,1.0
302229.0,2020-08-18,,15:10:00,RJ,101,283,ITABORAI,FALTA DE ATENÇÃO À CONDUÇÃO,COLISÃO FRONTAL,COM VÍTIMAS FERIDAS,PLENO DIA,Decrescente,CÉU CLARO,DUPLA,Curva,Sim,3,0,0,1,2,0,1,2,-22.73591014,-42.80592689,SPRF-RJ,DEL02-RJ,UOP03-DEL02-RJ,2020,,15,,,,1.0
302292.0,2020-08-18,,21:35:00,RJ,101,305,SAO GONCALO,OBJETO ESTÁTICO SOBRE O LEITO CARROÇÁVEL,COLISÃO COM OBJETO ESTÁTICO,COM VÍTIMAS FERIDAS,PLENA NOITE,Crescente,NUBLADO,DUPLA,Em Obras,Sim,4,0,3,0,1,0,3,1,-22.78702832,-42.99589293,SPRF-RJ,DEL02-RJ,UOP02-DEL02-RJ,2020,,21,,,,1.0
302294.0,2020-08-18,,22:20:00,RJ,101,"262,2",RIO BONITO,VELOCIDADE INCOMPATÍVEL,QUEDA DE OCUPANTE DE VEÍCULO,COM VÍTIMAS FERIDAS,PLENA NOITE,Decrescente,CÉU CLARO,DUPLA,Curva,Não,4,0,0,2,0,2,2,2,-22.71367506,-42.62052996,SPRF-RJ,DEL02-RJ,UOP03-DEL02-RJ,2020,,22,,,,1.0
302420.0,2020-08-19,,19:30:00,RJ,101,"319,5",NITEROI,DESOBEDIÊNCIA ÀS NORMAS DE TRÂNSITO PELO CONDUTOR,COLISÃO LATERAL,COM VÍTIMAS FERIDAS,PLENA NOITE,Decrescente,CÉU CLARO,DUPLA,Reta,Sim,3,0,0,1,1,1,1,2,-22.8541177395,-43.1018014031,SPRF-RJ,DEL02-RJ,UOP02-DEL02-RJ,2020,,19,,,,1.0
302711.0,2020-08-21,,11:50:00,RJ,493,"6,6",ITABORAI,FALTA DE ATENÇÃO À CONDUÇÃO,COLISÃO TRANSVERSAL,COM VÍTIMAS FERIDAS,PLENO DIA,Crescente,CHUVA,DUPLA,Reta,Sim,4,0,2,0,1,1,2,3,-22.73124198,-42.95145305,SPRF-RJ,DEL02-RJ,UOP02-DEL02-RJ,2020,,11,,,,1.0
302864.0,2020-08-22,,04:50:00,RJ,101,325,NITEROI,PISTA ESCORREGADIA,COLISÃO COM OBJETO ESTÁTICO,COM VÍTIMAS FERIDAS,PLENA NOITE,Decrescente,CHUVA,DUPLA,Reta,Não,1,0,1,0,0,0,1,1,-22.87292569,-43.13625699,SPRF-RJ,DEL02-RJ,UOP02-DEL02-RJ,2020,,4,,,,1.0
302886.0,2020-08-10,3.0,05:30:00,RJ,101,297,ITABORAI,FALTA DE ATENÇÃO DO PEDESTRE,ATROPELAMENTO DE PEDESTRE,COM VÍTIMAS FERIDAS,AMANHECER,Crescente,CÉU CLARO,DUPLA,Aclive,Sim,3,0,0,1,1,1,1,2,-22.76942037,-42.91873581,SPRF-RJ,DEL02-RJ,UOP02-DEL02-RJ,2020,2020-10-08,5,2020.0,10.0,Quinta,1.0
302979.0,2020-08-22,,14:20:00,RJ,101,320,NITEROI,FALTA DE ATENÇÃO À CONDUÇÃO,COLISÃO COM OBJETO ESTÁTICO,COM VÍTIMAS FERIDAS,PLENO DIA,Decrescente,CHUVA,DUPLA,Reta,Não,1,0,0,1,0,0,1,1,-22.86171098,-43.10714015,SPRF-RJ,DEL02-RJ,UOP02-DEL02-RJ,2020,,14,,,,1.0
303038.0,2020-08-22,,18:40:00,RJ,101,312,SAO GONCALO,FALTA DE ATENÇÃO À CONDUÇÃO,COLISÃO LATERAL,COM VÍTIMAS FERIDAS,PLENA NOITE,Crescente,CHUVA,DUPLA,Reta,Sim,4,0,3,0,1,0,3,3,-22.80546555,-43.06156967,SPRF-RJ,DEL02-RJ,UOP02-DEL02-RJ,2020,,18,,,,1.0
303057.0,2020-08-22,,22:40:00,RJ,101,282,ITABORAI,VELOCIDADE INCOMPATÍVEL,COLISÃO COM OBJETO ESTÁTICO,COM VÍTIMAS FERIDAS,PLENA NOITE,Crescente,CHUVA,DUPLA,Viaduto,Sim,4,0,2,0,2,0,2,1,-22.73533031,-42.80424714,SPRF-RJ,DEL02-RJ,UOP03-DEL02-RJ,2020,,22,,,,1.0
303093.0,2020-08-23,,02:20:00,RJ,101,"287,8",ITABORAI,ANIMAIS NA PISTA,ATROPELAMENTO DE ANIMAL,COM VÍTIMAS FERIDAS,PLENA NOITE,Crescente,NUBLADO,DUPLA,Reta,Não,1,0,0,1,0,0,1,1,-22.75517486,-42.83462502,SPRF-RJ,DEL02-RJ,UOP03-DEL02-RJ,2020,,2,,,,1.0
303108.0,2020-08-23,,04:05:00,RJ,101,311,SAO GONCALO,FALTA DE ATENÇÃO À CONDUÇÃO,ATROPELAMENTO DE PEDESTRE,COM VÍTIMAS FERIDAS,PLENA NOITE,Decrescente,CÉU CLARO,DUPLA,Reta,Sim,2,0,1,0,1,0,1,2,-22.80062246,-43.05318779,SPRF-RJ,DEL02-RJ,UOP02-DEL02-RJ,2020,,4,,,,1.0
303124.0,2020-08-23,,08:50:00,RJ,101,295,ITABORAI,PISTA ESCORREGADIA,CAPOTAMENTO,SEM VÍTIMAS,PLENO DIA,Crescente,NUBLADO,DUPLA,Reta,Sim,1,0,0,0,1,0,0,1,-22.76365068,-42.90223623,SPRF-RJ,DEL02-RJ,UOP02-DEL02-RJ,2020,,8,,,,0.0
303141.0,2020-08-23,,12:40:00,RJ,101,306,SAO GONCALO,FALTA DE ATENÇÃO À CONDUÇÃO,COLISÃO LATERAL,COM VÍTIMAS FERIDAS,PLENO DIA,Crescente,NUBLADO,DUPLA,Reta,Sim,2,0,1,0,1,0,1,2,-22.78913759,-43.00550909,SPRF-RJ,DEL02-RJ,UOP02-DEL02-RJ,2020,,12,,,,1.0
303317.0,2020-08-24,,07:30:00,RJ,101,312,SAO GONCALO,AVARIAS E/OU DESGASTE EXCESSIVO NO PNEU,COLISÃO TRASEIRA,COM VÍTIMAS FERIDAS,PLENO DIA,Crescente,NUBLADO,DUPLA,Reta,Não,5,0,1,0,4,0,1,4,-22.80546555,-43.06156967,SPRF-RJ,DEL02-RJ,UOP02-DEL02-RJ,2020,,7,,,,1.0
303348.0,2020-08-24,,09:40:00,RJ,101,327,NITEROI,DESOBEDIÊNCIA ÀS NORMAS DE TRÂNSITO PELO CONDUTOR,COLISÃO LATERAL,COM VÍTIMAS FERIDAS,PLENO DIA,Crescente,NUBLADO,DUPLA,Reta,Não,2,0,1,0,1,0,1,2,-22.87117393,-43.15595099,SPRF-RJ,DEL02-RJ,UOP02-DEL02-RJ,2020,,9,,,,1.0
303448.0,2020-08-24,,18:30:00,RJ,101,306,SAO GONCALO,FALTA DE ATENÇÃO À CONDUÇÃO,ENGAVETAMENTO,COM VÍTIMAS FERIDAS,PLENA NOITE,Decrescente,CÉU CLARO,DUPLA,Reta,Sim,5,0,3,0,2,0,3,3,-22.78913759,-43.00550909,SPRF-RJ,DEL02-RJ,UOP02-DEL02-RJ,2020,,18,,,,1.0
303748.0,2020-08-26,,14:20:00,RJ,101,299,SAO GONCALO,FALTA DE ATENÇÃO À CONDUÇÃO,TOMBAMENTO,COM VÍTIMAS FERIDAS,PLENO DIA,Crescente,CÉU CLARO,DUPLA,Reta,Não,1,0,1,0,0,0,1,1,-22.77432673,-42.93823207,SPRF-RJ,DEL02-RJ,UOP02-DEL02-RJ,2020,,14,,,,1.0
303799.0,2020-08-26,,17:00:00,RJ,101,323,NITEROI,NÃO GUARDAR DISTÂNCIA DE SEGURANÇA,COLISÃO TRASEIRA,COM VÍTIMAS FERIDAS,ANOITECER,Crescente,CÉU CLARO,DUPLA,Reta,Sim,4,0,1,0,3,0,1,2,-22.87684786,-43.11728689,SPRF-RJ,DEL02-RJ,UOP02-DEL02-RJ,2020,,17,,,,1.0
303902.0,2020-08-27,,07:35:00,RJ,101,315,NITEROI,FALTA DE ATENÇÃO À CONDUÇÃO,ENGAVETAMENTO,COM VÍTIMAS FERIDAS,PLENO DIA,Crescente,CÉU CLARO,DUPLA,Reta,Sim,5,0,2,0,3,0,2,3,-22.82262092,-43.08460805,SPRF-RJ,DEL02-RJ,UOP02-DEL02-RJ,2020,,7,,,,1.0
303983.0,2020-08-27,,09:50:00,RJ,101,295,ITABORAI,DESOBEDIÊNCIA ÀS NORMAS DE TRÂNSITO PELO CONDUTOR,CAPOTAMENTO,SEM VÍTIMAS,PLENA NOITE,Decrescente,CÉU CLARO,DUPLA,Curva,Sim,4,0,0,0,3,1,0,4,-22.76365068,-42.90223623,SPRF-RJ,DEL02-RJ,UOP02-DEL02-RJ,2020,,9,,,,0.0
304049.0,2020-08-28,,08:30:00,RJ,101,313,SAO GONCALO,DESOBEDIÊNCIA ÀS NORMAS DE TRÂNSITO PELO CONDUTOR,COLISÃO TRASEIRA,COM VÍTIMAS FERIDAS,PLENO DIA,Crescente,CÉU CLARO,DUPLA,Reta,Sim,2,0,1,0,1,0,1,2,-22.81049093,-43.06983304,SPRF-RJ,DEL02-RJ,UOP02-DEL02-RJ,2020,,8,,,,1.0
304083.0,2020-08-28,,11:15:00,RJ,101,319,NITEROI,ULTRAPASSAGEM INDEVIDA,QUEDA DE OCUPANTE DE VEÍCULO,COM VÍTIMAS FERIDAS,PLENO DIA,Crescente,CÉU CLARO,DUPLA,Reta,Sim,1,0,1,0,0,0,1,1,-22.85411774,-43.1018014,SPRF-RJ,DEL02-RJ,UOP02-DEL02-RJ,2020,,11,,,,1.0
304247.0,2020-08-29,,05:15:00,RJ,101,303,SAO GONCALO,FALTA DE ATENÇÃO À CONDUÇÃO,COLISÃO TRASEIRA,SEM VÍTIMAS,AMANHECER,Decrescente,CÉU CLARO,DUPLA,Reta,Não,3,0,0,0,3,0,0,2,-22.7828205,-42.9766681,SPRF-RJ,DEL02-RJ,UOP02-DEL02-RJ,2020,,5,,,,0.0
304261.0,2020-08-29,,06:20:00,RJ,101,325,NITEROI,OBJETO ESTÁTICO SOBRE O LEITO CARROÇÁVEL,TOMBAMENTO,COM VÍTIMAS FERIDAS,AMANHECER,Crescente,SOL,MÚLTIPLA,Reta,Não,1,0,1,0,0,0,1,1,-22.87292569,-43.13625699,SPRF-RJ,DEL02-RJ,UOP02-DEL02-RJ,2020,,6,,,,1.0
304337.0,2020-08-29,,11:40:00,RJ,101,294,ITABORAI,ANIMAIS NA PISTA,COLISÃO TRASEIRA,COM VÍTIMAS FERIDAS,PLENO DIA,Crescente,CÉU CLARO,DUPLA,Reta,Sim,3,0,2,0,1,0,2,2,-22.7584434,-42.89502344,SPRF-RJ,DEL02-RJ,UOP02-DEL02-RJ,2020,,11,,,,1.0
304542.0,2020-08-30,,09:05:00,RJ,101,266,RIO BONITO,VELOCIDADE INCOMPATÍVEL,COLISÃO COM OBJETO ESTÁTICO,SEM VÍTIMAS,PLENO DIA,Decrescente,SOL,DUPLA,Curva,Não,2,0,0,0,2,0,0,1,-22.70861445,-42.65178735,SPRF-RJ,DEL02-RJ,UOP03-DEL02-RJ,2020,,9,,,,0.0
304721.0,2020-08-30,,10:30:00,RJ,101,285,ITABORAI,ANIMAIS NA PISTA,ATROPELAMENTO DE ANIMAL,SEM VÍTIMAS,PLENA NOITE,Decrescente,CÉU CLARO,DUPLA,Reta,Não,1,0,0,0,1,0,0,1,-22.7498742,-42.81644087,SPRF-RJ,DEL02-RJ,UOP03-DEL02-RJ,2020,,10,,,,0.0
304729.0,2020-08-30,,22:20:00,RJ,101,295,ITABORAI,FALTA DE ATENÇÃO À CONDUÇÃO,COLISÃO TRASEIRA,COM VÍTIMAS FERIDAS,PLENA NOITE,Crescente,CÉU CLARO,DUPLA,Reta,Não,4,0,1,1,2,0,2,2,-22.76365068,-42.90223623,SPRF-RJ,DEL02-RJ,UOP02-DEL02-RJ,2020,,22,,,,1.0
304745.0,2020-08-31,,03:15:00,RJ,101,307,SAO GONCALO,CONDUTOR DORMINDO,COLISÃO COM OBJETO ESTÁTICO,COM VÍTIMAS FATAIS,PLENA NOITE,Decrescente,CÉU CLARO,DUPLA,Reta,Sim,3,1,0,2,0,0,2,1,-22.79115777,-43.01514205,SPRF-RJ,DEL02-RJ,UOP02-DEL02-RJ,2020,,3,,,,2.0
304821.0,2020-08-31,,05:30:00,RJ,101,293,ITABORAI,FALTA DE ATENÇÃO À CONDUÇÃO,TOMBAMENTO,COM VÍTIMAS FERIDAS,PLENO DIA,Decrescente,NUBLADO,DUPLA,Reta,Sim,1,0,0,1,0,0,1,1,-22.756203,-42.88724,SPRF-RJ,DEL02-RJ,UOP02-DEL02-RJ,2020,,5,,,,1.0
304943.0,2020-09-01,3.0,06:50:00,RJ,101,318,SAO GONCALO,DESOBEDIÊNCIA ÀS NORMAS DE TRÂNSITO PELO CONDUTOR,TOMBAMENTO,COM VÍTIMAS FERIDAS,PLENO DIA,Crescente,CÉU CLARO,DUPLA,Reta,Não,1,0,1,0,0,0,1,1,-22.84562994,-43.09841211,SPRF-RJ,DEL02-RJ,UOP02-DEL02-RJ,2020,2020-01-09,6,2020.0,1.0,Quinta,1.0
305019.0,2020-09-01,3.0,12:50:00,RJ,101,322,NITEROI,DESOBEDIÊNCIA ÀS NORMAS DE TRÂNSITO PELO CONDUTOR,COLISÃO LATERAL,SEM VÍTIMAS,PLENO DIA,Crescente,CÉU CLARO,SIMPLES,Aclive,Não,2,0,0,0,2,0,0,2,-22.878923,-43.110676,SPRF-RJ,DEL02-RJ,UOP02-DEL02-RJ,2020,2020-01-09,12,2020.0,1.0,Quinta,0.0
305173.0,2020-09-02,6.0,11:20:00,RJ,101,262,RIO BONITO,FALTA DE ATENÇÃO À CONDUÇÃO,COLISÃO LATERAL,COM VÍTIMAS FERIDAS,PLENO DIA,Crescente,CÉU CLARO,DUPLA,Reta,Sim,2,0,1,0,1,0,1,2,-22.71367506,-42.62052996,SPRF-RJ,DEL02-RJ,UOP03-DEL02-RJ,2020,2020-02-09,11,2020.0,2.0,Domingo,1.0
305183.0,2020-09-02,6.0,11:15:00,RJ,101,298,ITABORAI,DESOBEDIÊNCIA ÀS NORMAS DE TRÂNSITO PELO CONDUTOR,ATROPELAMENTO DE PEDESTRE,COM VÍTIMAS FERIDAS,PLENO DIA,Decrescente,CÉU CLARO,DUPLA,Reta,Sim,2,0,1,0,0,1,1,2,-22.7714,-42.92896,SPRF-RJ,DEL02-RJ,UOP02-DEL02-RJ,2020,2020-02-09,11,2020.0,2.0,Domingo,1.0