id,data_inversa,dia_semana,horario,uf,br,km,municipio,causa_acidente,tipo_acidente,classificacao_acidente,fase_dia,sentido_via,condicao_metereologica,tipo_pista,tracado_via,uso_solo,pessoas,mortos,feridos_leves,feridos_graves,ilesos,ignorados,feridos,veiculos,latitude,longitude,regional,delegacia,uop,ano_arquivo,data,hora,ano,mes,dia_semana_nome,gravidade
305263.0,2020-09-02,6.0,14:30:00,RJ,101,312,SAO GONCALO,NÃO GUARDAR DISTÂNCIA DE SEGURANÇA,COLISÃO LATERAL,COM VÍTIMAS FERIDAS,PLENO DIA,Decrescente,CÉU CLARO,DUPLA,Reta,Sim,2,0,1,0,1,0,1,2,-22.80546555,-43.06156967,SPRF-RJ,DEL02-RJ,UOP02-DEL02-RJ,2020,2020-02-09,14,2020.0,2.0,Domingo,1.0
305283.0,2020-09-02,6.0,23:15:00,RJ,101,305,SAO GONCALO,FALTA DE ATENÇÃO À CONDUÇÃO,COLISÃO COM OBJETO ESTÁTICO,COM VÍTIMAS FERIDAS,PLENA NOITE,Decrescente,CÉU CLARO,DUPLA,Reta,Sim,1,0,0,1,0,0,1,1,-22.78702832,-42.99589293,SPRF-RJ,DEL02-RJ,UOP02-DEL02-RJ,2020,2020-02-09,23,2020.0,2.0,Domingo,1.0
305518.0,2020-09-04,3.0,07:00:00,RJ,101,307,SAO GONCALO,FALTA DE ATENÇÃO À CONDUÇÃO,COLISÃO TRASEIRA,COM VÍTIMAS FERIDAS,PLENO DIA,Decrescente,CÉU CLARO,DUPLA,Reta,Sim,2,0,1,0,1,0,1,2,-22.79115777,-43.01514205,SPRF-RJ,DEL02-RJ,UOP02-DEL02-RJ,2020,2020-04-09,7,2020.0,4.0,Quinta,1.0
305526.0,2020-09-04,3.0,05:45:00,RJ,101,310,SAO GONCALO,DEFEITO MECÂNICO NO VEÍCULO,TOMBAMENTO,COM VÍTIMAS FERIDAS,AMANHECER,Crescente,CÉU CLARO,SIMPLES,Reta,Sim,1,0,1,0,0,0,1,1,-22.79717023,-43.04404993,SPRF-RJ,DEL02-RJ,UOP02-DEL02-RJ,2020,2020-04-09,5,2020.0,4.0,Quinta,1.0
305650.0,2020-09-04,3.0,17:45:00,RJ,101,299,ITABORAI,FALTA DE ATENÇÃO DO PEDESTRE,ATROPELAMENTO DE PEDESTRE,COM VÍTIMAS FERIDAS,ANOITECER,Decrescente,CÉU CLARO,DUPLA,Reta,Sim,3,0,2,0,1,0,2,3,-22.77432673,-42.93823207,SPRF-RJ,DEL02-RJ,UOP02-DEL02-RJ,2020,2020-04-09,17,2020.0,4.0,Quinta,1.0
305796.0,2020-09-05,5.0,05:00:00,RJ,101,272,RIO BONITO,DEFEITO MECÂNICO NO VEÍCULO,INCÊNDIO,SEM VÍTIMAS,AMANHECER,Crescente,CÉU CLARO,DUPLA,Reta,Não,1,0,0,0,1,0,0,1,-22.72935968,-42.70112512,SPRF-RJ,DEL02-RJ,UOP03-DEL02-RJ,2020,2020-05-09,5,2020.0,5.0,Sábado,0.0
305838.0,2020-09-05,5.0,08:35:00,RJ,101,319,SAO GONCALO,DESOBEDIÊNCIA ÀS NORMAS DE TRÂNSITO PELO CONDUTOR,COLISÃO LATERAL,COM VÍTIMAS FERIDAS,PLENO DIA,Crescente,CÉU CLARO,DUPLA,Reta,Sim,2,0,1,0,1,0,1,2,-22.85411774,-43.1018014,SPRF-RJ,DEL02-RJ,UOP02-DEL02-RJ,2020,2020-05-09,8,2020.0,5.0,Sábado,1.0
305845.0,2020-09-01,3.0,23:30:00,RJ,101,319,NITEROI,FALTA DE ATENÇÃO À CONDUÇÃO,COLISÃO LATERAL,COM VÍTIMAS FERIDAS,PLENA NOITE,Decrescente,CÉU CLARO,DUPLA,Reta,Sim,3,0,2,0,1,0,2,2,-22.85411774,-43.1018014,SPRF-RJ,DEL02-RJ,UOP02-DEL02-RJ,2020,2020-01-09,23,2020.0,1.0,Quinta,1.0
306069.0,2020-09-06,1.0,02:40:00,RJ,101,310,SAO GONCALO,AGRESSÃO EXTERNA,COLISÃO TRASEIRA,SEM VÍTIMAS,PLENA NOITE,Crescente,CÉU CLARO,DUPLA,Reta,Sim,2,0,0,0,1,1,0,2,-22.79717023,-43.04404993,SPRF-RJ,DEL02-RJ,UOP02-DEL02-RJ,2020,2020-06-09,2,2020.0,6.0,Terça,0.0
306118.0,2020-09-02,6.0,14:45:00,RJ,101,329,NITEROI,FALTA DE ATENÇÃO À CONDUÇÃO,COLISÃO TRASEIRA,COM VÍTIMAS FERIDAS,PLENO DIA,Crescente,SOL,MÚLTIPLA,Reta,Não,3,0,1,0,2,0,1,2,-22.86939305,-43.175642,SPRF-RJ,DEL02-RJ,UOP02-DEL02-RJ,2020,2020-02-09,14,2020.0,2.0,Domingo,1.0
306189.0,2020-09-06,1.0,16:00:00,RJ,101,286,ITABORAI,FALTA DE ATENÇÃO À CONDUÇÃO,COLISÃO TRANSVERSAL,SEM VÍTIMAS,PLENO DIA,Crescente,CÉU CLARO,DUPLA,Reta,Sim,2,0,0,0,2,0,0,2,-22.75409331,-42.82491696,SPRF-RJ,DEL02-RJ,UOP03-DEL02-RJ,2020,2020-06-09,16,2020.0,6.0,Terça,0.0
306203.0,2020-09-06,1.0,16:25:00,RJ,101,321,NITEROI,FALTA DE ATENÇÃO À CONDUÇÃO,COLISÃO COM OBJETO ESTÁTICO,COM VÍTIMAS FERIDAS,PLENO DIA,Decrescente,CÉU CLARO,DUPLA,Curva,Não,1,0,1,0,0,0,1,1,-22.86981096,-43.11046465,SPRF-RJ,DEL02-RJ,UOP02-DEL02-RJ,2020,2020-06-09,16,2020.0,6.0,Terça,1.0
306376.0,2020-09-07,3.0,11:50:00,RJ,101,294,ITABORAI,FALTA DE ATENÇÃO À CONDUÇÃO,COLISÃO LATERAL,SEM VÍTIMAS,PLENO DIA,Crescente,CÉU CLARO,SIMPLES,Reta,Sim,3,0,0,0,2,1,0,2,-22.7584434,-42.89502344,SPRF-RJ,DEL02-RJ,UOP02-DEL02-RJ,2020,2020-07-09,11,2020.0,7.0,Quinta,0.0
306523.0,2020-09-07,3.0,18:40:00,RJ,101,271,RIO BONITO,FALTA DE ATENÇÃO DO PEDESTRE,ATROPELAMENTO DE PEDESTRE,COM VÍTIMAS FERIDAS,PLENA NOITE,Crescente,CÉU CLARO,DUPLA,Curva,Sim,4,0,0,1,2,1,1,3,-22.72443147,-42.69368143,SPRF-RJ,DEL02-RJ,UOP03-DEL02-RJ,2020,2020-07-09,18,2020.0,7.0,Quinta,1.0
306619.0,2020-09-08,6.0,09:45:00,RJ,101,282,ITABORAI,DESOBEDIÊNCIA ÀS NORMAS DE TRÂNSITO PELO CONDUTOR,TOMBAMENTO,COM VÍTIMAS FERIDAS,PLENO DIA,Crescente,CÉU CLARO,DUPLA,Viaduto,Não,2,0,0,1,0,1,1,2,-22.7371391,-42.79664601,SPRF-RJ,DEL02-RJ,UOP03-DEL02-RJ,2020,2020-08-09,9,2020.0,8.0,Domingo,1.0
306857.0,2020-09-09,2.0,17:48:00,RJ,101,324,NITEROI,FALTA DE ATENÇÃO À CONDUÇÃO,COLISÃO LATERAL,COM VÍTIMAS FERIDAS,ANOITECER,Decrescente,NUBLADO,DUPLA,Reta,Não,3,0,2,0,1,0,2,2,-22.87381074,-43.12640997,SPRF-RJ,DEL02-RJ,UOP02-DEL02-RJ,2020,2020-09-09,17,2020.0,9.0,Quarta,1.0
306940.0,2020-09-10,4.0,04:45:00,RJ,101,313,SAO GONCALO,FALTA DE ATENÇÃO À CONDUÇÃO,SAÍDA DE LEITO CARROÇÁVEL,COM VÍTIMAS FERIDAS,PLENA NOITE,Crescente,CÉU CLARO,SIMPLES,Curva,Sim,1,0,1,0,0,0,1,1,-22.81317349,-43.07309031,SPRF-RJ,DEL02-RJ,UOP02-DEL02-RJ,2020,2020-10-09,4,2020.0,10.0,Sexta,1.0
307184.0,2020-09-11,0.0,11:30:00,RJ,101,324,NITEROI,FALTA DE ATENÇÃO À CONDUÇÃO,COLISÃO TRASEIRA,COM VÍTIMAS FERIDAS,PLENO DIA,Decrescente,CÉU CLARO,DUPLA,Reta,Não,2,0,1,0,1,0,1,2,-22.87381074,-43.12640997,SPRF-RJ,DEL02-RJ,UOP02-DEL02-RJ,2020,2020-11-09,11,2020.0,11.0,Segunda,1.0
307296.0,2020-09-11,0.0,18:50:00,RJ,101,323,NITEROI,NÃO GUARDAR DISTÂNCIA DE SEGURANÇA,COLISÃO LATERAL,COM VÍTIMAS FERIDAS,PLENA NOITE,Crescente,CÉU CLARO,MÚLTIPLA,Reta,Sim,2,0,2,0,0,0,2,2,-22.87684786,-43.11728689,SPRF-RJ,DEL02-RJ,UOP02-DEL02-RJ,2020,2020-11-09,18,2020.0,11.0,Segunda,1.0
307397.0,2020-09-12,2.0,06:30:00,RJ,101,306,SAO GONCALO,FALTA DE ATENÇÃO À CONDUÇÃO,COLISÃO LATERAL,COM VÍTIMAS FERIDAS,PLENO DIA,Crescente,CÉU CLARO,DUPLA,Reta,Sim,2,0,1,0,1,0,1,2,-22.78913759,-43.00550909,SPRF-RJ,DEL02-RJ,UOP02-DEL02-RJ,2020,2020-12-09,6,2020.0,12.0,Quarta,1.0
307452.0,2020-09-12,2.0,13:25:00,RJ,101,295,ITABORAI,NÃO GUARDAR DISTÂNCIA DE SEGURANÇA,TOMBAMENTO,COM VÍTIMAS FERIDAS,PLENO DIA,Decrescente,SOL,DUPLA,Reta,Sim,2,0,1,0,1,0,1,1,-22.76682312,-42.90710449,SPRF-RJ,DEL02-RJ,UOP02-DEL02-RJ,2020,2020-12-09,13,2020.0,12.0,Quarta,1.0
307462.0,2020-09-12,2.0,13:50:00,RJ,101,313,SAO GONCALO,FALTA DE ATENÇÃO À CONDUÇÃO,CAPOTAMENTO,COM VÍTIMAS FERIDAS,PLENO DIA,Decrescente,CÉU CLARO,DUPLA,Reta,Sim,1,0,1,0,0,0,1,1,-22.81049093,-43.06983304,SPRF-RJ,DEL02-RJ,UOP02-DEL02-RJ,2020,2020-12-09,13,2020.0,12.0,Quarta,1.0
307564.0,2020-09-12,2.0,21:58:00,RJ,101,320,NITEROI,FALTA DE ATENÇÃO À CONDUÇÃO,COLISÃO COM OBJETO ESTÁTICO,COM VÍTIMAS FERIDAS,PLENA NOITE,Decrescente,CÉU CLARO,DUPLA,Curva,Sim,2,0,1,0,0,1,1,2,-22.86779247,-43.11039448,SPRF-RJ,DEL02-RJ,UOP02-DEL02-RJ,2020,2020-12-09,21,2020.0,12.0,Quarta,1.0
307765.0,2020-09-13,,05:15:00,RJ,101,"293,4",ITABORAI,INGESTÃO DE ÁLCOOL,COLISÃO TRASEIRA,COM VÍTIMAS FATAIS,AMANHECER,Decrescente,CÉU CLARO,DUPLA,Aclive,Sim,2,1,1,0,0,0,1,1,-22.756203,-42.88724,SPRF-RJ,DEL02-RJ,UOP02-DEL02-RJ,2020,,5,,,,2.0
307818.0,2020-09-13,,22:30:00,RJ,101,256,RIO BONITO,SINALIZAÇÃO DA VIA INSUFICIENTE OU INADEQUADA,SAÍDA DE LEITO CARROÇÁVEL,COM VÍTIMAS FERIDAS,PLENA NOITE,Crescente,CÉU CLARO,DUPLA,Em Obras,Não,2,0,0,1,1,0,1,1,-22.69621133,-42.56854493,SPRF-RJ,DEL02-RJ,UOP03-DEL02-RJ,2020,,22,,,,1.0
308061.0,2020-09-15,,10:45:00,RJ,101,305,SAO GONCALO,NÃO GUARDAR DISTÂNCIA DE SEGURANÇA,ENGAVETAMENTO,SEM VÍTIMAS,PLENO DIA,Decrescente,NUBLADO,DUPLA,Reta,Sim,6,0,0,0,6,0,0,6,-22.78702832,-42.99589293,SPRF-RJ,DEL02-RJ,UOP02-DEL02-RJ,2020,,10,,,,0.0
308081.0,2020-09-15,,13:30:00,RJ,101,297,ITABORAI,NÃO GUARDAR DISTÂNCIA DE SEGURANÇA,COLISÃO LATERAL,SEM VÍTIMAS,PLENO DIA,Crescente,NUBLADO,MÚLTIPLA,Reta,Sim,4,0,0,0,4,0,0,4,-22.76942037,-42.91873581,SPRF-RJ,DEL02-RJ,UOP02-DEL02-RJ,2020,,13,,,,0.0
308120.0,2020-09-15,,17:45:00,RJ,101,282,ITABORAI,NÃO GUARDAR DISTÂNCIA DE SEGURANÇA,COLISÃO TRASEIRA,COM VÍTIMAS FERIDAS,ANOITECER,Crescente,CÉU CLARO,DUPLA,Reta,Não,7,0,1,0,6,0,1,2,-22.7371391,-42.79664601,SPRF-RJ,DEL02-RJ,UOP03-DEL02-RJ,2020,,17,,,,1.0
308162.0,2020-09-15,,21:25:00,RJ,101,313,SAO GONCALO,FALTA DE ATENÇÃO À CONDUÇÃO,TOMBAMENTO,COM VÍTIMAS FERIDAS,PLENA NOITE,Crescente,CÉU CLARO,DUPLA,Reta,Sim,1,0,1,0,0,0,1,1,-22.81049093,-43.06983304,SPRF-RJ,DEL02-RJ,UOP02-DEL02-RJ,2020,,21,,,,1.0
308330.0,2020-09-16,,19:00:00,RJ,101,256,RIO BONITO,FALTA DE ATENÇÃO À CONDUÇÃO,TOMBAMENTO,COM VÍTIMAS FERIDAS,PLENA NOITE,Decrescente,CÉU CLARO,DUPLA,Reta,Não,2,0,1,0,1,0,1,1,-22.69621133,-42.56854493,SPRF-RJ,DEL02-RJ,UOP03-DEL02-RJ,2020,,19,,,,1.0
308825.0,2020-09-19,,07:40:00,RJ,101,282,ITABORAI,FALTA DE ATENÇÃO À CONDUÇÃO,COLISÃO TRASEIRA,COM VÍTIMAS FERIDAS,PLENO DIA,Decrescente,CÉU CLARO,DUPLA,Curva,Sim,3,0,2,0,1,0,2,2,-22.7371391,-42.79664601,SPRF-RJ,DEL02-RJ,UOP03-DEL02-RJ,2020,,7,,,,1.0
309010.0,2020-09-20,,01:00:00,RJ,101,308,SAO GONCALO,FALTA DE ATENÇÃO À CONDUÇÃO,COLISÃO LATERAL,COM VÍTIMAS FERIDAS,PLENA NOITE,Decrescente,CÉU CLARO,DUPLA,Reta,Sim,2,0,1,0,1,0,1,2,-22.79309326,-43.02479595,SPRF-RJ,DEL02-RJ,UOP02-DEL02-RJ,2020,,1,,,,1.0
309060.0,2020-09-20,,07:40:00,RJ,101,267,RIO BONITO,DESOBEDIÊNCIA ÀS NORMAS DE TRÂNSITO PELO CONDUTOR,COLISÃO LATERAL,SEM VÍTIMAS,PLENO DIA,Decrescente,NUBLADO,DUPLA,Reta,Não,2,0,0,0,1,1,0,2,-22.70728329,-42.66059086,SPRF-RJ,DEL02-RJ,UOP03-DEL02-RJ,2020,,7,,,,0.0
309184.0,2020-09-20,,19:25:00,RJ,101,267,RIO BONITO,FALTA DE ATENÇÃO À CONDUÇÃO,COLISÃO TRASEIRA,SEM VÍTIMAS,PLENA NOITE,Crescente,IGNORADO,DUPLA,Reta,Não,2,0,0,0,2,0,0,2,-22.70728329,-42.66059086,SPRF-RJ,DEL02-RJ,UOP03-DEL02-RJ,2020,,19,,,,0.0
309596.0,2020-09-22,,14:20:00,RJ,101,309,SAO GONCALO,FALTA DE ATENÇÃO À CONDUÇÃO,QUEDA DE OCUPANTE DE VEÍCULO,COM VÍTIMAS FERIDAS,PLENO DIA,Crescente,NUBLADO,DUPLA,Curva,Sim,1,0,0,1,0,0,1,1,-22.79498873,-43.03446105,SPRF-RJ,DEL02-RJ,UOP02-DEL02-RJ,2020,,14,,,,1.0
309705.0,2020-09-23,,07:40:00,RJ,101,310,SAO GONCALO,NÃO GUARDAR DISTÂNCIA DE SEGURANÇA,TOMBAMENTO,COM VÍTIMAS FERIDAS,PLENO DIA,Crescente,NUBLADO,DUPLA,Reta,Sim,2,0,2,0,0,0,2,1,-22.79717023,-43.04404993,SPRF-RJ,DEL02-RJ,UOP02-DEL02-RJ,2020,,7,,,,1.0
309779.0,2020-09-23,,15:50:00,RJ,101,314,SAO GONCALO,FALTA DE ATENÇÃO À CONDUÇÃO,COLISÃO TRASEIRA,COM VÍTIMAS FERIDAS,PLENO DIA,Crescente,CÉU CLARO,DUPLA,Reta,Sim,2,0,1,0,1,0,1,2,-22.81648739,-43.07728467,SPRF-RJ,DEL02-RJ,UOP02-DEL02-RJ,2020,,15,,,,1.0
309830.0,2020-09-23,,19:30:00,RJ,101,314,SAO GONCALO,FALTA DE ATENÇÃO À CONDUÇÃO,COLISÃO LATERAL,COM VÍTIMAS FERIDAS,PLENA NOITE,Decrescente,CÉU CLARO,DUPLA,Reta,Sim,3,0,2,0,1,0,2,2,-22.81648739,-43.07728467,SPRF-RJ,DEL02-RJ,UOP02-DEL02-RJ,2020,,19,,,,1.0
309864.0,2020-09-24,,04:40:00,RJ,101,290,ITABORAI,AGRESSÃO EXTERNA,COLISÃO COM OBJETO ESTÁTICO,SEM VÍTIMAS,PLENA NOITE,Crescente,CÉU CLARO,DUPLA,Reta,Não,2,0,0,0,1,1,0,2,-22.76708384,-42.86081305,SPRF-RJ,DEL02-RJ,UOP03-DEL02-RJ,2020,,4,,,,0.0
309993.0,2020-09-24,,16:30:00,RJ,101,327,NITEROI,FALTA DE ATENÇÃO À CONDUÇÃO,COLISÃO TRASEIRA,COM VÍTIMAS FERIDAS,ANOITECER,Crescente,CÉU CLARO,MÚLTIPLA,Reta,Não,2,0,1,0,1,0,1,2,-22.87117393,-43.15595099,SPRF-RJ,DEL02-RJ,UOP02-DEL02-RJ,2020,,16,,,,1.0
310202.0,2020-09-25,,19:03:00,RJ,101,293,ITABORAI,FALTA DE ATENÇÃO À CONDUÇÃO,COLISÃO TRASEIRA,COM VÍTIMAS FERIDAS,PLENA NOITE,Crescente,CÉU CLARO,DUPLA,Interseção de Vias,Sim,2,0,2,0,0,0,2,1,-22.756203,-42.88724,SPRF-RJ,DEL02-RJ,UOP02-DEL02-RJ,2020,,19,,,,1.0
310416.0,2020-09-26,,13:25:00,RJ,101,297,ITABORAI,FALTA DE ATENÇÃO À CONDUÇÃO,QUEDA DE OCUPANTE DE VEÍCULO,COM VÍTIMAS FERIDAS,PLENO DIA,Crescente,CÉU CLARO,SIMPLES,Reta,Não,2,0,1,0,0,1,1,2,-22.76942037,-42.91873581,SPRF-RJ,DEL02-RJ,UOP02-DEL02-RJ,2020,,13,,,,1.0
310550.0,2020-09-27,,04:00:00,RJ,101,290,ITABORAI,CONDUTOR DORMINDO,COLISÃO COM OBJETO ESTÁTICO,SEM VÍTIMAS,PLENA NOITE,Crescente,CÉU CLARO,DUPLA,Reta,Sim,1,0,0,0,1,0,0,1,-22.76708384,-42.86081305,SPRF-RJ,DEL02-RJ,UOP03-DEL02-RJ,2020,,4,,,,0.0
310643.0,2020-09-27,,15:00:00,RJ,101,314,SAO GONCALO,FALTA DE ATENÇÃO À CONDUÇÃO,TOMBAMENTO,COM VÍTIMAS FERIDAS,PLENO DIA,Decrescente,CÉU CLARO,DUPLA,Reta,Sim,1,0,1,0,0,0,1,1,-22.81648739,-43.07728467,SPRF-RJ,DEL02-RJ,UOP02-DEL02-RJ,2020,,15,,,,1.0
310750.0,2020-09-27,,21:30:00,RJ,101,269,RIO BONITO,FALTA DE ATENÇÃO À CONDUÇÃO,COLISÃO TRASEIRA,COM VÍTIMAS FERIDAS,PLENA NOITE,Crescente,CÉU CLARO,DUPLA,Reta,Sim,4,0,1,0,3,0,1,3,-22.71596402,-42.68087626,SPRF-RJ,DEL02-RJ,UOP03-DEL02-RJ,2020,,21,,,,1.0
310772.0,2020-09-27,,23:15:00,RJ,101,282,ITABORAI,FALTA DE ATENÇÃO À CONDUÇÃO,QUEDA DE OCUPANTE DE VEÍCULO,COM VÍTIMAS FERIDAS,PLENA NOITE,Decrescente,CÉU CLARO,SIMPLES,Curva,Não,1,0,1,0,0,0,1,1,-22.7371391,-42.79664601,SPRF-RJ,DEL02-RJ,UOP03-DEL02-RJ,2020,,23,,,,1.0
310778.0,2020-09-27,,22:40:00,RJ,101,302,SAO GONCALO,NÃO GUARDAR DISTÂNCIA DE SEGURANÇA,COLISÃO COM OBJETO ESTÁTICO,COM VÍTIMAS FERIDAS,PLENA NOITE,Decrescente,CÉU CLARO,DUPLA,Reta,Sim,4,0,4,0,0,0,4,1,-22.78069318,-42.96706396,SPRF-RJ,DEL02-RJ,UOP02-DEL02-RJ,2020,,22,,,,1.0
310819.0,2020-09-28,,07:00:00,RJ,101,296,ITABORAI,AVARIAS E/OU DESGASTE EXCESSIVO NO PNEU,TOMBAMENTO,COM VÍTIMAS FERIDAS,PLENO DIA,Crescente,SOL,DUPLA,Reta,Sim,2,0,1,0,1,0,1,1,-22.7670498,-42.91019601,SPRF-RJ,DEL02-RJ,UOP02-DEL02-RJ,2020,,7,,,,1.0
310891.0,2020-09-28,,07:00:00,RJ,101,325,NITEROI,FALTA DE ATENÇÃO À CONDUÇÃO,ENGAVETAMENTO,COM VÍTIMAS FERIDAS,PLENO DIA,Crescente,CÉU CLARO,DUPLA,Reta,Sim,4,0,1,0,3,0,1,4,-22.87292569,-43.13625699,SPRF-RJ,DEL02-RJ,UOP02-DEL02-RJ,2020,,7,,,,1.0
310904.0,2020-09-28,,09:30:00,RJ,101,317,NITEROI,FALTA DE ATENÇÃO À CONDUÇÃO,TOMBAMENTO,COM VÍTIMAS FERIDAS,PLENO DIA,Crescente,CÉU CLARO,DUPLA,Reta,Sim,1,0,1,0,0,0,1,1,-22.83707798,-43.09492006,SPRF-RJ,DEL02-RJ,UOP02-DEL02-RJ,2020,,9,,,,1.0
311005.0,2020-09-29,,07:39:00,RJ,101,"270,5",RIO BONITO,FALTA DE ATENÇÃO À CONDUÇÃO,COLISÃO COM OBJETO ESTÁTICO,COM VÍTIMAS FERIDAS,PLENO DIA,Crescente,SOL,DUPLA,Curva,Não,1,0,1,0,0,0,1,1,-22.71852325,-42.68689289,SPRF-RJ,DEL02-RJ,UOP03-DEL02-RJ,2020,,7,,,,1.0
311298.0,2020-09-30,,19:00:00,RJ,101,252,RIO BONITO,DEFEITO NA VIA,TOMBAMENTO,COM VÍTIMAS FERIDAS,PLENA NOITE,Crescente,NUBLADO,DUPLA,Reta,Não,2,0,2,0,0,0,2,1,-22.68214756,-42.53377419,SPRF-RJ,DEL02-RJ,UOP03-DEL02-RJ,2020,,19,,,,1.0
311315.0,2020-09-30,,08:40:00,RJ,101,318,SAO GONCALO,DESOBEDIÊNCIA ÀS NORMAS DE TRÂNSITO PELO CONDUTOR,COLISÃO TRASEIRA,COM VÍTIMAS FERIDAS,PLENO DIA,Crescente,SOL,DUPLA,Reta,Não,2,0,1,0,1,0,1,2,-22.84562994,-43.09841211,SPRF-RJ,DEL02-RJ,UOP02-DEL02-RJ,2020,,8,,,,1.0
311399.0,2020-10-01,4.0,10:40:00,RJ,101,280,ITABORAI,FALTA DE ATENÇÃO À CONDUÇÃO,COLISÃO LATERAL,COM VÍTIMAS FERIDAS,PLENO DIA,Crescente,CÉU CLARO,DUPLA,Reta,Não,3,0,1,0,2,0,1,2,-22.73840017,-42.77718501,SPRF-RJ,DEL02-RJ,UOP03-DEL02-RJ,2020,2020-01-10,10,2020.0,1.0,Sexta,1.0
311691.0,2020-10-02,0.0,19:03:00,RJ,101,313,SAO GONCALO,FALTA DE ATENÇÃO À CONDUÇÃO,COLISÃO TRASEIRA,COM VÍTIMAS FERIDAS,PLENA NOITE,Decrescente,CÉU CLARO,DUPLA,Reta,Sim,2,0,1,0,1,0,1,2,-22.81049093,-43.06983304,SPRF-RJ,DEL02-RJ,UOP02-DEL02-RJ,2020,2020-02-10,19,2020.0,2.0,Segunda,1.0
311791.0,2020-10-02,0.0,22:30:00,RJ,101,318,SAO GONCALO,NÃO GUARDAR DISTÂNCIA DE SEGURANÇA,COLISÃO LATERAL,SEM VÍTIMAS,PLENA NOITE,Decrescente,CÉU CLARO,DUPLA,Reta,Sim,2,0,0,0,2,0,0,2,-22.84562994,-43.09841211,SPRF-RJ,DEL02-RJ,UOP02-DEL02-RJ,2020,2020-02-10,22,2020.0,2.0,Segunda,0.0
311900.0,2020-10-03,1.0,15:00:00,RJ,101,269,RIO BONITO,DESOBEDIÊNCIA ÀS NORMAS DE TRÂNSITO PELO CONDUTOR,COLISÃO TRASEIRA,COM VÍTIMAS FERIDAS,PLENO DIA,Decrescente,SOL,DUPLA,Interseção de Vias,Não,2,0,1,0,1,0,1,2,-22.71495082,-42.67804708,SPRF-RJ,DEL02-RJ,UOP03-DEL02-RJ,2020,2020-03-10,15,2020.0,3.0,Terça,1.0
311912.0,2020-10-03,1.0,12:30:00,RJ,101,284,ITABORAI,DEFEITO MECÂNICO NO VEÍCULO,TOMBAMENTO,COM VÍTIMAS FERIDAS,PLENO DIA,Decrescente,CÉU CLARO,DUPLA,Reta,Não,2,0,2,0,0,0,2,1,-22.74431564,-42.80870139,SPRF-RJ,DEL02-RJ,UOP03-DEL02-RJ,2020,2020-03-10,12,2020.0,3.0,Terça,1.0
311922.0,2020-10-03,1.0,15:30:00,RJ,101,274,RIO BONITO,DEFEITO MECÂNICO NO VEÍCULO,TOMBAMENTO,COM VÍTIMAS FERIDAS,PLENO DIA,Crescente,CÉU CLARO,DUPLA,Reta,Sim,2,0,2,0,0,0,2,1,-22.73506292,-42.71948103,SPRF-RJ,DEL02-RJ,UOP03-DEL02-RJ,2020,2020-03-10,15,2020.0,3.0,Terça,1.0
311934.0,2020-10-03,1.0,16:26:00,RJ,101,283,ITABORAI,FALTA DE ATENÇÃO À CONDUÇÃO,SAÍDA DE LEITO CARROÇÁVEL,SEM VÍTIMAS,PLENO DIA,Decrescente,CÉU CLARO,DUPLA,Declive,Não,1,0,0,0,0,1,0,1,-22.73591014,-42.80592689,SPRF-RJ,DEL02-RJ,UOP03-DEL02-RJ,2020,2020-03-10,16,2020.0,3.0,Terça,0.0
311997.0,2020-10-03,1.0,20:10:00,RJ,101,271,RIO BONITO,FALTA DE ATENÇÃO DO PEDESTRE,ATROPELAMENTO DE PEDESTRE,COM VÍTIMAS FATAIS,PLENA NOITE,Decrescente,CÉU CLARO,DUPLA,Declive,Sim,5,1,0,1,3,0,1,5,-22.72443147,-42.69368143,SPRF-RJ,DEL02-RJ,UOP03-DEL02-RJ,2020,2020-03-10,20,2020.0,3.0,Terça,2.0
312148.0,2020-10-04,4.0,10:25:00,RJ,101,"324,8",SAO GONCALO,FALTA DE ATENÇÃO À CONDUÇÃO,COLISÃO COM OBJETO ESTÁTICO,COM VÍTIMAS FERIDAS,PLENO DIA,Decrescente,NUBLADO,MÚLTIPLA,Ponte,Não,1,0,1,0,0,0,1,1,-22.87381074,-43.12640997,SPRF-RJ,DEL02-RJ,UOP02-DEL02-RJ,2020,2020-04-10,10,2020.0,4.0,Sexta,1.0
312365.0,2020-10-05,6.0,11:40:00,RJ,101,293,ITABORAI,FALTA DE ATENÇÃO À CONDUÇÃO,COLISÃO TRASEIRA,COM VÍTIMAS FERIDAS,PLENO DIA,Decrescente,CÉU CLARO,DUPLA,Reta,Sim,1,0,1,0,0,0,1,1,-22.756203,-42.88724,SPRF-RJ,DEL02-RJ,UOP02-DEL02-RJ,2020,2020-05-10,11,2020.0,5.0,Domingo,1.0
312646.0,2020-10-06,2.0,21:15:00,RJ,101,326,NITEROI,FALTA DE ATENÇÃO À CONDUÇÃO,COLISÃO TRASEIRA,COM VÍTIMAS FERIDAS,PLENA NOITE,Crescente,CÉU CLARO,DUPLA,Reta,Não,2,0,2,0,0,0,2,2,-22.87206203,-43.146105,SPRF-RJ,DEL02-RJ,UOP02-DEL02-RJ,2020,2020-06-10,21,2020.0,6.0,Quarta,1.0
312724.0,2020-10-07,4.0,12:10:00,RJ,101,264,RIO BONITO,DEFEITO MECÂNICO NO VEÍCULO,TOMBAMENTO,COM VÍTIMAS FERIDAS,PLENO DIA,Decrescente,NUBLADO,DUPLA,Reta,Sim,1,0,1,0,0,0,1,1,-22.71818337,-42.63600702,SPRF-RJ,DEL02-RJ,UOP03-DEL02-RJ,2020,2020-07-10,12,2020.0,7.0,Sexta,1.0