id,data_inversa,dia_semana,horario,uf,br,km,municipio,causa_acidente,tipo_acidente,classificacao_acidente,fase_dia,sentido_via,condicao_metereologica,tipo_pista,tracado_via,uso_solo,pessoas,mortos,feridos_leves,feridos_graves,ilesos,ignorados,feridos,veiculos,latitude,longitude,regional,delegacia,uop,ano_arquivo,data,hora,ano,mes,dia_semana_nome,gravidade
312833.0,2020-10-08,0.0,00:15:00,RJ,101,295,ITABORAI,FALTA DE ATENÇÃO À CONDUÇÃO,CAPOTAMENTO,COM VÍTIMAS FERIDAS,PLENA NOITE,Decrescente,CHUVA,DUPLA,Curva,Sim,1,0,1,0,0,0,1,1,-22.76365068,-42.90223623,SPRF-RJ,DEL02-RJ,UOP02-DEL02-RJ,2020,2020-08-10,0,2020.0,8.0,Segunda,1.0
312883.0,2020-10-08,0.0,07:20:00,RJ,101,309,SAO GONCALO,FALTA DE ATENÇÃO À CONDUÇÃO,COLISÃO LATERAL,COM VÍTIMAS FERIDAS,PLENO DIA,Crescente,CÉU CLARO,DUPLA,Reta,Sim,2,0,1,0,1,0,1,2,-22.79498873,-43.03446105,SPRF-RJ,DEL02-RJ,UOP02-DEL02-RJ,2020,2020-08-10,7,2020.0,8.0,Segunda,1.0
313173.0,2020-10-09,3.0,12:20:00,RJ,101,324,NITEROI,FALTA DE ATENÇÃO À CONDUÇÃO,COLISÃO TRASEIRA,COM VÍTIMAS FERIDAS,PLENO DIA,Crescente,NUBLADO,DUPLA,Reta,Não,3,0,1,0,2,0,1,2,-22.87381074,-43.12640997,SPRF-RJ,DEL02-RJ,UOP02-DEL02-RJ,2020,2020-09-10,12,2020.0,9.0,Quinta,1.0
313179.0,2020-10-09,3.0,14:00:00,RJ,101,326,NITEROI,NÃO GUARDAR DISTÂNCIA DE SEGURANÇA,COLISÃO TRASEIRA,COM VÍTIMAS FERIDAS,PLENO DIA,Decrescente,NUBLADO,DUPLA,Reta,Sim,2,0,1,0,1,0,1,2,-22.87206203,-43.146105,SPRF-RJ,DEL02-RJ,UOP02-DEL02-RJ,2020,2020-09-10,14,2020.0,9.0,Quinta,1.0
313296.0,2020-10-09,3.0,22:25:00,RJ,101,290,ITABORAI,FALTA DE ATENÇÃO À CONDUÇÃO,SAÍDA DE LEITO CARROÇÁVEL,COM VÍTIMAS FERIDAS,PLENA NOITE,Crescente,GAROA/CHUVISCO,DUPLA,Curva,Não,2,0,2,0,0,0,2,1,-22.76708384,-42.86081305,SPRF-RJ,DEL02-RJ,UOP03-DEL02-RJ,2020,2020-09-10,22,2020.0,9.0,Quinta,1.0
314034.0,2020-10-11,1.0,13:00:00,RJ,101,306,SAO GONCALO,FALTA DE ATENÇÃO À CONDUÇÃO,COLISÃO TRASEIRA,SEM VÍTIMAS,PLENO DIA,Crescente,NUBLADO,DUPLA,Reta,Sim,3,0,0,0,3,0,0,2,-22.78913759,-43.00550909,SPRF-RJ,DEL02-RJ,UOP02-DEL02-RJ,2020,2020-11-10,13,2020.0,11.0,Terça,0.0
314052.0,2020-10-11,1.0,13:40:00,RJ,101,316,SAO GONCALO,FALTA DE ATENÇÃO À CONDUÇÃO,CAPOTAMENTO,COM VÍTIMAS FERIDAS,PLENO DIA,Decrescente,CÉU CLARO,DUPLA,Reta,Sim,1,0,0,1,0,0,1,1,-22.82835879,-43.09208739,SPRF-RJ,DEL02-RJ,UOP02-DEL02-RJ,2020,2020-11-10,13,2020.0,11.0,Terça,1.0
314204.0,2020-10-11,1.0,23:40:00,RJ,101,307,SAO GONCALO,FALTA DE ATENÇÃO À CONDUÇÃO,COLISÃO TRASEIRA,COM VÍTIMAS FERIDAS,PLENO DIA,Decrescente,CÉU CLARO,DUPLA,Reta,Sim,2,0,1,0,1,0,1,2,-22.79115777,-43.01514205,SPRF-RJ,DEL02-RJ,UOP02-DEL02-RJ,2020,2020-11-10,23,2020.0,11.0,Terça,1.0
314240.0,2020-10-08,0.0,19:00:00,RJ,101,319,NITEROI,NÃO GUARDAR DISTÂNCIA DE SEGURANÇA,COLISÃO TRASEIRA,COM VÍTIMAS FERIDAS,PLENA NOITE,Decrescente,CÉU CLARO,DUPLA,Reta,Sim,2,0,1,0,1,0,1,2,-22.85411774,-43.1018014,SPRF-RJ,DEL02-RJ,UOP02-DEL02-RJ,2020,2020-08-10,19,2020.0,8.0,Segunda,1.0
314312.0,2020-10-12,3.0,15:15:00,RJ,101,264,RIO BONITO,MAL SÚBITO,COLISÃO TRASEIRA,SEM VÍTIMAS,PLENO DIA,Crescente,CÉU CLARO,DUPLA,Reta,Sim,2,0,0,0,2,0,0,2,-22.71818337,-42.63600702,SPRF-RJ,DEL02-RJ,UOP03-DEL02-RJ,2020,2020-12-10,15,2020.0,12.0,Quinta,0.0
314329.0,2020-10-12,3.0,14:52:00,RJ,101,304,SAO GONCALO,AVARIAS E/OU DESGASTE EXCESSIVO NO PNEU,COLISÃO TRASEIRA,COM VÍTIMAS FERIDAS,PLENO DIA,Crescente,CÉU CLARO,DUPLA,Reta,Sim,3,0,1,0,2,0,1,2,-22.78491869,-42.98627706,SPRF-RJ,DEL02-RJ,UOP02-DEL02-RJ,2020,2020-12-10,14,2020.0,12.0,Quinta,1.0
314720.0,2020-10-14,,13:15:00,RJ,101,324,NITEROI,FALTA DE ATENÇÃO À CONDUÇÃO,COLISÃO LATERAL,COM VÍTIMAS FERIDAS,PLENO DIA,Crescente,CÉU CLARO,MÚLTIPLA,Reta,Sim,3,0,1,0,0,2,1,3,-22.87381074,-43.12640997,SPRF-RJ,DEL02-RJ,UOP02-DEL02-RJ,2020,,13,,,,1.0
314756.0,2020-10-14,,16:30:00,RJ,493,6,ITABORAI,FALTA DE ATENÇÃO À CONDUÇÃO,COLISÃO LATERAL,COM VÍTIMAS FERIDAS,PLENO DIA,Decrescente,CÉU CLARO,DUPLA,Reta,Sim,2,0,1,0,1,0,1,2,-22.73124198,-42.95145305,SPRF-RJ,DEL02-RJ,UOP02-DEL02-RJ,2020,,16,,,,1.0
315200.0,2020-10-16,,17:40:00,RJ,101,317,SAO GONCALO,NÃO GUARDAR DISTÂNCIA DE SEGURANÇA,COLISÃO TRASEIRA,COM VÍTIMAS FERIDAS,PLENA NOITE,Decrescente,CÉU CLARO,DUPLA,Reta,Sim,2,0,1,0,1,0,1,2,-22.83707798,-43.09492006,SPRF-RJ,DEL02-RJ,UOP02-DEL02-RJ,2020,,17,,,,1.0
315254.0,2020-10-17,,05:40:00,RJ,101,304,SAO GONCALO,INGESTÃO DE ÁLCOOL,COLISÃO TRASEIRA,COM VÍTIMAS FERIDAS,AMANHECER,Crescente,CÉU CLARO,DUPLA,Reta,Sim,5,0,1,0,4,0,1,2,-22.78491869,-42.98627706,SPRF-RJ,DEL02-RJ,UOP02-DEL02-RJ,2020,,5,,,,1.0
315428.0,2020-10-17,,18:30:00,RJ,493,0,ITABORAI,INGESTÃO DE ÁLCOOL,COLISÃO LATERAL,SEM VÍTIMAS,ANOITECER,Crescente,CÉU CLARO,SIMPLES,Reta,Sim,2,0,0,0,2,0,0,2,-22.77062,-42.92223,SPRF-RJ,DEL02-RJ,UOP02-DEL02-RJ,2020,,18,,,,0.0
315435.0,2020-10-17,,22:45:00,RJ,101,311,SAO GONCALO,INGESTÃO DE ÁLCOOL,COLISÃO TRASEIRA,SEM VÍTIMAS,PLENA NOITE,Crescente,CÉU CLARO,MÚLTIPLA,Reta,Sim,2,0,0,0,2,0,0,2,-22.80062246,-43.05318779,SPRF-RJ,DEL02-RJ,UOP02-DEL02-RJ,2020,,22,,,,0.0
315453.0,2020-10-18,,01:10:00,RJ,101,297,ITABORAI,VELOCIDADE INCOMPATÍVEL,COLISÃO COM OBJETO ESTÁTICO,SEM VÍTIMAS,PLENA NOITE,Crescente,CÉU CLARO,MÚLTIPLA,Reta,Sim,1,0,0,0,1,0,0,1,-22.76942037,-42.91873581,SPRF-RJ,DEL02-RJ,UOP02-DEL02-RJ,2020,,1,,,,0.0
315503.0,2020-10-18,,03:20:00,RJ,101,321,NITEROI,AGRESSÃO EXTERNA,COLISÃO COM OBJETO ESTÁTICO,COM VÍTIMAS FERIDAS,PLENA NOITE,Crescente,CÉU CLARO,DUPLA,Curva,Sim,1,0,0,1,0,0,1,1,-22.86981096,-43.11046465,SPRF-RJ,DEL02-RJ,UOP02-DEL02-RJ,2020,,3,,,,1.0
315829.0,2020-10-19,,22:30:00,RJ,101,309,SAO GONCALO,FALTA DE ATENÇÃO À CONDUÇÃO,COLISÃO TRASEIRA,SEM VÍTIMAS,PLENA NOITE,Crescente,CÉU CLARO,DUPLA,Reta,Sim,3,0,0,0,3,0,0,2,-22.79498873,-43.03446105,SPRF-RJ,DEL02-RJ,UOP02-DEL02-RJ,2020,,22,,,,0.0
315838.0,2020-10-19,,23:20:00,RJ,101,320,NITEROI,FALTA DE ATENÇÃO À CONDUÇÃO,CAPOTAMENTO,COM VÍTIMAS FERIDAS,PLENA NOITE,Decrescente,CÉU CLARO,DUPLA,Reta,Sim,1,0,1,0,0,0,1,1,-22.86171098,-43.10714015,SPRF-RJ,DEL02-RJ,UOP02-DEL02-RJ,2020,,23,,,,1.0
316105.0,2020-10-21,,09:00:00,RJ,101,306,SAO GONCALO,FALTA DE ATENÇÃO À CONDUÇÃO,CAPOTAMENTO,COM VÍTIMAS FERIDAS,PLENO DIA,Decrescente,CÉU CLARO,DUPLA,Reta,Sim,1,0,1,0,0,0,1,1,-22.78913759,-43.00550909,SPRF-RJ,DEL02-RJ,UOP02-DEL02-RJ,2020,,9,,,,1.0
316448.0,2020-10-23,,06:50:00,RJ,101,328,NITEROI,FALTA DE ATENÇÃO À CONDUÇÃO,TOMBAMENTO,COM VÍTIMAS FERIDAS,PLENO DIA,Crescente,CÉU CLARO,DUPLA,Reta,Não,2,0,2,0,0,0,2,1,-22.86953232,-43.17523956,SPRF-RJ,DEL02-RJ,UOP02-DEL02-RJ,2020,,6,,,,1.0
316529.0,2020-10-23,,14:00:00,RJ,101,295,ITABORAI,NÃO GUARDAR DISTÂNCIA DE SEGURANÇA,ENGAVETAMENTO,COM VÍTIMAS FERIDAS,PLENO DIA,Decrescente,SOL,DUPLA,Reta,Sim,4,0,1,0,3,0,1,3,-22.76365068,-42.90223623,SPRF-RJ,DEL02-RJ,UOP02-DEL02-RJ,2020,,14,,,,1.0
316586.0,2020-10-23,,20:00:00,RJ,493,1,ITABORAI,DESOBEDIÊNCIA ÀS NORMAS DE TRÂNSITO PELO CONDUTOR,COLISÃO TRANSVERSAL,COM VÍTIMAS FERIDAS,PLENA NOITE,Crescente,VENTO,SIMPLES,Curva,Sim,3,0,1,1,1,0,2,2,-22.76398788,-42.92731895,SPRF-RJ,DEL02-RJ,UOP02-DEL02-RJ,2020,,20,,,,1.0
316685.0,2020-10-20,,07:00:00,RJ,101,308,SAO GONCALO,NÃO GUARDAR DISTÂNCIA DE SEGURANÇA,COLISÃO TRASEIRA,SEM VÍTIMAS,PLENO DIA,Crescente,CÉU CLARO,DUPLA,Reta,Sim,3,0,0,0,3,0,0,3,-22.79309326,-43.02479595,SPRF-RJ,DEL02-RJ,UOP02-DEL02-RJ,2020,,7,,,,0.0
316788.0,2020-10-24,,12:05:00,RJ,101,295,ITABORAI,FALTA DE ATENÇÃO À CONDUÇÃO,COLISÃO TRASEIRA,COM VÍTIMAS FERIDAS,PLENO DIA,Crescente,CÉU CLARO,DUPLA,Reta,Sim,3,0,2,0,1,0,2,2,-22.76365068,-42.90223623,SPRF-RJ,DEL02-RJ,UOP02-DEL02-RJ,2020,,12,,,,1.0
316993.0,2020-10-25,,08:50:00,RJ,101,304,SAO GONCALO,NÃO GUARDAR DISTÂNCIA DE SEGURANÇA,COLISÃO LATERAL,SEM VÍTIMAS,PLENO DIA,Crescente,NUBLADO,DUPLA,Reta,Sim,2,0,0,0,2,0,0,2,-22.78491869,-42.98627706,SPRF-RJ,DEL02-RJ,UOP02-DEL02-RJ,2020,,8,,,,0.0
317040.0,2020-10-25,,14:00:00,RJ,101,269,RIO BONITO,FALTA DE ATENÇÃO À CONDUÇÃO,COLISÃO FRONTAL,COM VÍTIMAS FERIDAS,PLENO DIA,Decrescente,CÉU CLARO,SIMPLES,Reta,Sim,2,0,2,0,0,0,2,2,-22.71495082,-42.67804708,SPRF-RJ,DEL02-RJ,UOP03-DEL02-RJ,2020,,14,,,,1.0
317224.0,2020-10-26,,11:00:00,RJ,101,262,RIO BONITO,PISTA ESCORREGADIA,TOMBAMENTO,COM VÍTIMAS FERIDAS,PLENO DIA,Decrescente,CHUVA,DUPLA,Curva,Sim,1,0,1,0,0,0,1,1,-22.71367506,-42.62052996,SPRF-RJ,DEL02-RJ,UOP03-DEL02-RJ,2020,,11,,,,1.0
317247.0,2020-10-26,,12:25:00,RJ,101,306,SAO GONCALO,FALTA DE ATENÇÃO À CONDUÇÃO,COLISÃO TRASEIRA,COM VÍTIMAS FERIDAS,PLENO DIA,Crescente,CÉU CLARO,DUPLA,Reta,Sim,2,0,1,0,1,0,1,2,-22.78913759,-43.00550909,SPRF-RJ,DEL02-RJ,UOP02-DEL02-RJ,2020,,12,,,,1.0
317556.0,2020-10-28,,06:50:00,RJ,101,318,NITEROI,NÃO GUARDAR DISTÂNCIA DE SEGURANÇA,ENGAVETAMENTO,COM VÍTIMAS FERIDAS,PLENO DIA,Crescente,CÉU CLARO,DUPLA,Reta,Sim,4,0,2,0,2,0,2,3,-22.84562994,-43.09841211,SPRF-RJ,DEL02-RJ,UOP02-DEL02-RJ,2020,,6,,,,1.0
317746.0,2020-10-25,,22:25:00,RJ,101,"324,5",NITEROI,VELOCIDADE INCOMPATÍVEL,COLISÃO TRASEIRA,COM VÍTIMAS FERIDAS,PLENA NOITE,Decrescente,NUBLADO,DUPLA,Reta,Sim,4,0,2,0,2,0,2,2,-22.87381074,-43.12640997,SPRF-RJ,DEL02-RJ,UOP02-DEL02-RJ,2020,,22,,,,1.0
317784.0,2020-10-29,,13:00:00,RJ,101,321,NITEROI,FALTA DE ATENÇÃO À CONDUÇÃO,COLISÃO COM OBJETO ESTÁTICO,COM VÍTIMAS FATAIS,PLENO DIA,Decrescente,CÉU CLARO,MÚLTIPLA,Reta,Sim,3,1,2,0,0,0,2,1,-22.86981096,-43.11046465,SPRF-RJ,DEL02-RJ,UOP02-DEL02-RJ,2020,,13,,,,2.0
317815.0,2020-10-29,,09:10:00,RJ,101,312,SAO GONCALO,FALTA DE ATENÇÃO À CONDUÇÃO,TOMBAMENTO,COM VÍTIMAS FERIDAS,PLENO DIA,Decrescente,CÉU CLARO,DUPLA,Reta,Sim,1,0,1,0,0,0,1,1,-22.80546555,-43.06156967,SPRF-RJ,DEL02-RJ,UOP02-DEL02-RJ,2020,,9,,,,1.0
317960.0,2020-10-30,,10:00:00,RJ,493,0,ITABORAI,DESOBEDIÊNCIA ÀS NORMAS DE TRÂNSITO PELO CONDUTOR,COLISÃO TRANSVERSAL,COM VÍTIMAS FERIDAS,PLENO DIA,Decrescente,NUBLADO,SIMPLES,Reta,Sim,3,0,1,0,2,0,1,3,-22.76971846,-42.92266841,SPRF-RJ,DEL02-RJ,UOP02-DEL02-RJ,2020,,10,,,,1.0
318078.0,2020-10-30,,17:15:00,RJ,101,322,NITEROI,DEFEITO MECÂNICO NO VEÍCULO,TOMBAMENTO,COM VÍTIMAS FERIDAS,ANOITECER,Crescente,CHUVA,DUPLA,Curva,Sim,1,0,1,0,0,0,1,1,-22.878923,-43.110676,SPRF-RJ,DEL02-RJ,UOP02-DEL02-RJ,2020,,17,,,,1.0
318473.0,2020-11-01,5.0,05:00:00,RJ,101,297,ITABORAI,FALTA DE ATENÇÃO À CONDUÇÃO,COLISÃO COM OBJETO ESTÁTICO,COM VÍTIMAS FERIDAS,AMANHECER,Decrescente,CHUVA,DUPLA,Curva,Não,2,0,1,0,1,0,1,1,-22.76942037,-42.91873581,SPRF-RJ,DEL02-RJ,UOP02-DEL02-RJ,2020,2020-01-11,5,2020.0,1.0,Sábado,1.0
318649.0,2020-11-01,5.0,23:55:00,RJ,101,268,RIO BONITO,FALTA DE ATENÇÃO À CONDUÇÃO,COLISÃO LATERAL,COM VÍTIMAS FATAIS,PLENA NOITE,Decrescente,NUBLADO,DUPLA,Reta,Não,2,1,0,0,1,0,0,2,-22.7112997,-42.66922613,SPRF-RJ,DEL02-RJ,UOP03-DEL02-RJ,2020,2020-01-11,23,2020.0,1.0,Sábado,2.0
318900.0,2020-10-30,,22:50:00,RJ,101,324,NITEROI,FALTA DE ATENÇÃO À CONDUÇÃO,COLISÃO COM OBJETO ESTÁTICO,COM VÍTIMAS FERIDAS,PLENA NOITE,Crescente,CHUVA,MÚLTIPLA,Reta,Não,1,0,1,0,0,0,1,1,-22.87381074,-43.12640997,SPRF-RJ,DEL02-RJ,UOP02-DEL02-RJ,2020,,22,,,,1.0
319007.0,2020-11-03,2.0,17:40:00,RJ,101,303,SAO GONCALO,FALTA DE ATENÇÃO À CONDUÇÃO,COLISÃO LATERAL,COM VÍTIMAS FERIDAS,ANOITECER,Decrescente,CÉU CLARO,DUPLA,Ponte,Sim,2,0,1,0,1,0,1,2,-22.7828205,-42.9766681,SPRF-RJ,DEL02-RJ,UOP02-DEL02-RJ,2020,2020-03-11,17,2020.0,3.0,Quarta,1.0
319272.0,2020-11-05,0.0,09:50:00,RJ,101,321,NITEROI,FALTA DE ATENÇÃO À CONDUÇÃO,COLISÃO LATERAL,COM VÍTIMAS FERIDAS,PLENO DIA,Crescente,CÉU CLARO,MÚLTIPLA,Reta,Sim,2,0,1,0,1,0,1,2,-22.86981096,-43.11046465,SPRF-RJ,DEL02-RJ,UOP02-DEL02-RJ,2020,2020-05-11,9,2020.0,5.0,Segunda,1.0
319465.0,2020-11-06,3.0,09:55:00,RJ,101,262,RIO BONITO,DESOBEDIÊNCIA ÀS NORMAS DE TRÂNSITO PELO CONDUTOR,COLISÃO TRANSVERSAL,COM VÍTIMAS FERIDAS,PLENO DIA,Decrescente,CÉU CLARO,DUPLA,Curva,Sim,5,0,2,0,3,0,2,2,-22.717464,-42.622025,SPRF-RJ,DEL02-RJ,UOP03-DEL02-RJ,2020,2020-06-11,9,2020.0,6.0,Quinta,1.0
319467.0,2020-11-06,3.0,07:35:00,RJ,101,283,ITABORAI,DEFEITO MECÂNICO NO VEÍCULO,INCÊNDIO,SEM VÍTIMAS,PLENO DIA,Crescente,NUBLADO,DUPLA,Curva,Não,3,0,0,0,3,0,0,1,-22.73591014,-42.80592689,SPRF-RJ,DEL02-RJ,UOP03-DEL02-RJ,2020,2020-06-11,7,2020.0,6.0,Quinta,0.0
319469.0,2020-11-06,3.0,09:40:00,RJ,101,317,SAO GONCALO,NÃO GUARDAR DISTÂNCIA DE SEGURANÇA,ENGAVETAMENTO,COM VÍTIMAS FERIDAS,PLENO DIA,Crescente,NUBLADO,DUPLA,Reta,Não,4,0,1,0,3,0,1,3,-22.83707798,-43.09492006,SPRF-RJ,DEL02-RJ,UOP02-DEL02-RJ,2020,2020-06-11,9,2020.0,6.0,Quinta,1.0
319508.0,2020-11-06,3.0,15:00:00,RJ,101,318,SAO GONCALO,FALTA DE ATENÇÃO À CONDUÇÃO,COLISÃO LATERAL,COM VÍTIMAS FERIDAS,PLENO DIA,Decrescente,NUBLADO,DUPLA,Retorno Regulamentado,Sim,2,0,0,1,1,0,1,2,-22.84562994,-43.09841211,SPRF-RJ,DEL02-RJ,UOP02-DEL02-RJ,2020,2020-06-11,15,2020.0,6.0,Quinta,1.0
319642.0,2020-11-07,5.0,09:00:00,RJ,101,297,ITABORAI,DESOBEDIÊNCIA ÀS NORMAS DE TRÂNSITO PELO PEDESTRE,ATROPELAMENTO DE PEDESTRE,COM VÍTIMAS FERIDAS,PLENO DIA,Crescente,NUBLADO,DUPLA,Reta,Sim,2,0,1,0,1,0,1,2,-22.76942037,-42.91873581,SPRF-RJ,DEL02-RJ,UOP02-DEL02-RJ,2020,2020-07-11,9,2020.0,7.0,Sábado,1.0
319729.0,2020-11-07,5.0,18:15:00,RJ,101,"321,5",NITEROI,DEFEITO MECÂNICO NO VEÍCULO,INCÊNDIO,SEM VÍTIMAS,PLENA NOITE,Crescente,NUBLADO,MÚLTIPLA,Reta,Sim,1,0,0,0,1,0,0,1,-22.86981096,-43.11046465,SPRF-RJ,DEL02-RJ,UOP02-DEL02-RJ,2020,2020-07-11,18,2020.0,7.0,Sábado,0.0
320065.0,2020-11-08,1.0,19:45:00,RJ,101,281,ITABORAI,FALTA DE ATENÇÃO À CONDUÇÃO,ENGAVETAMENTO,SEM VÍTIMAS,PLENA NOITE,Crescente,CHUVA,DUPLA,Reta,Não,5,0,0,0,5,0,0,4,-22.73786208,-42.78692501,SPRF-RJ,DEL02-RJ,UOP03-DEL02-RJ,2020,2020-08-11,19,2020.0,8.0,Terça,0.0
320094.0,2020-11-08,1.0,21:30:00,RJ,101,256,RIO BONITO,PISTA ESCORREGADIA,COLISÃO COM OBJETO ESTÁTICO,SEM VÍTIMAS,PLENA NOITE,Crescente,CHUVA,DUPLA,Em Obras,Não,1,0,0,0,1,0,0,1,-22.69621133,-42.56854493,SPRF-RJ,DEL02-RJ,UOP03-DEL02-RJ,2020,2020-08-11,21,2020.0,8.0,Terça,0.0
320126.0,2020-11-09,4.0,02:00:00,RJ,101,321,NITEROI,PISTA ESCORREGADIA,COLISÃO COM OBJETO ESTÁTICO,COM VÍTIMAS FERIDAS,PLENA NOITE,Decrescente,GAROA/CHUVISCO,DUPLA,Curva,Não,1,0,1,0,0,0,1,1,-22.86981096,-43.11046465,SPRF-RJ,DEL02-RJ,UOP02-DEL02-RJ,2020,2020-09-11,2,2020.0,9.0,Sexta,1.0
320606.0,2020-11-11,2.0,11:00:00,RJ,101,297,ITABORAI,ANIMAIS NA PISTA,ATROPELAMENTO DE ANIMAL,COM VÍTIMAS FERIDAS,PLENO DIA,Crescente,CÉU CLARO,DUPLA,Declive,Sim,2,0,1,0,1,0,1,1,-22.77112647,-42.92325139,SPRF-RJ,DEL02-RJ,UOP02-DEL02-RJ,2020,2020-11-11,11,2020.0,11.0,Quarta,1.0
320690.0,2020-11-11,2.0,16:00:00,RJ,101,297,ITABORAI,FALTA DE ATENÇÃO À CONDUÇÃO,COLISÃO LATERAL,COM VÍTIMAS FERIDAS,ANOITECER,Decrescente,CÉU CLARO,MÚLTIPLA,Reta,Sim,3,0,3,0,0,0,3,2,-22.76942037,-42.91873581,SPRF-RJ,DEL02-RJ,UOP02-DEL02-RJ,2020,2020-11-11,16,2020.0,11.0,Quarta,1.0
320763.0,2020-11-12,4.0,05:30:00,RJ,101,297,ITABORAI,FALTA DE ATENÇÃO À CONDUÇÃO,COLISÃO LATERAL,COM VÍTIMAS FERIDAS,AMANHECER,Crescente,NUBLADO,DUPLA,Reta;Declive,Sim,3,0,1,0,2,0,1,2,-22.76942037,-42.91873581,SPRF-RJ,DEL02-RJ,UOP02-DEL02-RJ,2020,2020-12-11,5,2020.0,12.0,Sexta,1.0
320773.0,2020-11-12,4.0,06:40:00,RJ,101,317,SAO GONCALO,NÃO GUARDAR DISTÂNCIA DE SEGURANÇA,QUEDA DE OCUPANTE DE VEÍCULO,COM VÍTIMAS FERIDAS,PLENO DIA,Crescente,NUBLADO,DUPLA,Reta,Não,1,0,1,0,0,0,1,1,-22.83707798,-43.09492006,SPRF-RJ,DEL02-RJ,UOP02-DEL02-RJ,2020,2020-12-11,6,2020.0,12.0,Sexta,1.0
321286.0,2020-11-14,,05:30:00,RJ,101,300,SAO GONCALO,FALTA DE ATENÇÃO À CONDUÇÃO,COLISÃO COM OBJETO ESTÁTICO,COM VÍTIMAS FERIDAS,AMANHECER,Crescente,NUBLADO,DUPLA,Em Obras,Sim,1,0,1,0,0,0,1,1,-22.8000708,-43.0139005,SPRF-RJ,DEL02-RJ,UOP02-DEL02-RJ,2020,,5,,,,1.0
321372.0,2020-11-14,,15:50:00,RJ,0,0,ITABORAI,FENÔMENOS DA NATUREZA,QUEDA DE OCUPANTE DE VEÍCULO,COM VÍTIMAS FERIDAS,PLENO DIA,Não Informado,NUBLADO,DUPLA,Reta,Sim,1,0,1,0,0,0,1,1,-22.75567382,-42.89189328,SPRF-RJ,DEL02-RJ,UOP02-DEL02-RJ,2020,,15,,,,1.0
321429.0,2020-11-14,,18:40:00,RJ,101,322,NITEROI,FALTA DE ATENÇÃO DO PEDESTRE,ATROPELAMENTO DE PEDESTRE,COM VÍTIMAS FERIDAS,PLENA NOITE,Crescente,CÉU CLARO,DUPLA,Curva,Sim,2,0,1,0,1,0,1,2,-22.8765068,-43.11067527,SPRF-RJ,DEL02-RJ,UOP02-DEL02-RJ,2020,,18,,,,1.0
321526.0,2020-11-15,,06:50:00,RJ,101,"284,6",ITABORAI,CONDUTOR DORMINDO,SAÍDA DE LEITO CARROÇÁVEL,COM VÍTIMAS FERIDAS,PLENO DIA,Crescente,CÉU CLARO,DUPLA,Reta,Não,1,0,1,0,0,0,1,1,-22.74431564,-42.80870139,SPRF-RJ,DEL02-RJ,UOP03-DEL02-RJ,2020,,6,,,,1.0
321548.0,2020-11-15,,08:00:00,RJ,101,281,ITABORAI,FALTA DE ATENÇÃO À CONDUÇÃO,TOMBAMENTO,COM VÍTIMAS FERIDAS,PLENO DIA,Decrescente,CÉU CLARO,DUPLA,Reta,Não,1,0,1,0,0,0,1,1,-22.73786208,-42.78692501,SPRF-RJ,DEL02-RJ,UOP03-DEL02-RJ,2020,,8,,,,1.0
321553.0,2020-08-04,2.0,05:13:00,RJ,101,286,ITABORAI,ANIMAIS NA PISTA,ATROPELAMENTO DE ANIMAL,COM VÍTIMAS FERIDAS,AMANHECER,Decrescente,NEVOEIRO/NEBLINA,DUPLA,Reta,Não,7,0,2,0,5,0,2,4,-22.75409331,-42.82491696,SPRF-RJ,DEL02-RJ,UOP03-DEL02-RJ,2020,2020-04-08,5,2020.0,4.0,Quarta,1.0
321583.0,2020-11-15,,13:50:00,RJ,101,269,RIO BONITO,CONDUTOR DORMINDO,COLISÃO TRASEIRA,COM VÍTIMAS FERIDAS,PLENO DIA,Crescente,CÉU CLARO,DUPLA,Reta,Não,4,0,2,0,2,0,2,2,-22.71495082,-42.67804708,SPRF-RJ,DEL02-RJ,UOP03-DEL02-RJ,2020,,13,,,,1.0
321640.0,2020-11-15,,17:20:00,RJ,101,297,ITABORAI,MAL SÚBITO,COLISÃO COM OBJETO ESTÁTICO,COM VÍTIMAS FERIDAS,ANOITECER,Decrescente,CÉU CLARO,DUPLA,Curva,Sim,1,0,1,0,0,0,1,1,-22.76942037,-42.91873581,SPRF-RJ,DEL02-RJ,UOP02-DEL02-RJ,2020,,17,,,,1.0
321692.0,2020-11-15,,21:40:00,RJ,101,316,SAO GONCALO,FALTA DE ATENÇÃO À CONDUÇÃO,COLISÃO LATERAL,COM VÍTIMAS FERIDAS,PLENA NOITE,Decrescente,CÉU CLARO,DUPLA,Reta,Sim,3,0,2,0,1,0,2,2,-22.82835879,-43.09208739,SPRF-RJ,DEL02-RJ,UOP02-DEL02-RJ,2020,,21,,,,1.0
321695.0,2020-11-15,,21:45:00,RJ,493,"0,1",ITABORAI,FALTA DE ATENÇÃO À CONDUÇÃO,COLISÃO LATERAL,SEM VÍTIMAS,PLENA NOITE,Crescente,CÉU CLARO,SIMPLES,Reta,Sim,3,0,0,0,2,1,0,2,-22.76398788,-42.92731895,SPRF-RJ,DEL02-RJ,UOP02-DEL02-RJ,2020,,21,,,,0.0
321701.0,2020-11-15,,22:30:00,RJ,101,317,SAO GONCALO,INGESTÃO DE ÁLCOOL,COLISÃO COM OBJETO ESTÁTICO,COM VÍTIMAS FERIDAS,PLENA NOITE,Decrescente,CÉU CLARO,DUPLA,Reta,Sim,5,0,5,0,0,0,5,1,-22.83707798,-43.09492006,SPRF-RJ,DEL02-RJ,UOP02-DEL02-RJ,2020,,22,,,,1.0