id,data_inversa,dia_semana,horario,uf,br,km,municipio,causa_acidente,tipo_acidente,classificacao_acidente,fase_dia,sentido_via,condicao_metereologica,tipo_pista,tracado_via,uso_solo,pessoas,mortos,feridos_leves,feridos_graves,ilesos,ignorados,feridos,veiculos,latitude,longitude,regional,delegacia,uop,ano_arquivo,data,hora,ano,mes,dia_semana_nome,gravidade
336310.0,2021-01-24,,13:30:00,RJ,101,297,SAO GONCALO,AVARIAS E/OU DESGASTE EXCESSIVO NO PNEU,TOMBAMENTO,COM VÍTIMAS FERIDAS,PLENO DIA,Crescente,SOL,SIMPLES,Reta,Sim,1,0,0,1,0,0,1,1,-22.76942037,-42.91873581,SPRF-RJ,DEL02-RJ,UOP02-DEL02-RJ,2021,,13,,,,1.0
336717.0,2021-01-26,,08:20:00,RJ,101,286,ITABORAI,AUSÊNCIA DE REAÇÃO DO CONDUTOR,TOMBAMENTO,COM VÍTIMAS FERIDAS,PLENO DIA,Decrescente,CÉU CLARO,DUPLA,Curva,Não,2,0,1,0,1,0,1,1,-22.75409331,-42.82491696,SPRF-RJ,DEL02-RJ,UOP03-DEL02-RJ,2021,,8,,,,1.0
336757.0,2021-01-26,,16:05:00,RJ,101,298,ITABORAI,CONDUTOR DORMINDO,COLISÃO TRASEIRA,COM VÍTIMAS FERIDAS,PLENO DIA,Decrescente,CÉU CLARO,DUPLA,Reta,Sim,3,0,1,0,2,0,1,2,-22.7714,-42.92896,SPRF-RJ,DEL02-RJ,UOP02-DEL02-RJ,2021,,16,,,,1.0
336909.0,2021-01-27,,11:00:00,RJ,101,321,NITEROI,REAÇÃO TARDIA OU INEFICIENTE DO CONDUTOR,COLISÃO TRASEIRA,COM VÍTIMAS FERIDAS,PLENO DIA,Crescente,CÉU CLARO,MÚLTIPLA,Reta,Não,4,0,1,0,3,0,1,4,-22.86981096,-43.11046465,SPRF-RJ,DEL02-RJ,UOP02-DEL02-RJ,2021,,11,,,,1.0
336920.0,2021-01-27,,14:30:00,RJ,101,327,NITEROI,MANOBRA DE MUDANÇA DE FAIXA,COLISÃO TRASEIRA,COM VÍTIMAS FERIDAS,PLENO DIA,Decrescente,CÉU CLARO,DUPLA,Reta,Sim,2,0,1,0,1,0,1,2,-22.87117393,-43.15595099,SPRF-RJ,DEL02-RJ,UOP02-DEL02-RJ,2021,,14,,,,1.0
337066.0,2021-01-28,,12:50:00,RJ,101,310,SAO GONCALO,REAÇÃO TARDIA OU INEFICIENTE DO CONDUTOR,ENGAVETAMENTO,SEM VÍTIMAS,PLENO DIA,Decrescente,CÉU CLARO,DUPLA,Reta,Não,5,0,0,0,5,0,0,5,-22.79717023,-43.04404993,SPRF-RJ,DEL02-RJ,UOP02-DEL02-RJ,2021,,12,,,,0.0
337205.0,2021-01-29,,07:20:00,RJ,101,309,SAO GONCALO,AVARIAS E/OU DESGASTE EXCESSIVO NO PNEU,TOMBAMENTO,COM VÍTIMAS FERIDAS,PLENO DIA,Decrescente,CÉU CLARO,DUPLA,Reta,Sim,2,0,2,0,0,0,2,1,-22.79498873,-43.03446105,SPRF-RJ,DEL02-RJ,UOP02-DEL02-RJ,2021,,7,,,,1.0
337211.0,2021-01-29,,09:25:00,RJ,101,311,SAO GONCALO,PEDESTRE CRUZAVA A PISTA FORA DA FAIXA,ATROPELAMENTO DE PEDESTRE,COM VÍTIMAS FERIDAS,PLENO DIA,Crescente,CÉU CLARO,DUPLA,Reta,Não,2,0,1,0,1,0,1,2,-22.80062246,-43.05318779,SPRF-RJ,DEL02-RJ,UOP02-DEL02-RJ,2021,,9,,,,1.0
337386.0,2021-01-30,,04:05:00,RJ,101,297,ITABORAI,PEDESTRE ANDAVA NA PISTA,ATROPELAMENTO DE PEDESTRE,COM VÍTIMAS FATAIS,PLENA NOITE,Decrescente,CÉU CLARO,DUPLA,Aclive,Sim,5,1,0,0,3,1,0,3,-22.76942037,-42.91873581,SPRF-RJ,DEL02-RJ,UOP02-DEL02-RJ,2021,,4,,,,2.0
337515.0,2021-01-30,,15:31:00,RJ,101,316,SAO GONCALO,AUSÊNCIA DE SINALIZAÇÃO,TOMBAMENTO,COM VÍTIMAS FERIDAS,PLENO DIA,Decrescente,SOL,DUPLA,Interseção de Vias,Sim,2,0,1,0,1,0,1,2,-22.8256041,-43.08956981,SPRF-RJ,DEL02-RJ,UOP02-DEL02-RJ,2021,,15,,,,1.0
337568.0,2021-01-30,,19:50:00,RJ,101,282,ITABORAI,VELOCIDADE INCOMPATÍVEL,QUEDA DE OCUPANTE DE VEÍCULO,COM VÍTIMAS FERIDAS,PLENA NOITE,Decrescente,CÉU CLARO,DUPLA,Curva,Sim,1,0,1,0,0,0,1,1,-22.73510272,-42.80402184,SPRF-RJ,DEL02-RJ,UOP03-DEL02-RJ,2021,,19,,,,1.0
337588.0,2021-01-30,,21:10:00,RJ,101,309,SAO GONCALO,PEDESTRE ANDAVA NA PISTA,ATROPELAMENTO DE PEDESTRE,COM VÍTIMAS FATAIS,PLENA NOITE,Crescente,CÉU CLARO,DUPLA,Reta,Sim,2,1,0,0,1,0,0,2,-22.79498873,-43.03446105,SPRF-RJ,DEL02-RJ,UOP02-DEL02-RJ,2021,,21,,,,2.0
337651.0,2021-01-31,,02:10:00,RJ,101,293,ITABORAI,ACUMULO DE AREIA OU DETRITOS SOBRE O PAVIMENTO,SAÍDA DE LEITO CARROÇÁVEL,COM VÍTIMAS FERIDAS,PLENA NOITE,Crescente,CÉU CLARO,MÚLTIPLA,Curva,Sim,1,0,0,1,0,0,1,1,-22.75498078,-42.89111853,SPRF-RJ,DEL02-RJ,UOP02-DEL02-RJ,2021,,2,,,,1.0
337667.0,2021-01-31,,06:20:00,RJ,101,324,NITEROI,AUSÊNCIA DE REAÇÃO DO CONDUTOR,COLISÃO TRASEIRA,SEM VÍTIMAS,PLENO DIA,Decrescente,CÉU CLARO,DUPLA,Reta,Sim,2,0,0,0,2,0,0,2,-22.873052,-43.13421,SPRF-RJ,DEL02-RJ,UOP02-DEL02-RJ,2021,,6,,,,0.0
337725.0,2021-01-31,,14:25:00,RJ,101,264,RIO BONITO,CONDUTOR USANDO CELULAR,SAÍDA DE LEITO CARROÇÁVEL,SEM VÍTIMAS,PLENO DIA,Crescente,CÉU CLARO,DUPLA,Reta,Não,3,0,0,0,3,0,0,1,-22.71818337,-42.63600702,SPRF-RJ,DEL02-RJ,UOP03-DEL02-RJ,2021,,14,,,,0.0
337727.0,2021-01-31,,15:20:00,RJ,101,271,RIO BONITO,CONDUTOR DEIXOU DE MANTER DISTÂNCIA DO VEÍCULO DA FRENTE,SAÍDA DE LEITO CARROÇÁVEL,COM VÍTIMAS FERIDAS,PLENO DIA,Decrescente,CÉU CLARO,DUPLA,Reta,Sim,2,0,1,0,1,0,1,1,-22.72443147,-42.69368143,SPRF-RJ,DEL02-RJ,UOP03-DEL02-RJ,2021,,15,,,,1.0
337850.0,2021-02-01,5.0,00:00:00,RJ,101,268,RIO BONITO,CHUVA,ATROPELAMENTO DE PEDESTRE,COM VÍTIMAS FATAIS,PLENA NOITE,Decrescente,CÉU CLARO,DUPLA,Reta,Não,2,1,0,0,1,0,0,2,-22.7112997,-42.66922613,SPRF-RJ,DEL02-RJ,UOP03-DEL02-RJ,2021,2021-01-02,0,2021.0,1.0,Sábado,2.0
337921.0,2021-02-01,5.0,09:20:00,RJ,101,322,NITEROI,CONDUTOR DEIXOU DE MANTER DISTÂNCIA DO VEÍCULO DA FRENTE,COLISÃO LATERAL,COM VÍTIMAS FERIDAS,PLENO DIA,Crescente,CÉU CLARO,DUPLA,Reta,Sim,2,0,1,0,1,0,1,2,-22.878923,-43.110676,SPRF-RJ,DEL02-RJ,UOP02-DEL02-RJ,2021,2021-01-02,9,2021.0,1.0,Sábado,1.0
338022.0,2021-02-01,5.0,07:45:00,RJ,101,304,SAO GONCALO,CONDUTOR DEIXOU DE MANTER DISTÂNCIA DO VEÍCULO DA FRENTE,COLISÃO TRASEIRA,SEM VÍTIMAS,PLENO DIA,Crescente,CÉU CLARO,DUPLA,Reta,Sim,8,0,0,0,8,0,0,8,-22.78491869,-42.98627706,SPRF-RJ,DEL02-RJ,UOP02-DEL02-RJ,2021,2021-01-02,7,2021.0,1.0,Sábado,0.0
338251.0,2021-02-03,1.0,03:45:00,RJ,101,269,RIO BONITO,REAÇÃO TARDIA OU INEFICIENTE DO CONDUTOR,COLISÃO COM OBJETO,SEM VÍTIMAS,PLENA NOITE,Decrescente,CÉU CLARO,DUPLA,Reta,Não,1,0,0,0,1,0,0,1,-22.71495082,-42.67804708,SPRF-RJ,DEL02-RJ,UOP03-DEL02-RJ,2021,2021-03-02,3,2021.0,3.0,Terça,0.0
338825.0,2021-02-05,6.0,18:30:00,RJ,493,1,ITABORAI,ACESSAR A VIA SEM OBSERVAR A PRESENÇA DOS OUTROS VEÍCULOS,COLISÃO TRANSVERSAL,COM VÍTIMAS FERIDAS,ANOITECER,Crescente,CHUVA,MÚLTIPLA,Reta,Sim,2,0,1,0,1,0,1,2,-22.76398788,-42.92731895,SPRF-RJ,DEL02-RJ,UOP02-DEL02-RJ,2021,2021-05-02,18,2021.0,5.0,Domingo,1.0
338929.0,2021-02-06,2.0,12:40:00,RJ,101,295,ITABORAI,PEDESTRE CRUZAVA A PISTA FORA DA FAIXA,ATROPELAMENTO DE PEDESTRE,COM VÍTIMAS FERIDAS,PLENO DIA,Crescente,CHUVA,DUPLA,Reta,Sim,2,0,1,0,0,1,1,2,-22.7584434,-42.89502344,SPRF-RJ,DEL02-RJ,UOP02-DEL02-RJ,2021,2021-06-02,12,2021.0,6.0,Quarta,1.0
338991.0,2021-02-06,2.0,09:49:00,RJ,101,322,NITEROI,MANOBRA DE MUDANÇA DE FAIXA,COLISÃO LATERAL,COM VÍTIMAS FERIDAS,PLENO DIA,Crescente,NUBLADO,MÚLTIPLA,Curva,Não,2,0,1,0,1,0,1,2,-22.878923,-43.110676,SPRF-RJ,DEL02-RJ,UOP02-DEL02-RJ,2021,2021-06-02,9,2021.0,6.0,Quarta,1.0
339441.0,2021-02-08,0.0,09:30:00,RJ,101,318,SAO GONCALO,PEDESTRE CRUZAVA A PISTA FORA DA FAIXA,ATROPELAMENTO DE PEDESTRE,COM VÍTIMAS FERIDAS,PLENO DIA,Crescente,NUBLADO,DUPLA,Reta,Sim,3,0,1,0,1,1,1,2,-22.85136162,-43.10044885,SPRF-RJ,DEL02-RJ,UOP02-DEL02-RJ,2021,2021-08-02,9,2021.0,8.0,Segunda,1.0
339480.0,2021-02-08,0.0,18:10:00,RJ,101,306,SAO GONCALO,CONDUTOR DEIXOU DE MANTER DISTÂNCIA DO VEÍCULO DA FRENTE,COLISÃO LATERAL,COM VÍTIMAS FERIDAS,ANOITECER,Crescente,CÉU CLARO,DUPLA,Reta,Sim,4,0,1,0,3,0,1,3,-22.78913759,-43.00550909,SPRF-RJ,DEL02-RJ,UOP02-DEL02-RJ,2021,2021-08-02,18,2021.0,8.0,Segunda,1.0
339870.0,2021-02-10,5.0,17:07:00,RJ,101,319,NITEROI,CONDUTOR DEIXOU DE MANTER DISTÂNCIA DO VEÍCULO DA FRENTE,COLISÃO TRASEIRA,COM VÍTIMAS FERIDAS,ANOITECER,Decrescente,CÉU CLARO,DUPLA,Reta,Não,5,0,0,1,4,0,1,2,-22.85411774,-43.1018014,SPRF-RJ,DEL02-RJ,UOP02-DEL02-RJ,2021,2021-10-02,17,2021.0,10.0,Sábado,1.0
340273.0,2021-02-12,3.0,17:00:00,RJ,101,290,ITABORAI,CONDUTOR DORMINDO,COLISÃO LATERAL MESMO SENTIDO,COM VÍTIMAS FERIDAS,ANOITECER,Crescente,NUBLADO,MÚLTIPLA,Reta,Não,2,0,1,0,1,0,1,2,-22.76708384,-42.86081305,SPRF-RJ,DEL02-RJ,UOP03-DEL02-RJ,2021,2021-12-02,17,2021.0,12.0,Quinta,1.0
340579.0,2021-02-13,,22:00:00,RJ,101,283,ITABORAI,CHUVA,COLISÃO FRONTAL,COM VÍTIMAS FERIDAS,PLENA NOITE,Decrescente,CHUVA,SIMPLES,Curva,Não,3,0,2,0,1,0,2,2,-22.73591014,-42.80592689,SPRF-RJ,DEL02-RJ,UOP03-DEL02-RJ,2021,,22,,,,1.0
340596.0,2021-02-14,,00:40:00,RJ,101,269,RIO BONITO,VELOCIDADE INCOMPATÍVEL,COLISÃO TRASEIRA,SEM VÍTIMAS,PLENA NOITE,Decrescente,CHUVA,DUPLA,Reta,Sim,2,0,0,0,2,0,0,2,-22.71495082,-42.67804708,SPRF-RJ,DEL02-RJ,UOP03-DEL02-RJ,2021,,0,,,,0.0
340634.0,2021-02-14,,06:35:00,RJ,101,293,ITABORAI,CHUVA,COLISÃO COM OBJETO,COM VÍTIMAS FERIDAS,PLENO DIA,Crescente,CHUVA,DUPLA,Curva,Sim,1,0,1,0,0,0,1,1,-22.75529738,-42.89115071,SPRF-RJ,DEL02-RJ,UOP02-DEL02-RJ,2021,,6,,,,1.0
340690.0,2021-02-14,,15:00:00,RJ,101,265,RIO BONITO,TRANSITAR NA CONTRAMÃO,COLISÃO FRONTAL,COM VÍTIMAS FERIDAS,PLENO DIA,Crescente,CÉU CLARO,DUPLA,Reta,Não,4,0,3,1,0,0,4,2,-22.71359987,-42.64391188,SPRF-RJ,DEL02-RJ,UOP03-DEL02-RJ,2021,,15,,,,1.0
340837.0,2021-02-14,,20:38:00,RJ,101,293,ITABORAI,REAÇÃO TARDIA OU INEFICIENTE DO CONDUTOR,QUEDA DE OCUPANTE DE VEÍCULO,COM VÍTIMAS FERIDAS,PLENA NOITE,Decrescente,CÉU CLARO,SIMPLES,Reta,Sim,1,0,1,0,0,0,1,1,-22.75643515,-42.89199829,SPRF-RJ,DEL02-RJ,UOP02-DEL02-RJ,2021,,20,,,,1.0
340941.0,2021-02-15,,16:15:00,RJ,493,"4,8",ITABORAI,REAÇÃO TARDIA OU INEFICIENTE DO CONDUTOR,SAÍDA DE LEITO CARROÇÁVEL,COM VÍTIMAS FERIDAS,PLENO DIA,Crescente,NUBLADO,DUPLA,Desvio Temporário,Sim,5,0,1,0,4,0,1,2,-22.74828913,-42.9500441,SPRF-RJ,DEL02-RJ,UOP02-DEL02-RJ,2021,,16,,,,1.0
341065.0,2021-02-16,,14:00:00,RJ,101,282,ITABORAI,CURVA ACENTUADA,COLISÃO COM OBJETO,COM VÍTIMAS FATAIS,PLENO DIA,Decrescente,CÉU CLARO,DUPLA,Declive,Não,1,1,0,0,0,0,0,1,-22.7371391,-42.79664601,SPRF-RJ,DEL02-RJ,UOP03-DEL02-RJ,2021,,14,,,,2.0
341212.0,2021-02-17,,06:30:00,RJ,101,324,NITEROI,AUSÊNCIA DE REAÇÃO DO CONDUTOR,COLISÃO TRASEIRA,COM VÍTIMAS FERIDAS,PLENO DIA,Crescente,CÉU CLARO,MÚLTIPLA,Reta,Não,2,0,1,0,1,0,1,2,-22.87381074,-43.12640997,SPRF-RJ,DEL02-RJ,UOP02-DEL02-RJ,2021,,6,,,,1.0
341275.0,2021-02-17,,07:40:00,RJ,101,259,RIO BONITO,MANOBRA DE MUDANÇA DE FAIXA,ATROPELAMENTO DE PEDESTRE,COM VÍTIMAS FERIDAS,PLENO DIA,Crescente,NUBLADO,DUPLA,Reta,Não,2,0,1,0,0,1,1,2,-22.70382012,-42.59637797,SPRF-RJ,DEL02-RJ,UOP03-DEL02-RJ,2021,,7,,,,1.0
341332.0,2021-02-18,,03:15:00,RJ,101,285,ITABORAI,CONDUTOR DEIXOU DE MANTER DISTÂNCIA DO VEÍCULO DA FRENTE,COLISÃO LATERAL,COM VÍTIMAS FERIDAS,PLENA NOITE,Crescente,NUBLADO,DUPLA,Reta,Não,2,0,1,0,1,0,1,2,-22.7498742,-42.81644087,SPRF-RJ,DEL02-RJ,UOP03-DEL02-RJ,2021,,3,,,,1.0
341425.0,2021-02-18,,11:35:00,RJ,101,321,NITEROI,AUSÊNCIA DE REAÇÃO DO CONDUTOR,TOMBAMENTO,COM VÍTIMAS FERIDAS,PLENO DIA,Crescente,CÉU CLARO,DUPLA,Curva,Sim,1,0,1,0,0,0,1,1,-22.86981096,-43.11046465,SPRF-RJ,DEL02-RJ,UOP02-DEL02-RJ,2021,,11,,,,1.0
341674.0,2021-02-19,,16:40:00,RJ,101,249,RIO BONITO,ACUMULO DE ÁGUA SOBRE O PAVIMENTO,CAPOTAMENTO,SEM VÍTIMAS,PLENO DIA,Decrescente,GAROA/CHUVISCO,DUPLA,Reta,Não,1,0,0,0,1,0,0,1,-22.66899692,-42.50868109,SPRF-RJ,DEL02-RJ,UOP03-DEL02-RJ,2021,,16,,,,0.0
341812.0,2021-02-16,,02:00:00,RJ,101,299,ITABORAI,DEMAIS FALHAS MECÂNICAS OU ELÉTRICAS,INCÊNDIO,SEM VÍTIMAS,PLENA NOITE,Decrescente,CHUVA,DUPLA,Reta,Sim,1,0,0,0,1,0,0,1,-22.77432673,-42.93823207,SPRF-RJ,DEL02-RJ,UOP02-DEL02-RJ,2021,,2,,,,0.0
341874.0,2021-02-20,,15:20:00,RJ,101,323,NITEROI,AVARIAS E/OU DESGASTE EXCESSIVO NO PNEU,TOMBAMENTO,COM VÍTIMAS FERIDAS,PLENO DIA,Decrescente,CÉU CLARO,DUPLA,Reta,Sim,2,0,2,0,0,0,2,1,-22.87684786,-43.11728689,SPRF-RJ,DEL02-RJ,UOP02-DEL02-RJ,2021,,15,,,,1.0
342046.0,2021-02-21,,11:10:00,RJ,101,283,ITABORAI,REAÇÃO TARDIA OU INEFICIENTE DO CONDUTOR,TOMBAMENTO,COM VÍTIMAS FERIDAS,PLENO DIA,Decrescente,CÉU CLARO,DUPLA,Curva,Sim,1,0,1,0,0,0,1,1,-22.73591014,-42.80592689,SPRF-RJ,DEL02-RJ,UOP03-DEL02-RJ,2021,,11,,,,1.0
342176.0,2021-02-21,,22:40:00,RJ,101,290,ITABORAI,REAÇÃO TARDIA OU INEFICIENTE DO CONDUTOR,COLISÃO COM OBJETO,COM VÍTIMAS FERIDAS,PLENA NOITE,Crescente,NUBLADO,DUPLA,Curva,Não,2,0,1,0,1,0,1,1,-22.76708384,-42.86081305,SPRF-RJ,DEL02-RJ,UOP03-DEL02-RJ,2021,,22,,,,1.0
342212.0,2021-02-22,,06:25:00,RJ,101,321,NITEROI,CONDUTOR DEIXOU DE MANTER DISTÂNCIA DO VEÍCULO DA FRENTE,COLISÃO TRASEIRA,COM VÍTIMAS FERIDAS,PLENO DIA,Crescente,NUBLADO,MÚLTIPLA,Reta,Sim,2,0,1,0,1,0,1,2,-22.86981096,-43.11046465,SPRF-RJ,DEL02-RJ,UOP02-DEL02-RJ,2021,,6,,,,1.0
342252.0,2021-02-22,,08:45:00,RJ,101,300,ITABORAI,PEDESTRE ANDAVA NA PISTA,ATROPELAMENTO DE PEDESTRE,COM VÍTIMAS FERIDAS,PLENO DIA,Crescente,NUBLADO,DUPLA,Reta,Sim,2,0,1,0,1,0,1,2,-22.77645713,-42.94783697,SPRF-RJ,DEL02-RJ,UOP02-DEL02-RJ,2021,,8,,,,1.0
342283.0,2021-02-22,,08:10:00,RJ,101,309,SAO GONCALO,PEDESTRE CRUZAVA A PISTA FORA DA FAIXA,ATROPELAMENTO DE PEDESTRE,COM VÍTIMAS FERIDAS,PLENO DIA,Crescente,GAROA/CHUVISCO,DUPLA,Reta,Sim,2,0,1,0,0,1,1,2,-22.79498873,-43.03446105,SPRF-RJ,DEL02-RJ,UOP02-DEL02-RJ,2021,,8,,,,1.0
343027.0,2021-02-26,,09:20:00,RJ,101,290,ITABORAI,REAÇÃO TARDIA OU INEFICIENTE DO CONDUTOR,COLISÃO COM OBJETO,COM VÍTIMAS FERIDAS,PLENO DIA,Crescente,CÉU CLARO,DUPLA,Reta,Sim,3,0,1,0,2,0,1,1,-22.76708384,-42.86081305,SPRF-RJ,DEL02-RJ,UOP03-DEL02-RJ,2021,,9,,,,1.0
343215.0,2021-02-27,,07:50:00,RJ,101,294,ITABORAI,MANOBRA DE MUDANÇA DE FAIXA,COLISÃO LATERAL MESMO SENTIDO,COM VÍTIMAS FERIDAS,PLENO DIA,Decrescente,NUBLADO,DUPLA,Reta,Sim,2,0,1,0,0,1,1,2,-22.7584434,-42.89502344,SPRF-RJ,DEL02-RJ,UOP02-DEL02-RJ,2021,,7,,,,1.0
343250.0,2021-02-27,,09:40:00,RJ,101,322,NITEROI,AUSÊNCIA DE REAÇÃO DO CONDUTOR,QUEDA DE OCUPANTE DE VEÍCULO,COM VÍTIMAS FERIDAS,PLENO DIA,Crescente,CÉU CLARO,SIMPLES,Reta,Sim,1,0,1,0,0,0,1,1,-22.878923,-43.110676,SPRF-RJ,DEL02-RJ,UOP02-DEL02-RJ,2021,,9,,,,1.0
343314.0,2021-02-27,,18:00:00,RJ,101,313,SAO GONCALO,INGESTÃO DE ÁLCOOL PELO CONDUTOR,COLISÃO TRASEIRA,COM VÍTIMAS FERIDAS,ANOITECER,Decrescente,NUBLADO,MÚLTIPLA,Reta,Sim,2,0,1,0,1,0,1,2,-22.81049093,-43.06983304,SPRF-RJ,DEL02-RJ,UOP02-DEL02-RJ,2021,,18,,,,1.0
343327.0,2021-02-27,,19:35:00,RJ,101,283,ITABORAI,AUSÊNCIA DE REAÇÃO DO CONDUTOR,COLISÃO LATERAL MESMO SENTIDO,COM VÍTIMAS FERIDAS,PLENA NOITE,Crescente,CÉU CLARO,DUPLA,Reta,Não,3,0,1,0,2,0,1,2,-22.73591014,-42.80592689,SPRF-RJ,DEL02-RJ,UOP03-DEL02-RJ,2021,,19,,,,1.0
343433.0,2021-02-28,,05:00:00,RJ,101,287,ITABORAI,INGESTÃO DE ÁLCOOL PELO CONDUTOR,COLISÃO COM OBJETO,COM VÍTIMAS FERIDAS,AMANHECER,Decrescente,CÉU CLARO,DUPLA,Declive,Não,2,0,2,0,0,0,2,1,-22.75517486,-42.83462502,SPRF-RJ,DEL02-RJ,UOP03-DEL02-RJ,2021,,5,,,,1.0
343560.0,2021-02-28,,21:50:00,RJ,101,283,ITABORAI,MANOBRA DE MUDANÇA DE FAIXA,COLISÃO LATERAL MESMO SENTIDO,COM VÍTIMAS FERIDAS,PLENA NOITE,Crescente,CÉU CLARO,DUPLA,Reta,Sim,3,0,2,0,1,0,2,2,-22.73591014,-42.80592689,SPRF-RJ,DEL02-RJ,UOP03-DEL02-RJ,2021,,21,,,,1.0
343653.0,2021-03-01,6.0,07:20:00,RJ,101,313,SAO GONCALO,ACESSO IRREGULAR,COLISÃO LATERAL MESMO SENTIDO,COM VÍTIMAS FERIDAS,PLENO DIA,Crescente,CÉU CLARO,DUPLA,Reta,Sim,2,0,1,0,1,0,1,2,-22.81049093,-43.06983304,SPRF-RJ,DEL02-RJ,UOP02-DEL02-RJ,2021,2021-01-03,7,2021.0,1.0,Domingo,1.0
343801.0,2021-03-02,2.0,07:50:00,RJ,101,311,SAO GONCALO,CONDUTOR DEIXOU DE MANTER DISTÂNCIA DO VEÍCULO DA FRENTE,COLISÃO TRASEIRA,COM VÍTIMAS FERIDAS,PLENO DIA,Crescente,CÉU CLARO,DUPLA,Reta,Sim,3,0,1,0,2,0,1,2,-22.80062246,-43.05318779,SPRF-RJ,DEL02-RJ,UOP02-DEL02-RJ,2021,2021-02-03,7,2021.0,2.0,Quarta,1.0
343804.0,2021-03-02,2.0,07:30:00,RJ,101,311,SAO GONCALO,DEMAIS FALHAS MECÂNICAS OU ELÉTRICAS,COLISÃO LATERAL MESMO SENTIDO,COM VÍTIMAS FERIDAS,PLENO DIA,Decrescente,CÉU CLARO,DUPLA,Reta,Sim,3,0,2,0,1,0,2,2,-22.80062246,-43.05318779,SPRF-RJ,DEL02-RJ,UOP02-DEL02-RJ,2021,2021-02-03,7,2021.0,2.0,Quarta,1.0
344441.0,2021-03-05,0.0,16:25:00,RJ,101,321,NITEROI,OBSTRUÇÃO NA VIA,ENGAVETAMENTO,COM VÍTIMAS FERIDAS,PLENO DIA,Crescente,CÉU CLARO,DUPLA,Reta,Sim,7,0,2,0,5,0,2,3,-22.86981096,-43.11046465,SPRF-RJ,DEL02-RJ,UOP02-DEL02-RJ,2021,2021-05-03,16,2021.0,5.0,Segunda,1.0
344939.0,2021-03-07,5.0,20:30:00,RJ,101,310,SAO GONCALO,CONDUTOR DEIXOU DE MANTER DISTÂNCIA DO VEÍCULO DA FRENTE,COLISÃO TRASEIRA,COM VÍTIMAS FERIDAS,PLENA NOITE,Crescente,NUBLADO,DUPLA,Reta,Sim,4,0,2,0,2,0,2,2,-22.79717023,-43.04404993,SPRF-RJ,DEL02-RJ,UOP02-DEL02-RJ,2021,2021-07-03,20,2021.0,7.0,Sábado,1.0
345166.0,2021-03-06,3.0,00:10:00,RJ,101,312,SAO GONCALO,INGESTÃO DE ÁLCOOL PELO CONDUTOR,COLISÃO TRASEIRA,SEM VÍTIMAS,PLENA NOITE,Crescente,NUBLADO,DUPLA,Reta,Sim,2,0,0,0,2,0,0,2,-22.80546555,-43.06156967,SPRF-RJ,DEL02-RJ,UOP02-DEL02-RJ,2021,2021-06-03,0,2021.0,6.0,Quinta,0.0
345406.0,2021-03-10,6.0,07:40:00,RJ,101,304,SAO GONCALO,CONDUTOR DEIXOU DE MANTER DISTÂNCIA DO VEÍCULO DA FRENTE,COLISÃO TRASEIRA,COM VÍTIMAS FERIDAS,PLENO DIA,Decrescente,CÉU CLARO,DUPLA,Reta,Sim,4,0,2,0,2,0,2,2,-22.78491869,-42.98627706,SPRF-RJ,DEL02-RJ,UOP02-DEL02-RJ,2021,2021-10-03,7,2021.0,10.0,Domingo,1.0
345485.0,2021-03-10,6.0,15:20:00,RJ,101,295,ITABORAI,DEMAIS FALHAS MECÂNICAS OU ELÉTRICAS,QUEDA DE OCUPANTE DE VEÍCULO,COM VÍTIMAS FERIDAS,PLENO DIA,Decrescente,NUBLADO,DUPLA,Reta,Não,2,0,2,0,0,0,2,1,-22.76365068,-42.90223623,SPRF-RJ,DEL02-RJ,UOP02-DEL02-RJ,2021,2021-10-03,15,2021.0,10.0,Domingo,1.0
345582.0,2021-03-11,2.0,10:07:00,RJ,101,323,NITEROI,CONDUTOR DEIXOU DE MANTER DISTÂNCIA DO VEÍCULO DA FRENTE,COLISÃO TRASEIRA,COM VÍTIMAS FERIDAS,PLENO DIA,Decrescente,CÉU CLARO,SIMPLES,Reta,Sim,2,0,1,0,1,0,1,2,-22.874954,-43.120294,SPRF-RJ,DEL02-RJ,UOP02-DEL02-RJ,2021,2021-11-03,10,2021.0,11.0,Quarta,1.0
345759.0,2021-03-12,4.0,08:00:00,RJ,101,303,SAO GONCALO,CONDUTOR DEIXOU DE MANTER DISTÂNCIA DO VEÍCULO DA FRENTE,COLISÃO TRASEIRA,COM VÍTIMAS FERIDAS,PLENO DIA,Decrescente,SOL,DUPLA,Reta,Sim,2,0,1,0,1,0,1,2,-22.7828205,-42.9766681,SPRF-RJ,DEL02-RJ,UOP02-DEL02-RJ,2021,2021-12-03,8,2021.0,12.0,Sexta,1.0
345872.0,2021-03-12,4.0,15:45:00,RJ,101,303,SAO GONCALO,ACESSO IRREGULAR,COLISÃO TRANSVERSAL,COM VÍTIMAS FATAIS,PLENO DIA,Decrescente,CÉU CLARO,DUPLA,Ponte;Aclive,Sim,3,1,0,0,2,0,0,2,-22.7828205,-42.9766681,SPRF-RJ,DEL02-RJ,UOP02-DEL02-RJ,2021,2021-12-03,15,2021.0,12.0,Sexta,2.0