id,data_inversa,dia_semana,horario,uf,br,km,municipio,causa_acidente,tipo_acidente,classificacao_acidente,fase_dia,sentido_via,condicao_metereologica,tipo_pista,tracado_via,uso_solo,pessoas,mortos,feridos_leves,feridos_graves,ilesos,ignorados,feridos,veiculos,latitude,longitude,regional,delegacia,uop,ano_arquivo,data,hora,ano,mes,dia_semana_nome,gravidade
345889.0,2021-03-12,4.0,17:30:00,RJ,101,262,RIO BONITO,REAÇÃO TARDIA OU INEFICIENTE DO CONDUTOR,COLISÃO COM OBJETO,COM VÍTIMAS FERIDAS,PLENO DIA,Crescente,NUBLADO,DUPLA,Curva,Sim,2,0,1,0,1,0,1,2,-22.71367506,-42.62052996,SPRF-RJ,DEL02-RJ,UOP03-DEL02-RJ,2021,2021-12-03,17,2021.0,12.0,Sexta,1.0
345898.0,2021-03-12,4.0,19:00:00,RJ,0,0,SAO GONCALO,ACESSAR A VIA SEM OBSERVAR A PRESENÇA DOS OUTROS VEÍCULOS,COLISÃO LATERAL MESMO SENTIDO,SEM VÍTIMAS,PLENA NOITE,Não Informado,CÉU CLARO,SIMPLES,Reta,Sim,2,0,0,0,2,0,0,2,-22.82073405,-43.00346727,SPRF-RJ,DEL02-RJ,UOP02-DEL02-RJ,2021,2021-12-03,19,2021.0,12.0,Sexta,0.0
345962.0,2021-03-13,,03:50:00,RJ,101,306,SAO GONCALO,TRANSITAR NA CONTRAMÃO,COLISÃO FRONTAL,COM VÍTIMAS FERIDAS,PLENA NOITE,Crescente,CÉU CLARO,DUPLA,Ponte,Não,4,0,2,2,0,0,4,2,-22.78913759,-43.00550909,SPRF-RJ,DEL02-RJ,UOP02-DEL02-RJ,2021,,3,,,,1.0
346153.0,2021-03-14,,03:20:00,RJ,101,262,RIO BONITO,REAÇÃO TARDIA OU INEFICIENTE DO CONDUTOR,COLISÃO COM OBJETO,COM VÍTIMAS FATAIS,PLENA NOITE,Decrescente,CÉU CLARO,DUPLA,Curva,Sim,2,1,0,1,0,0,1,1,-22.71367506,-42.62052996,SPRF-RJ,DEL02-RJ,UOP03-DEL02-RJ,2021,,3,,,,2.0
346395.0,2021-03-15,,13:07:00,RJ,101,323,NITEROI,CONDUTOR DEIXOU DE MANTER DISTÂNCIA DO VEÍCULO DA FRENTE,ENGAVETAMENTO,COM VÍTIMAS FERIDAS,PLENO DIA,Decrescente,CÉU CLARO,DUPLA,Reta,Não,3,0,1,0,2,0,1,3,-22.87684786,-43.11728689,SPRF-RJ,DEL02-RJ,UOP02-DEL02-RJ,2021,,13,,,,1.0
346607.0,2021-03-16,,10:55:00,RJ,101,320,SAO GONCALO,REAÇÃO TARDIA OU INEFICIENTE DO CONDUTOR,QUEDA DE OCUPANTE DE VEÍCULO,COM VÍTIMAS FERIDAS,PLENO DIA,Decrescente,CÉU CLARO,DUPLA,Curva,Sim,2,0,1,1,0,0,2,1,-22.86171098,-43.10714015,SPRF-RJ,DEL02-RJ,UOP02-DEL02-RJ,2021,,10,,,,1.0
346649.0,2021-03-17,,06:38:00,RJ,101,309,SAO GONCALO,REAÇÃO TARDIA OU INEFICIENTE DO CONDUTOR,ENGAVETAMENTO,SEM VÍTIMAS,PLENO DIA,Crescente,SOL,DUPLA,Reta,Não,3,0,0,0,3,0,0,3,-22.79498873,-43.03446105,SPRF-RJ,DEL02-RJ,UOP02-DEL02-RJ,2021,,6,,,,0.0
346850.0,2021-03-18,,07:20:00,RJ,101,313,SAO GONCALO,MANOBRA DE MUDANÇA DE FAIXA,COLISÃO LATERAL MESMO SENTIDO,COM VÍTIMAS FERIDAS,PLENO DIA,Crescente,CÉU CLARO,DUPLA,Reta,Não,2,0,1,0,1,0,1,2,-22.81049093,-43.06983304,SPRF-RJ,DEL02-RJ,UOP02-DEL02-RJ,2021,,7,,,,1.0
346913.0,2021-03-18,,17:10:00,RJ,101,313,SAO GONCALO,CONDUTOR DEIXOU DE MANTER DISTÂNCIA DO VEÍCULO DA FRENTE,COLISÃO TRASEIRA,COM VÍTIMAS FERIDAS,ANOITECER,Decrescente,CÉU CLARO,DUPLA,Reta,Sim,2,0,1,0,1,0,1,2,-22.81049093,-43.06983304,SPRF-RJ,DEL02-RJ,UOP02-DEL02-RJ,2021,,17,,,,1.0
346948.0,2021-03-18,,22:20:00,RJ,101,314,SAO GONCALO,INGESTÃO DE ÁLCOOL PELO CONDUTOR,COLISÃO TRASEIRA,SEM VÍTIMAS,PLENA NOITE,Decrescente,CÉU CLARO,DUPLA,Reta,Sim,2,0,0,0,2,0,0,2,-22.81648739,-43.07728467,SPRF-RJ,DEL02-RJ,UOP02-DEL02-RJ,2021,,22,,,,0.0
347173.0,2021-03-20,,04:50:00,RJ,101,"297,8",ITABORAI,ACESSAR A VIA SEM OBSERVAR A PRESENÇA DOS OUTROS VEÍCULOS,COLISÃO TRANSVERSAL,COM VÍTIMAS FATAIS,PLENO DIA,Decrescente,CÉU CLARO,SIMPLES,Curva,Sim,2,1,0,0,1,0,0,2,-22.77118508,-42.92260675,SPRF-RJ,DEL02-RJ,UOP02-DEL02-RJ,2021,,4,,,,2.0
347244.0,2021-03-20,,13:15:00,RJ,101,281,ITABORAI,DEMAIS FALHAS MECÂNICAS OU ELÉTRICAS,TOMBAMENTO,COM VÍTIMAS FERIDAS,PLENO DIA,Crescente,CÉU CLARO,DUPLA,Reta,Sim,2,0,1,1,0,0,2,1,-22.73786208,-42.78692501,SPRF-RJ,DEL02-RJ,UOP03-DEL02-RJ,2021,,13,,,,1.0
347258.0,2021-03-20,,13:00:00,RJ,101,316,SAO GONCALO,INGESTÃO DE ÁLCOOL PELO CONDUTOR,COLISÃO COM OBJETO,COM VÍTIMAS FERIDAS,PLENO DIA,Decrescente,CÉU CLARO,DUPLA,Curva,Sim,1,0,1,0,0,0,1,1,-22.827306,-43.091332,SPRF-RJ,DEL02-RJ,UOP02-DEL02-RJ,2021,,13,,,,1.0
347331.0,2021-03-20,,22:40:00,RJ,101,305,SAO GONCALO,MANOBRA DE MUDANÇA DE FAIXA,COLISÃO TRASEIRA,SEM VÍTIMAS,PLENA NOITE,Crescente,CÉU CLARO,DUPLA,Reta,Sim,2,0,0,0,1,1,0,2,-22.78702832,-42.99589293,SPRF-RJ,DEL02-RJ,UOP02-DEL02-RJ,2021,,22,,,,0.0
347573.0,2021-03-22,,06:38:00,RJ,101,324,NITEROI,CONDUTOR DEIXOU DE MANTER DISTÂNCIA DO VEÍCULO DA FRENTE,COLISÃO LATERAL MESMO SENTIDO,COM VÍTIMAS FERIDAS,PLENO DIA,Decrescente,CÉU CLARO,DUPLA,Reta,Não,2,0,0,1,0,1,1,2,-22.87381074,-43.12640997,SPRF-RJ,DEL02-RJ,UOP02-DEL02-RJ,2021,,6,,,,1.0
347966.0,2021-03-20,,15:06:00,RJ,101,323,NITEROI,REAÇÃO TARDIA OU INEFICIENTE DO CONDUTOR,COLISÃO LATERAL MESMO SENTIDO,COM VÍTIMAS FERIDAS,PLENO DIA,Decrescente,CÉU CLARO,DUPLA,Reta,Sim,2,0,2,0,0,0,2,1,-22.87684786,-43.11728689,SPRF-RJ,DEL02-RJ,UOP02-DEL02-RJ,2021,,15,,,,1.0
348255.0,2021-03-26,,09:50:00,RJ,101,299,ITABORAI,AVARIAS E/OU DESGASTE EXCESSIVO NO PNEU,TOMBAMENTO,COM VÍTIMAS FERIDAS,PLENO DIA,Crescente,CÉU CLARO,SIMPLES,Reta,Sim,2,0,2,0,0,0,2,1,-22.77432673,-42.93823207,SPRF-RJ,DEL02-RJ,UOP02-DEL02-RJ,2021,,9,,,,1.0
348315.0,2021-03-26,,16:00:00,RJ,101,321,NITEROI,CURVA ACENTUADA,COLISÃO COM OBJETO,COM VÍTIMAS FERIDAS,PLENO DIA,Decrescente,CÉU CLARO,DUPLA,Curva,Sim,2,0,0,2,0,0,2,1,-22.86981096,-43.11046465,SPRF-RJ,DEL02-RJ,UOP02-DEL02-RJ,2021,,16,,,,1.0
348343.0,2021-03-26,,18:50:00,RJ,101,309,SAO GONCALO,CONDUTOR DEIXOU DE MANTER DISTÂNCIA DO VEÍCULO DA FRENTE,ENGAVETAMENTO,COM VÍTIMAS FERIDAS,PLENA NOITE,Decrescente,CÉU CLARO,DUPLA,Reta,Sim,5,0,2,0,2,1,2,4,-22.79498873,-43.03446105,SPRF-RJ,DEL02-RJ,UOP02-DEL02-RJ,2021,,18,,,,1.0
348353.0,2021-03-26,,20:00:00,RJ,101,312,SAO GONCALO,REAÇÃO TARDIA OU INEFICIENTE DO CONDUTOR,ENGAVETAMENTO,COM VÍTIMAS FERIDAS,PLENA NOITE,Decrescente,CÉU CLARO,DUPLA,Reta,Sim,4,0,2,0,2,0,2,3,-22.80546555,-43.06156967,SPRF-RJ,DEL02-RJ,UOP02-DEL02-RJ,2021,,20,,,,1.0
348363.0,2021-03-26,,20:40:00,RJ,101,263,RIO BONITO,TRANSITAR NO ACOSTAMENTO,ATROPELAMENTO DE PEDESTRE,COM VÍTIMAS FERIDAS,PLENA NOITE,Decrescente,CÉU CLARO,DUPLA,Reta,Sim,2,0,1,0,1,0,1,2,-22.71887266,-42.62637498,SPRF-RJ,DEL02-RJ,UOP03-DEL02-RJ,2021,,20,,,,1.0
348494.0,2021-03-27,,17:12:00,RJ,101,313,SAO GONCALO,AUSÊNCIA DE REAÇÃO DO CONDUTOR,COLISÃO LATERAL MESMO SENTIDO,SEM VÍTIMAS,PLENO DIA,Decrescente,CÉU CLARO,DUPLA,Reta,Sim,3,0,0,0,3,0,0,3,-22.81049093,-43.06983304,SPRF-RJ,DEL02-RJ,UOP02-DEL02-RJ,2021,,17,,,,0.0
348557.0,2021-03-27,,23:45:00,RJ,101,313,SAO GONCALO,AUSÊNCIA DE REAÇÃO DO CONDUTOR,COLISÃO COM OBJETO,SEM VÍTIMAS,PLENA NOITE,Decrescente,CÉU CLARO,DUPLA,Reta,Não,1,0,0,0,1,0,0,1,-22.81049093,-43.06983304,SPRF-RJ,DEL02-RJ,UOP02-DEL02-RJ,2021,,23,,,,0.0
348564.0,2021-03-27,,19:30:00,RJ,493,1,ITABORAI,ÁREA URBANA SEM A PRESENÇA DE LOCAL APROPRIADO PARA A TRAVESSIA DE PEDESTRES,ATROPELAMENTO DE PEDESTRE,COM VÍTIMAS FATAIS,PLENA NOITE,Decrescente,CÉU CLARO,DUPLA,Em Obras,Sim,2,1,0,0,1,0,0,2,-22.76398788,-42.92731895,SPRF-RJ,DEL02-RJ,UOP02-DEL02-RJ,2021,,19,,,,2.0
348627.0,2021-03-28,,13:15:00,RJ,101,323,NITEROI,REAÇÃO TARDIA OU INEFICIENTE DO CONDUTOR,COLISÃO LATERAL MESMO SENTIDO,COM VÍTIMAS FERIDAS,PLENO DIA,Decrescente,CÉU CLARO,DUPLA,Reta,Sim,4,0,2,0,2,0,2,2,-22.87684786,-43.11728689,SPRF-RJ,DEL02-RJ,UOP02-DEL02-RJ,2021,,13,,,,1.0
348720.0,2021-03-28,,21:25:00,RJ,101,292,ITABORAI,REAÇÃO TARDIA OU INEFICIENTE DO CONDUTOR,COLISÃO TRASEIRA,COM VÍTIMAS FERIDAS,PLENA NOITE,Crescente,CÉU CLARO,DUPLA,Reta,Não,3,0,1,0,2,0,1,2,-22.76038215,-42.87856408,SPRF-RJ,DEL02-RJ,UOP03-DEL02-RJ,2021,,21,,,,1.0
348872.0,2021-03-29,,19:00:00,RJ,101,"282,7",ITABORAI,VELOCIDADE INCOMPATÍVEL,COLISÃO LATERAL MESMO SENTIDO,COM VÍTIMAS FERIDAS,PLENA NOITE,Crescente,CÉU CLARO,DUPLA,Reta,Não,2,0,1,0,0,1,1,2,-22.7371391,-42.79664601,SPRF-RJ,DEL02-RJ,UOP03-DEL02-RJ,2021,,19,,,,1.0
349256.0,2021-03-31,,20:00:00,RJ,101,322,NITEROI,PEDESTRE CRUZAVA A PISTA FORA DA FAIXA,ATROPELAMENTO DE PEDESTRE,COM VÍTIMAS FERIDAS,PLENA NOITE,Crescente,NUBLADO,SIMPLES,Reta,Sim,2,0,1,0,1,0,1,2,-22.878923,-43.110676,SPRF-RJ,DEL02-RJ,UOP02-DEL02-RJ,2021,,20,,,,1.0
349290.0,2021-04-01,0.0,05:55:00,RJ,101,268,RIO BONITO,CONDUTOR DORMINDO,CAPOTAMENTO,COM VÍTIMAS FERIDAS,AMANHECER,Crescente,CÉU CLARO,DUPLA,Reta,Não,1,0,1,0,0,0,1,1,-22.7112997,-42.66922613,SPRF-RJ,DEL02-RJ,UOP03-DEL02-RJ,2021,2021-01-04,5,2021.0,1.0,Segunda,1.0
349558.0,2021-04-02,3.0,10:00:00,RJ,101,283,ITABORAI,AUSÊNCIA DE REAÇÃO DO CONDUTOR,TOMBAMENTO,COM VÍTIMAS FERIDAS,PLENO DIA,Decrescente,NUBLADO,DUPLA,Viaduto,Sim,2,0,2,0,0,0,2,1,-22.73591014,-42.80592689,SPRF-RJ,DEL02-RJ,UOP03-DEL02-RJ,2021,2021-02-04,10,2021.0,2.0,Quinta,1.0
349587.0,2021-04-02,3.0,15:15:00,RJ,101,279,ITABORAI,MANOBRA DE MUDANÇA DE FAIXA,COLISÃO LATERAL MESMO SENTIDO,COM VÍTIMAS FERIDAS,PLENO DIA,Crescente,CÉU CLARO,DUPLA,Curva,Sim,4,0,2,0,2,0,2,2,-22.7383655,-42.76745405,SPRF-RJ,DEL02-RJ,UOP03-DEL02-RJ,2021,2021-02-04,15,2021.0,2.0,Quinta,1.0
349767.0,2021-04-03,3.0,18:44:00,RJ,101,304,SAO GONCALO,TRANSITAR NO ACOSTAMENTO,COLISÃO COM OBJETO,COM VÍTIMAS FERIDAS,PLENA NOITE,Crescente,CÉU CLARO,DUPLA,Reta,Sim,1,0,1,0,0,0,1,1,-22.78491869,-42.98627706,SPRF-RJ,DEL02-RJ,UOP02-DEL02-RJ,2021,2021-03-04,18,2021.0,3.0,Quinta,1.0
349822.0,2021-04-03,3.0,22:10:00,RJ,101,297,ITABORAI,CONDUTOR DEIXOU DE MANTER DISTÂNCIA DO VEÍCULO DA FRENTE,COLISÃO TRASEIRA,SEM VÍTIMAS,PLENA NOITE,Crescente,CÉU CLARO,SIMPLES,Reta,Sim,3,0,0,0,3,0,0,2,-22.76698141,-42.9139924,SPRF-RJ,DEL02-RJ,UOP02-DEL02-RJ,2021,2021-03-04,22,2021.0,3.0,Quinta,0.0
349860.0,2021-04-04,6.0,11:20:00,RJ,101,299,ITABORAI,MANOBRA DE MUDANÇA DE FAIXA,COLISÃO FRONTAL,COM VÍTIMAS FERIDAS,PLENO DIA,Decrescente,CÉU CLARO,DUPLA,Reta,Sim,3,0,2,0,1,0,2,2,-22.77432673,-42.93823207,SPRF-RJ,DEL02-RJ,UOP02-DEL02-RJ,2021,2021-04-04,11,2021.0,4.0,Domingo,1.0
349967.0,2021-04-04,6.0,17:30:00,RJ,101,283,ITABORAI,DEMAIS FALHAS MECÂNICAS OU ELÉTRICAS,INCÊNDIO,SEM VÍTIMAS,ANOITECER,Crescente,CÉU CLARO,DUPLA,Reta,Não,1,0,0,0,1,0,0,1,-22.73591014,-42.80592689,SPRF-RJ,DEL02-RJ,UOP03-DEL02-RJ,2021,2021-04-04,17,2021.0,4.0,Domingo,0.0
350112.0,2021-04-05,1.0,17:40:00,RJ,101,316,SAO GONCALO,REAÇÃO TARDIA OU INEFICIENTE DO CONDUTOR,COLISÃO TRASEIRA,COM VÍTIMAS FERIDAS,ANOITECER,Decrescente,CÉU CLARO,DUPLA,Reta,Sim,3,0,0,1,2,0,1,2,-22.82873877,-43.09231639,SPRF-RJ,DEL02-RJ,UOP02-DEL02-RJ,2021,2021-05-04,17,2021.0,5.0,Terça,1.0
350139.0,2021-04-05,1.0,18:05:00,RJ,101,272,RIO BONITO,REAÇÃO TARDIA OU INEFICIENTE DO CONDUTOR,QUEDA DE OCUPANTE DE VEÍCULO,COM VÍTIMAS FERIDAS,PLENA NOITE,Crescente,CÉU CLARO,DUPLA,Reta,Não,2,0,0,2,0,0,2,1,-22.72935968,-42.70112512,SPRF-RJ,DEL02-RJ,UOP03-DEL02-RJ,2021,2021-05-04,18,2021.0,5.0,Terça,1.0
350226.0,2021-04-06,4.0,10:50:00,RJ,101,316,SAO GONCALO,AUSÊNCIA DE REAÇÃO DO CONDUTOR,COLISÃO TRASEIRA,COM VÍTIMAS FERIDAS,PLENO DIA,Crescente,CÉU CLARO,DUPLA,Reta,Sim,5,0,1,0,4,0,1,2,-22.82835879,-43.09208739,SPRF-RJ,DEL02-RJ,UOP02-DEL02-RJ,2021,2021-06-04,10,2021.0,6.0,Sexta,1.0
350268.0,2021-04-06,4.0,15:25:00,RJ,101,322,NITEROI,MANOBRA DE MUDANÇA DE FAIXA,COLISÃO LATERAL MESMO SENTIDO,COM VÍTIMAS FERIDAS,PLENO DIA,Decrescente,NUBLADO,DUPLA,Ponte,Sim,4,0,1,0,3,0,1,2,-22.87752943,-43.11625242,SPRF-RJ,DEL02-RJ,UOP02-DEL02-RJ,2021,2021-06-04,15,2021.0,6.0,Sexta,1.0
350382.0,2021-04-07,6.0,07:50:00,RJ,101,321,NITEROI,CONDUTOR DEIXOU DE MANTER DISTÂNCIA DO VEÍCULO DA FRENTE,ENGAVETAMENTO,COM VÍTIMAS FERIDAS,PLENO DIA,Crescente,NUBLADO,DUPLA,Reta,Sim,3,0,1,0,2,0,1,3,-22.86981096,-43.11046465,SPRF-RJ,DEL02-RJ,UOP02-DEL02-RJ,2021,2021-07-04,7,2021.0,7.0,Domingo,1.0
350414.0,2021-04-07,6.0,10:55:00,RJ,101,265,RIO BONITO,VELOCIDADE INCOMPATÍVEL,QUEDA DE OCUPANTE DE VEÍCULO,COM VÍTIMAS FERIDAS,PLENO DIA,Crescente,SOL,DUPLA,Reta,Não,1,0,0,1,0,0,1,1,-22.71359987,-42.64391188,SPRF-RJ,DEL02-RJ,UOP03-DEL02-RJ,2021,2021-07-04,10,2021.0,7.0,Domingo,1.0
350468.0,2021-04-07,6.0,16:10:00,RJ,493,6,ITABORAI,CONVERSÃO PROIBIDA,COLISÃO FRONTAL,COM VÍTIMAS FERIDAS,PLENO DIA,Crescente,CÉU CLARO,SIMPLES,Reta,Sim,2,0,1,0,1,0,1,2,-22.73124198,-42.95145305,SPRF-RJ,DEL02-RJ,UOP02-DEL02-RJ,2021,2021-07-04,16,2021.0,7.0,Domingo,1.0
350491.0,2021-04-07,6.0,20:30:00,RJ,101,271,RIO BONITO,DEMAIS FALHAS MECÂNICAS OU ELÉTRICAS,TOMBAMENTO,COM VÍTIMAS FERIDAS,PLENA NOITE,Crescente,CÉU CLARO,DUPLA,Curva,Sim,2,0,1,0,1,0,1,1,-22.72443147,-42.69368143,SPRF-RJ,DEL02-RJ,UOP03-DEL02-RJ,2021,2021-07-04,20,2021.0,7.0,Domingo,1.0
350498.0,2021-04-07,6.0,21:10:00,RJ,101,266,RIO BONITO,MAL SÚBITO DO CONDUTOR,SAÍDA DE LEITO CARROÇÁVEL,SEM VÍTIMAS,PLENA NOITE,Crescente,IGNORADO,DUPLA,Curva,Não,1,0,0,0,1,0,0,1,-22.70861445,-42.65178735,SPRF-RJ,DEL02-RJ,UOP03-DEL02-RJ,2021,2021-07-04,21,2021.0,7.0,Domingo,0.0
351108.0,2021-04-11,3.0,00:30:00,RJ,101,303,SAO GONCALO,CONDUTOR DORMINDO,COLISÃO COM OBJETO,COM VÍTIMAS FERIDAS,PLENA NOITE,Crescente,CÉU CLARO,DUPLA,Reta,Sim,1,0,1,0,0,0,1,1,-22.7828205,-42.9766681,SPRF-RJ,DEL02-RJ,UOP02-DEL02-RJ,2021,2021-11-04,0,2021.0,11.0,Quinta,1.0
351389.0,2021-04-11,3.0,05:25:00,RJ,101,323,NITEROI,AUSÊNCIA DE REAÇÃO DO CONDUTOR,COLISÃO TRASEIRA,COM VÍTIMAS FERIDAS,AMANHECER,Crescente,CÉU CLARO,DUPLA,Reta,Não,2,0,1,0,1,0,1,2,-22.87684786,-43.11728689,SPRF-RJ,DEL02-RJ,UOP02-DEL02-RJ,2021,2021-11-04,5,2021.0,11.0,Quinta,1.0
351487.0,2021-04-12,5.0,19:00:00,RJ,101,297,ITABORAI,AUSÊNCIA DE REAÇÃO DO CONDUTOR,ENGAVETAMENTO,COM VÍTIMAS FERIDAS,PLENA NOITE,Crescente,CÉU CLARO,DUPLA,Aclive,Sim,3,0,1,0,1,1,1,2,-22.76942037,-42.91873581,SPRF-RJ,DEL02-RJ,UOP02-DEL02-RJ,2021,2021-12-04,19,2021.0,12.0,Sábado,1.0
351529.0,2021-04-09,5.0,16:30:00,RJ,101,324,NITEROI,CONDUTOR DEIXOU DE MANTER DISTÂNCIA DO VEÍCULO DA FRENTE,COLISÃO LATERAL MESMO SENTIDO,COM VÍTIMAS FERIDAS,PLENO DIA,Decrescente,CÉU CLARO,MÚLTIPLA,Reta,Não,3,0,1,0,2,0,1,2,-22.87381074,-43.12640997,SPRF-RJ,DEL02-RJ,UOP02-DEL02-RJ,2021,2021-09-04,16,2021.0,9.0,Sábado,1.0
351719.0,2021-04-14,,07:35:00,RJ,101,303,SAO GONCALO,MANOBRA DE MUDANÇA DE FAIXA,COLISÃO TRASEIRA,COM VÍTIMAS FERIDAS,PLENO DIA,Crescente,CÉU CLARO,DUPLA,Reta,Sim,2,0,1,0,1,0,1,2,-22.7828205,-42.9766681,SPRF-RJ,DEL02-RJ,UOP02-DEL02-RJ,2021,,7,,,,1.0
351726.0,2021-04-10,0.0,08:10:00,RJ,101,309,SAO GONCALO,CONDUTOR DEIXOU DE MANTER DISTÂNCIA DO VEÍCULO DA FRENTE,COLISÃO TRASEIRA,SEM VÍTIMAS,PLENO DIA,Crescente,CÉU CLARO,DUPLA,Reta,Sim,2,0,0,0,2,0,0,2,-22.79498873,-43.03446105,SPRF-RJ,DEL02-RJ,UOP02-DEL02-RJ,2021,2021-10-04,8,2021.0,10.0,Segunda,0.0
351753.0,2021-04-14,,12:15:00,RJ,101,321,NITEROI,REAÇÃO TARDIA OU INEFICIENTE DO CONDUTOR,TOMBAMENTO,COM VÍTIMAS FERIDAS,PLENO DIA,Crescente,CÉU CLARO,DUPLA,Reta,Sim,2,0,1,0,1,0,1,2,-22.8733876,-43.1101799,SPRF-RJ,DEL02-RJ,UOP02-DEL02-RJ,2021,,12,,,,1.0
352320.0,2021-04-17,,13:35:00,RJ,101,282,ITABORAI,CURVA ACENTUADA,COLISÃO COM OBJETO,COM VÍTIMAS FERIDAS,PLENO DIA,Decrescente,NUBLADO,DUPLA,Declive;Curva;Viaduto,Não,5,0,0,3,2,0,3,4,-22.7371391,-42.79664601,SPRF-RJ,DEL02-RJ,UOP03-DEL02-RJ,2021,,13,,,,1.0
352648.0,2021-04-18,,22:00:00,RJ,101,297,ITABORAI,DECLIVE ACENTUADO,COLISÃO COM OBJETO,COM VÍTIMAS FERIDAS,PLENA NOITE,Decrescente,CÉU CLARO,SIMPLES,Viaduto,Não,4,0,2,0,2,0,2,1,-22.76942037,-42.91873581,SPRF-RJ,DEL02-RJ,UOP02-DEL02-RJ,2021,,22,,,,1.0
353086.0,2021-04-21,,05:30:00,RJ,101,288,ITABORAI,ILUMINAÇÃO DEFICIENTE,COLISÃO TRASEIRA,COM VÍTIMAS FERIDAS,AMANHECER,Decrescente,CHUVA,DUPLA,Reta,Não,2,0,0,1,1,0,1,2,-22.76274717,-42.8489542,SPRF-RJ,DEL02-RJ,UOP03-DEL02-RJ,2021,,5,,,,1.0
353185.0,2021-04-21,,18:50:00,RJ,101,262,RIO BONITO,CONDUTOR DEIXOU DE MANTER DISTÂNCIA DO VEÍCULO DA FRENTE,COLISÃO TRASEIRA,COM VÍTIMAS FERIDAS,PLENA NOITE,Decrescente,GAROA/CHUVISCO,DUPLA,Curva,Sim,2,0,1,0,1,0,1,2,-22.71803781,-42.62220209,SPRF-RJ,DEL02-RJ,UOP03-DEL02-RJ,2021,,18,,,,1.0
353459.0,2021-04-23,,08:30:00,RJ,101,314,SAO GONCALO,DEMAIS FALHAS MECÂNICAS OU ELÉTRICAS,QUEDA DE OCUPANTE DE VEÍCULO,COM VÍTIMAS FERIDAS,PLENO DIA,Crescente,CÉU CLARO,DUPLA,Reta,Sim,2,0,2,0,0,0,2,1,-22.81648739,-43.07728467,SPRF-RJ,DEL02-RJ,UOP02-DEL02-RJ,2021,,8,,,,1.0
353540.0,2021-04-23,,19:10:00,RJ,101,264,RIO BONITO,ACESSAR A VIA SEM OBSERVAR A PRESENÇA DOS OUTROS VEÍCULOS,COLISÃO TRANSVERSAL,SEM VÍTIMAS,PLENA NOITE,Decrescente,CÉU CLARO,SIMPLES,Rotatória,Sim,2,0,0,0,2,0,0,2,-22.71818337,-42.63600702,SPRF-RJ,DEL02-RJ,UOP03-DEL02-RJ,2021,,19,,,,0.0
353614.0,2021-04-24,,07:20:00,RJ,101,299,ITABORAI,AUSÊNCIA DE REAÇÃO DO CONDUTOR,SAÍDA DE LEITO CARROÇÁVEL,COM VÍTIMAS FERIDAS,PLENO DIA,Decrescente,SOL,DUPLA,Reta,Sim,2,0,1,0,1,0,1,1,-22.77432673,-42.93823207,SPRF-RJ,DEL02-RJ,UOP02-DEL02-RJ,2021,,7,,,,1.0
353665.0,2021-04-24,,17:00:00,RJ,101,309,SAO GONCALO,MANOBRA DE MUDANÇA DE FAIXA,COLISÃO TRASEIRA,COM VÍTIMAS FERIDAS,ANOITECER,Decrescente,CÉU CLARO,MÚLTIPLA,Reta,Sim,2,0,1,0,1,0,1,2,-22.79498873,-43.03446105,SPRF-RJ,DEL02-RJ,UOP02-DEL02-RJ,2021,,17,,,,1.0
354124.0,2021-04-27,,02:45:00,RJ,101,"303,4",SAO GONCALO,TRANSITAR NA CONTRAMÃO,COLISÃO COM OBJETO,COM VÍTIMAS FERIDAS,PLENA NOITE,Crescente,CÉU CLARO,DUPLA,Reta,Sim,1,0,1,0,0,0,1,1,-22.7828205,-42.9766681,SPRF-RJ,DEL02-RJ,UOP02-DEL02-RJ,2021,,2,,,,1.0
354301.0,2021-04-28,,06:40:00,RJ,101,294,ITABORAI,TRANSITAR NA CONTRAMÃO,COLISÃO TRANSVERSAL,SEM VÍTIMAS,PLENO DIA,Decrescente,CÉU CLARO,DUPLA,Reta,Sim,5,0,0,0,5,0,0,2,-22.7584434,-42.89502344,SPRF-RJ,DEL02-RJ,UOP02-DEL02-RJ,2021,,6,,,,0.0
354423.0,2021-04-28,,16:30:00,RJ,101,270,RIO BONITO,ACESSAR A VIA SEM OBSERVAR A PRESENÇA DOS OUTROS VEÍCULOS,COLISÃO TRANSVERSAL,COM VÍTIMAS FERIDAS,PLENO DIA,Crescente,CÉU CLARO,DUPLA,Reta,Não,2,0,0,1,1,0,1,2,-22.71852325,-42.68689289,SPRF-RJ,DEL02-RJ,UOP03-DEL02-RJ,2021,,16,,,,1.0
354439.0,2021-04-28,,23:29:00,RJ,101,323,NITEROI,PISTA ESCORREGADIA,COLISÃO COM OBJETO,SEM VÍTIMAS,PLENA NOITE,Crescente,CHUVA,DUPLA,Reta,Não,1,0,0,0,1,0,0,1,-22.877407,-43.115712,SPRF-RJ,DEL02-RJ,UOP02-DEL02-RJ,2021,,23,,,,0.0
354693.0,2021-04-30,,09:20:00,RJ,101,"320,8",NITEROI,AUSÊNCIA DE REAÇÃO DO CONDUTOR,COLISÃO COM OBJETO,COM VÍTIMAS FERIDAS,PLENO DIA,Decrescente,NUBLADO,DUPLA,Curva,Sim,1,0,0,1,0,0,1,1,-22.86171098,-43.10714015,SPRF-RJ,DEL02-RJ,UOP02-DEL02-RJ,2021,,9,,,,1.0