id,data_inversa,dia_semana,horario,uf,br,km,municipio,causa_acidente,tipo_acidente,classificacao_acidente,fase_dia,sentido_via,condicao_metereologica,tipo_pista,tracado_via,uso_solo,pessoas,mortos,feridos_leves,feridos_graves,ilesos,ignorados,feridos,veiculos,latitude,longitude,regional,delegacia,uop,ano_arquivo,data,hora,ano,mes,dia_semana_nome,gravidade
354927.0,2021-05-01,1.0,09:30:00,RJ,101,295,ITABORAI,ACESSO IRREGULAR,COLISÃO LATERAL MESMO SENTIDO,SEM VÍTIMAS,PLENO DIA,Decrescente,CÉU CLARO,DUPLA,Reta,Sim,2,0,0,0,2,0,0,2,-22.76365068,-42.90223623,SPRF-RJ,DEL02-RJ,UOP02-DEL02-RJ,2021,2021-01-05,9,2021.0,1.0,Terça,0.0
355071.0,2021-05-01,1.0,19:55:00,RJ,101,0,NITEROI,AUSÊNCIA DE REAÇÃO DO CONDUTOR,COLISÃO COM OBJETO,COM VÍTIMAS FERIDAS,PLENA NOITE,Decrescente,CÉU CLARO,DUPLA,Reta,Sim,1,0,1,0,0,0,1,1,-22.8808,-43.1043,SPRF-RJ,DEL02-RJ,UOP02-DEL02-RJ,2021,2021-01-05,19,2021.0,1.0,Terça,1.0
355828.0,2021-05-05,2.0,18:45:00,RJ,101,319,NITEROI,TRAFEGAR COM MOTOCICLETA (OU SIMILAR) ENTRE AS FAIXAS,TOMBAMENTO,COM VÍTIMAS FERIDAS,ANOITECER,Decrescente,CÉU CLARO,DUPLA,Reta,Sim,2,0,2,0,0,0,2,1,-22.85411774,-43.1018014,SPRF-RJ,DEL02-RJ,UOP02-DEL02-RJ,2021,2021-05-05,18,2021.0,5.0,Quarta,1.0
356261.0,2021-05-07,0.0,20:30:00,RJ,101,293,ITABORAI,CONDUTOR DEIXOU DE MANTER DISTÂNCIA DO VEÍCULO DA FRENTE,COLISÃO TRASEIRA,COM VÍTIMAS FERIDAS,PLENA NOITE,Decrescente,CHUVA,DUPLA,Reta,Sim,3,0,1,0,2,0,1,3,-22.756203,-42.88724,SPRF-RJ,DEL02-RJ,UOP02-DEL02-RJ,2021,2021-07-05,20,2021.0,7.0,Segunda,1.0
356506.0,2021-05-08,3.0,22:35:00,RJ,493,"3,5",ITABORAI,MANOBRA DE MUDANÇA DE FAIXA,COLISÃO LATERAL SENTIDO OPOSTO,COM VÍTIMAS FERIDAS,PLENA NOITE,Crescente,CÉU CLARO,SIMPLES,Reta,Sim,3,0,0,2,1,0,2,2,-22.7525329,-42.94160092,SPRF-RJ,DEL02-RJ,UOP02-DEL02-RJ,2021,2021-08-05,22,2021.0,8.0,Quinta,1.0
356528.0,2021-05-09,6.0,02:08:00,RJ,101,295,SAO GONCALO,VELOCIDADE INCOMPATÍVEL,COLISÃO COM OBJETO,COM VÍTIMAS FERIDAS,PLENA NOITE,Crescente,CÉU CLARO,DUPLA,Curva,Sim,1,0,1,0,0,0,1,1,-22.76365068,-42.90223623,SPRF-RJ,DEL02-RJ,UOP02-DEL02-RJ,2021,2021-09-05,2,2021.0,9.0,Domingo,1.0
356544.0,2021-05-09,6.0,05:00:00,RJ,101,283,ITABORAI,REAÇÃO TARDIA OU INEFICIENTE DO CONDUTOR,QUEDA DE OCUPANTE DE VEÍCULO,COM VÍTIMAS FERIDAS,AMANHECER,Crescente,NEVOEIRO/NEBLINA,DUPLA,Reta,Não,1,0,1,0,0,0,1,1,-22.73591014,-42.80592689,SPRF-RJ,DEL02-RJ,UOP03-DEL02-RJ,2021,2021-09-05,5,2021.0,9.0,Domingo,1.0
356613.0,2021-05-09,6.0,13:20:00,RJ,101,307,SAO GONCALO,CONDUTOR DEIXOU DE MANTER DISTÂNCIA DO VEÍCULO DA FRENTE,COLISÃO TRASEIRA,COM VÍTIMAS FERIDAS,PLENO DIA,Crescente,CÉU CLARO,SIMPLES,Reta,Sim,3,0,1,0,2,0,1,2,-22.79115777,-43.01514205,SPRF-RJ,DEL02-RJ,UOP02-DEL02-RJ,2021,2021-09-05,13,2021.0,9.0,Domingo,1.0
356816.0,2021-05-10,1.0,08:28:00,RJ,101,313,SAO GONCALO,MANOBRA DE MUDANÇA DE FAIXA,COLISÃO LATERAL MESMO SENTIDO,COM VÍTIMAS FERIDAS,PLENO DIA,Crescente,CÉU CLARO,DUPLA,Reta,Sim,3,0,1,0,2,0,1,2,-22.81049093,-43.06983304,SPRF-RJ,DEL02-RJ,UOP02-DEL02-RJ,2021,2021-10-05,8,2021.0,10.0,Terça,1.0
357113.0,2021-05-11,4.0,18:10:00,RJ,101,316,SAO GONCALO,AUSÊNCIA DE REAÇÃO DO CONDUTOR,QUEDA DE OCUPANTE DE VEÍCULO,COM VÍTIMAS FERIDAS,PLENA NOITE,Decrescente,CÉU CLARO,DUPLA,Curva,Sim,1,0,1,0,0,0,1,1,-22.82835879,-43.09208739,SPRF-RJ,DEL02-RJ,UOP02-DEL02-RJ,2021,2021-11-05,18,2021.0,11.0,Sexta,1.0
357178.0,2021-05-11,4.0,23:20:00,RJ,101,268,RIO BONITO,INGESTÃO DE ÁLCOOL PELO CONDUTOR,SAÍDA DE LEITO CARROÇÁVEL,COM VÍTIMAS FERIDAS,PLENA NOITE,Crescente,CÉU CLARO,DUPLA,Reta,Sim,1,0,1,0,0,0,1,1,-22.7112997,-42.66922613,SPRF-RJ,DEL02-RJ,UOP03-DEL02-RJ,2021,2021-11-05,23,2021.0,11.0,Sexta,1.0
357188.0,2021-05-12,6.0,01:00:00,RJ,101,298,ITABORAI,REAÇÃO TARDIA OU INEFICIENTE DO CONDUTOR,QUEDA DE OCUPANTE DE VEÍCULO,COM VÍTIMAS FERIDAS,PLENA NOITE,Decrescente,CÉU CLARO,DUPLA,Reta,Sim,2,0,2,0,0,0,2,1,-22.7714,-42.92896,SPRF-RJ,DEL02-RJ,UOP02-DEL02-RJ,2021,2021-12-05,1,2021.0,12.0,Domingo,1.0
357360.0,2021-05-12,6.0,20:45:00,RJ,101,311,SAO GONCALO,CONDUTOR DEIXOU DE MANTER DISTÂNCIA DO VEÍCULO DA FRENTE,COLISÃO COM OBJETO,COM VÍTIMAS FERIDAS,PLENA NOITE,Decrescente,CHUVA,DUPLA,Reta,Sim,2,0,1,0,1,0,1,1,-22.80062246,-43.05318779,SPRF-RJ,DEL02-RJ,UOP02-DEL02-RJ,2021,2021-12-05,20,2021.0,12.0,Domingo,1.0
357366.0,2021-05-12,6.0,07:38:00,RJ,101,308,SAO GONCALO,MANOBRA DE MUDANÇA DE FAIXA,COLISÃO LATERAL MESMO SENTIDO,COM VÍTIMAS FERIDAS,PLENO DIA,Crescente,NUBLADO,DUPLA,Reta,Sim,1,0,1,0,0,0,1,1,-22.79309326,-43.02479595,SPRF-RJ,DEL02-RJ,UOP02-DEL02-RJ,2021,2021-12-05,7,2021.0,12.0,Domingo,1.0
357677.0,2021-05-14,,07:15:00,RJ,101,323,NITEROI,DEMAIS FALHAS MECÂNICAS OU ELÉTRICAS,QUEDA DE OCUPANTE DE VEÍCULO,COM VÍTIMAS FERIDAS,PLENO DIA,Crescente,NUBLADO,DUPLA,Reta,Sim,2,0,2,0,0,0,2,1,-22.87684786,-43.11728689,SPRF-RJ,DEL02-RJ,UOP02-DEL02-RJ,2021,,7,,,,1.0
357787.0,2021-05-15,,04:50:00,RJ,101,265,RIO BONITO,REAÇÃO TARDIA OU INEFICIENTE DO CONDUTOR,TOMBAMENTO,COM VÍTIMAS FERIDAS,AMANHECER,Decrescente,CÉU CLARO,DUPLA,Reta,Sim,2,0,2,0,0,0,2,1,-22.71359987,-42.64391188,SPRF-RJ,DEL02-RJ,UOP03-DEL02-RJ,2021,,4,,,,1.0
357884.0,2021-05-15,,15:20:00,RJ,101,279,ITABORAI,FREAR BRUSCAMENTE,SAÍDA DE LEITO CARROÇÁVEL,COM VÍTIMAS FERIDAS,PLENO DIA,Decrescente,CÉU CLARO,DUPLA,Reta,Não,5,0,3,2,0,0,5,1,-22.7383655,-42.76745405,SPRF-RJ,DEL02-RJ,UOP03-DEL02-RJ,2021,,15,,,,1.0
357925.0,2021-05-15,,19:10:00,RJ,101,309,SAO GONCALO,CONDUTOR DEIXOU DE MANTER DISTÂNCIA DO VEÍCULO DA FRENTE,COLISÃO TRASEIRA,COM VÍTIMAS FERIDAS,PLENA NOITE,Decrescente,CÉU CLARO,DUPLA,Reta,Sim,4,0,1,0,3,0,1,3,-22.79498873,-43.03446105,SPRF-RJ,DEL02-RJ,UOP02-DEL02-RJ,2021,,19,,,,1.0
358150.0,2021-05-16,,18:40:00,RJ,101,274,RIO BONITO,CONDUTOR DEIXOU DE MANTER DISTÂNCIA DO VEÍCULO DA FRENTE,COLISÃO TRASEIRA,COM VÍTIMAS FERIDAS,PLENA NOITE,Crescente,CÉU CLARO,DUPLA,Curva,Sim,3,0,1,0,2,0,1,2,-22.73506292,-42.71948103,SPRF-RJ,DEL02-RJ,UOP03-DEL02-RJ,2021,,18,,,,1.0
358237.0,2021-05-17,,04:20:00,RJ,101,"311,9",SAO GONCALO,REAÇÃO TARDIA OU INEFICIENTE DO CONDUTOR,SAÍDA DE LEITO CARROÇÁVEL,SEM VÍTIMAS,PLENA NOITE,Decrescente,NUBLADO,DUPLA,Reta,Não,1,0,0,0,0,1,0,1,-22.80062246,-43.05318779,SPRF-RJ,DEL02-RJ,UOP02-DEL02-RJ,2021,,4,,,,0.0
358369.0,2021-05-17,,17:05:00,RJ,101,294,ITABORAI,CONDUTOR DEIXOU DE MANTER DISTÂNCIA DO VEÍCULO DA FRENTE,COLISÃO TRASEIRA,COM VÍTIMAS FERIDAS,ANOITECER,Crescente,CÉU CLARO,MÚLTIPLA,Reta,Sim,3,0,1,0,2,0,1,3,-22.7584434,-42.89502344,SPRF-RJ,DEL02-RJ,UOP02-DEL02-RJ,2021,,17,,,,1.0
358394.0,2021-05-17,,12:15:00,RJ,101,329,NITEROI,DEMAIS FALHAS MECÂNICAS OU ELÉTRICAS,COLISÃO COM OBJETO,COM VÍTIMAS FERIDAS,PLENO DIA,Crescente,CÉU CLARO,DUPLA,Reta,Não,2,0,1,0,1,0,1,2,-22.86939305,-43.175642,SPRF-RJ,DEL02-RJ,UOP02-DEL02-RJ,2021,,12,,,,1.0
358447.0,2021-05-18,,07:40:00,RJ,101,265,RIO BONITO,CURVA ACENTUADA,COLISÃO TRASEIRA,COM VÍTIMAS FERIDAS,PLENO DIA,Crescente,SOL,DUPLA,Curva,Sim,2,0,1,0,1,0,1,2,-22.71359987,-42.64391188,SPRF-RJ,DEL02-RJ,UOP03-DEL02-RJ,2021,,7,,,,1.0
358577.0,2021-05-18,,21:10:00,RJ,101,288,ITABORAI,ACESSAR A VIA SEM OBSERVAR A PRESENÇA DOS OUTROS VEÍCULOS,ATROPELAMENTO DE PEDESTRE,COM VÍTIMAS FATAIS,PLENA NOITE,Decrescente,NUBLADO,DUPLA,Reta,Sim,2,1,0,0,1,0,0,2,-22.75933747,-42.84321275,SPRF-RJ,DEL02-RJ,UOP03-DEL02-RJ,2021,,21,,,,2.0
358636.0,2021-05-16,,11:30:00,RJ,101,322,NITEROI,MANOBRA DE MUDANÇA DE FAIXA,COLISÃO LATERAL MESMO SENTIDO,COM VÍTIMAS FERIDAS,PLENO DIA,Decrescente,CÉU CLARO,MÚLTIPLA,Ponte,Não,3,0,1,0,2,0,1,2,-22.878923,-43.110676,SPRF-RJ,DEL02-RJ,UOP02-DEL02-RJ,2021,,11,,,,1.0
358748.0,2021-05-19,,19:20:00,RJ,493,2,ITABORAI,ACESSO IRREGULAR,COLISÃO TRANSVERSAL,COM VÍTIMAS FERIDAS,PLENA NOITE,Decrescente,CÉU CLARO,SIMPLES,Reta,Não,1,0,0,1,0,0,1,1,-22.75950214,-42.93544822,SPRF-RJ,DEL02-RJ,UOP02-DEL02-RJ,2021,,19,,,,1.0
358795.0,2021-05-20,,06:40:00,RJ,101,298,SAO GONCALO,VELOCIDADE INCOMPATÍVEL,COLISÃO LATERAL MESMO SENTIDO,COM VÍTIMAS FERIDAS,PLENO DIA,Crescente,CÉU CLARO,DUPLA,Curva,Sim,2,0,1,0,1,0,1,2,-22.7714,-42.92896,SPRF-RJ,DEL02-RJ,UOP02-DEL02-RJ,2021,,6,,,,1.0
358851.0,2021-05-20,,08:20:00,RJ,101,306,SAO GONCALO,PEDESTRE CRUZAVA A PISTA FORA DA FAIXA,ATROPELAMENTO DE PEDESTRE,COM VÍTIMAS FERIDAS,PLENO DIA,Crescente,CÉU CLARO,DUPLA,Reta,Sim,2,0,0,1,1,0,1,2,-22.78913759,-43.00550909,SPRF-RJ,DEL02-RJ,UOP02-DEL02-RJ,2021,,8,,,,1.0
358889.0,2021-04-30,,11:15:00,RJ,101,325,NITEROI,MANOBRA DE MUDANÇA DE FAIXA,COLISÃO LATERAL MESMO SENTIDO,SEM VÍTIMAS,PLENO DIA,Crescente,CÉU CLARO,MÚLTIPLA,Ponte,Não,2,0,0,0,2,0,0,2,-22.87292569,-43.13625699,SPRF-RJ,DEL02-RJ,UOP02-DEL02-RJ,2021,,11,,,,0.0
359057.0,2021-05-21,,14:00:00,RJ,101,317,SAO GONCALO,TRAFEGAR COM MOTOCICLETA (OU SIMILAR) ENTRE AS FAIXAS,TOMBAMENTO,COM VÍTIMAS FERIDAS,PLENO DIA,Decrescente,CÉU CLARO,DUPLA,Reta,Sim,1,0,1,0,0,0,1,1,-22.83707798,-43.09492006,SPRF-RJ,DEL02-RJ,UOP02-DEL02-RJ,2021,,14,,,,1.0
359264.0,2021-05-22,,11:00:00,RJ,101,315,SAO GONCALO,ACESSAR A VIA SEM OBSERVAR A PRESENÇA DOS OUTROS VEÍCULOS,COLISÃO LATERAL MESMO SENTIDO,COM VÍTIMAS FERIDAS,PLENO DIA,Decrescente,CÉU CLARO,MÚLTIPLA,Reta,Sim,2,0,1,0,1,0,1,2,-22.82262092,-43.08460805,SPRF-RJ,DEL02-RJ,UOP02-DEL02-RJ,2021,,11,,,,1.0
359322.0,2021-05-22,,17:15:00,RJ,101,282,ITABORAI,VELOCIDADE INCOMPATÍVEL,COLISÃO LATERAL MESMO SENTIDO,COM VÍTIMAS FATAIS,PLENO DIA,Crescente,CÉU CLARO,DUPLA,Viaduto,Não,3,1,0,1,1,0,1,2,-22.7371391,-42.79664601,SPRF-RJ,DEL02-RJ,UOP03-DEL02-RJ,2021,,17,,,,2.0
359594.0,2021-05-23,,05:10:00,RJ,101,295,ITABORAI,CURVA ACENTUADA,TOMBAMENTO,COM VÍTIMAS FERIDAS,AMANHECER,Crescente,CÉU CLARO,DUPLA,Reta,Sim,1,0,1,0,0,0,1,1,-22.76365068,-42.90223623,SPRF-RJ,DEL02-RJ,UOP02-DEL02-RJ,2021,,5,,,,1.0
359715.0,2021-05-24,,11:00:00,RJ,101,256,RIO BONITO,REAÇÃO TARDIA OU INEFICIENTE DO CONDUTOR,CAPOTAMENTO,COM VÍTIMAS FERIDAS,PLENO DIA,Decrescente,NUBLADO,DUPLA,Reta,Sim,1,0,1,0,0,0,1,1,-22.69621133,-42.56854493,SPRF-RJ,DEL02-RJ,UOP03-DEL02-RJ,2021,,11,,,,1.0
359773.0,2021-05-24,,17:50:00,RJ,101,296,ITABORAI,AUSÊNCIA DE REAÇÃO DO CONDUTOR,TOMBAMENTO,COM VÍTIMAS FERIDAS,PLENA NOITE,Decrescente,NUBLADO,DUPLA,Reta,Sim,1,0,1,0,0,0,1,1,-22.7670498,-42.91019601,SPRF-RJ,DEL02-RJ,UOP02-DEL02-RJ,2021,,17,,,,1.0
360034.0,2021-05-26,,10:45:00,RJ,101,325,NITEROI,AVARIAS E/OU DESGASTE EXCESSIVO NO PNEU,QUEDA DE OCUPANTE DE VEÍCULO,COM VÍTIMAS FERIDAS,PLENO DIA,Decrescente,CÉU CLARO,DUPLA,Reta,Não,2,0,1,0,1,0,1,1,-22.87292569,-43.13625699,SPRF-RJ,DEL02-RJ,UOP02-DEL02-RJ,2021,,10,,,,1.0
360050.0,2021-01-20,,15:10:00,RJ,101,324,NITEROI,ULTRAPASSAGEM INDEVIDA,COLISÃO LATERAL MESMO SENTIDO,COM VÍTIMAS FERIDAS,PLENO DIA,Decrescente,CÉU CLARO,DUPLA,Ponte,Não,3,0,1,1,0,1,2,2,-22.87381074,-43.12640997,SPRF-RJ,DEL02-RJ,UOP02-DEL02-RJ,2021,,15,,,,1.0
360337.0,2021-05-27,,21:15:00,RJ,101,327,NITEROI,AUSÊNCIA DE REAÇÃO DO CONDUTOR,QUEDA DE OCUPANTE DE VEÍCULO,COM VÍTIMAS FERIDAS,PLENA NOITE,Decrescente,CÉU CLARO,DUPLA,Reta,Não,1,0,1,0,0,0,1,1,-22.87117393,-43.15595099,SPRF-RJ,DEL02-RJ,UOP02-DEL02-RJ,2021,,21,,,,1.0
361060.0,2021-05-30,,18:30:00,RJ,101,299,SAO GONCALO,AUSÊNCIA DE REAÇÃO DO CONDUTOR,COLISÃO COM OBJETO,COM VÍTIMAS FERIDAS,ANOITECER,Crescente,GAROA/CHUVISCO,MÚLTIPLA,Reta,Sim,1,0,1,0,0,0,1,1,-22.77432673,-42.93823207,SPRF-RJ,DEL02-RJ,UOP02-DEL02-RJ,2021,,18,,,,1.0
361091.0,2021-05-30,,23:30:00,RJ,101,269,RIO BONITO,CONDUTOR DORMINDO,SAÍDA DE LEITO CARROÇÁVEL,COM VÍTIMAS FERIDAS,PLENA NOITE,Decrescente,CÉU CLARO,DUPLA,Reta,Não,1,0,1,0,0,0,1,1,-22.71495082,-42.67804708,SPRF-RJ,DEL02-RJ,UOP03-DEL02-RJ,2021,,23,,,,1.0
361284.0,2021-05-31,,21:30:00,RJ,101,309,SAO GONCALO,ANIMAIS NA PISTA,ATROPELAMENTO DE ANIMAL,COM VÍTIMAS FERIDAS,PLENA NOITE,Crescente,NUBLADO,DUPLA,Reta,Sim,1,0,1,0,0,0,1,1,-22.79498873,-43.03446105,SPRF-RJ,DEL02-RJ,UOP02-DEL02-RJ,2021,,21,,,,1.0
361660.0,2021-06-02,5.0,19:30:00,RJ,493,"0,1",ITABORAI,DESVIO TEMPORÁRIO,COLISÃO FRONTAL,COM VÍTIMAS FERIDAS,PLENA NOITE,Decrescente,CÉU CLARO,SIMPLES,Reta,Sim,2,0,0,1,1,0,1,2,-22.77062,-42.92223,SPRF-RJ,DEL02-RJ,UOP02-DEL02-RJ,2021,2021-02-06,19,2021.0,2.0,Sábado,1.0
361868.0,2021-06-03,5.0,20:45:00,RJ,101,296,ITABORAI,REAÇÃO TARDIA OU INEFICIENTE DO CONDUTOR,COLISÃO COM OBJETO,SEM VÍTIMAS,PLENA NOITE,Decrescente,CÉU CLARO,DUPLA,Reta,Sim,1,0,0,0,1,0,0,1,-22.7670498,-42.91019601,SPRF-RJ,DEL02-RJ,UOP02-DEL02-RJ,2021,2021-03-06,20,2021.0,3.0,Sábado,0.0
361970.0,2021-06-04,1.0,13:00:00,RJ,101,320,NITEROI,MANOBRA DE MUDANÇA DE FAIXA,COLISÃO LATERAL MESMO SENTIDO,COM VÍTIMAS FERIDAS,PLENO DIA,Decrescente,CÉU CLARO,MÚLTIPLA,Curva,Sim,3,0,1,0,1,1,1,2,-22.86171098,-43.10714015,SPRF-RJ,DEL02-RJ,UOP02-DEL02-RJ,2021,2021-04-06,13,2021.0,4.0,Terça,1.0
362305.0,2021-06-05,3.0,22:00:00,RJ,101,292,ITABORAI,OBJETO ESTÁTICO SOBRE O LEITO CARROÇÁVEL,CAPOTAMENTO,COM VÍTIMAS FERIDAS,PLENA NOITE,Crescente,CÉU CLARO,DUPLA,Reta,Sim,5,0,2,0,3,0,2,2,-22.76038215,-42.87856408,SPRF-RJ,DEL02-RJ,UOP03-DEL02-RJ,2021,2021-05-06,22,2021.0,5.0,Quinta,1.0
362331.0,2021-06-06,6.0,00:01:00,RJ,101,297,ITABORAI,CONDUTOR DORMINDO,SAÍDA DE LEITO CARROÇÁVEL,COM VÍTIMAS FERIDAS,PLENA NOITE,Crescente,CÉU CLARO,DUPLA,Reta,Sim,1,0,0,1,0,0,1,1,-22.76942037,-42.91873581,SPRF-RJ,DEL02-RJ,UOP02-DEL02-RJ,2021,2021-06-06,0,2021.0,6.0,Domingo,1.0
362590.0,2021-06-07,1.0,07:50:00,RJ,101,309,SAO GONCALO,ACESSAR A VIA SEM OBSERVAR A PRESENÇA DOS OUTROS VEÍCULOS,COLISÃO LATERAL MESMO SENTIDO,COM VÍTIMAS FERIDAS,PLENO DIA,Crescente,CÉU CLARO,DUPLA,Reta,Sim,2,0,1,0,1,0,1,2,-22.79498873,-43.03446105,SPRF-RJ,DEL02-RJ,UOP02-DEL02-RJ,2021,2021-07-06,7,2021.0,7.0,Terça,1.0
362597.0,2021-06-07,1.0,07:20:00,RJ,101,318,SAO GONCALO,AUSÊNCIA DE REAÇÃO DO CONDUTOR,COLISÃO TRASEIRA,COM VÍTIMAS FERIDAS,PLENO DIA,Crescente,CÉU CLARO,DUPLA,Reta,Sim,2,0,1,0,1,0,1,2,-22.84562994,-43.09841211,SPRF-RJ,DEL02-RJ,UOP02-DEL02-RJ,2021,2021-07-06,7,2021.0,7.0,Terça,1.0
362627.0,2021-06-07,1.0,09:30:00,RJ,493,6,ITABORAI,ACESSAR A VIA SEM OBSERVAR A PRESENÇA DOS OUTROS VEÍCULOS,COLISÃO LATERAL MESMO SENTIDO,COM VÍTIMAS FERIDAS,PLENO DIA,Decrescente,CÉU CLARO,SIMPLES,Reta,Sim,2,0,1,0,1,0,1,2,-22.73124198,-42.95145305,SPRF-RJ,DEL02-RJ,UOP02-DEL02-RJ,2021,2021-07-06,9,2021.0,7.0,Terça,1.0
362742.0,2021-06-07,1.0,07:25:00,RJ,101,"317,3",SAO GONCALO,CONDUTOR DEIXOU DE MANTER DISTÂNCIA DO VEÍCULO DA FRENTE,COLISÃO TRASEIRA,COM VÍTIMAS FERIDAS,PLENO DIA,Crescente,CÉU CLARO,DUPLA,Reta,Sim,2,0,1,0,1,0,1,2,-22.83707798,-43.09492006,SPRF-RJ,DEL02-RJ,UOP02-DEL02-RJ,2021,2021-07-06,7,2021.0,7.0,Terça,1.0
362798.0,2021-06-08,4.0,07:50:00,RJ,101,286,ITABORAI,CONDUTOR DORMINDO,SAÍDA DE LEITO CARROÇÁVEL,COM VÍTIMAS FERIDAS,PLENO DIA,Crescente,NUBLADO,DUPLA,Declive,Não,1,0,1,0,0,0,1,1,-22.75409331,-42.82491696,SPRF-RJ,DEL02-RJ,UOP03-DEL02-RJ,2021,2021-08-06,7,2021.0,8.0,Sexta,1.0
362937.0,2021-05-22,,04:00:00,RJ,101,315,SAO GONCALO,AVARIAS E/OU DESGASTE EXCESSIVO NO PNEU,TOMBAMENTO,COM VÍTIMAS FERIDAS,AMANHECER,Decrescente,CÉU CLARO,DUPLA,Reta,Sim,1,0,1,0,0,0,1,1,-22.82262092,-43.08460805,SPRF-RJ,DEL02-RJ,UOP02-DEL02-RJ,2021,,4,,,,1.0
363035.0,2021-06-09,0.0,11:10:00,RJ,101,"297,8",ITABORAI,MANOBRA DE MUDANÇA DE FAIXA,COLISÃO LATERAL MESMO SENTIDO,COM VÍTIMAS FERIDAS,PLENO DIA,Crescente,CÉU CLARO,DUPLA,Reta,Sim,4,0,1,0,3,0,1,3,-22.76942037,-42.91873581,SPRF-RJ,DEL02-RJ,UOP02-DEL02-RJ,2021,2021-09-06,11,2021.0,9.0,Segunda,1.0
363212.0,2021-06-10,2.0,09:00:00,RJ,101,297,ITABORAI,CONDUTOR DEIXOU DE MANTER DISTÂNCIA DO VEÍCULO DA FRENTE,ENGAVETAMENTO,COM VÍTIMAS FERIDAS,PLENO DIA,Crescente,CÉU CLARO,DUPLA,Reta,Sim,5,0,1,0,4,0,1,4,-22.76942037,-42.91873581,SPRF-RJ,DEL02-RJ,UOP02-DEL02-RJ,2021,2021-10-06,9,2021.0,10.0,Quarta,1.0
363282.0,2021-06-10,2.0,16:28:00,RJ,101,308,SAO GONCALO,FREAR BRUSCAMENTE,COLISÃO TRASEIRA,SEM VÍTIMAS,PLENO DIA,Decrescente,CÉU CLARO,DUPLA,Reta,Sim,2,0,0,0,2,0,0,2,-22.79309326,-43.02479595,SPRF-RJ,DEL02-RJ,UOP02-DEL02-RJ,2021,2021-10-06,16,2021.0,10.0,Quarta,0.0
363490.0,2021-06-11,5.0,16:25:00,RJ,493,1,ITABORAI,TRANSITAR NO ACOSTAMENTO,COLISÃO TRANSVERSAL,COM VÍTIMAS FERIDAS,ANOITECER,Crescente,CHUVA,SIMPLES,Reta,Sim,2,0,1,0,1,0,1,2,-22.76398788,-42.92731895,SPRF-RJ,DEL02-RJ,UOP02-DEL02-RJ,2021,2021-11-06,16,2021.0,11.0,Sábado,1.0
363740.0,2021-06-12,0.0,17:50:00,RJ,101,297,ITABORAI,ACESSAR A VIA SEM OBSERVAR A PRESENÇA DOS OUTROS VEÍCULOS,COLISÃO TRASEIRA,SEM VÍTIMAS,PLENA NOITE,Crescente,NUBLADO,DUPLA,Reta,Sim,2,0,0,0,2,0,0,2,-22.76942037,-42.91873581,SPRF-RJ,DEL02-RJ,UOP02-DEL02-RJ,2021,2021-12-06,17,2021.0,12.0,Segunda,0.0
363784.0,2021-06-12,0.0,21:00:00,RJ,101,310,SAO GONCALO,AUSÊNCIA DE REAÇÃO DO CONDUTOR,ENGAVETAMENTO,COM VÍTIMAS FERIDAS,PLENA NOITE,Crescente,CÉU CLARO,DUPLA,Reta,Sim,5,0,2,0,3,0,2,3,-22.79709211,-43.04459453,SPRF-RJ,DEL02-RJ,UOP02-DEL02-RJ,2021,2021-12-06,21,2021.0,12.0,Segunda,1.0
363872.0,2021-06-13,,07:45:00,RJ,101,295,ITABORAI,AVARIAS E/OU DESGASTE EXCESSIVO NO PNEU,COLISÃO COM OBJETO,COM VÍTIMAS FERIDAS,PLENO DIA,Decrescente,CHUVA,DUPLA,Curva,Sim,4,0,1,0,3,0,1,2,-22.76365068,-42.90223623,SPRF-RJ,DEL02-RJ,UOP02-DEL02-RJ,2021,,7,,,,1.0
364126.0,2021-06-14,,07:40:00,RJ,101,311,SAO GONCALO,CONDUTOR DEIXOU DE MANTER DISTÂNCIA DO VEÍCULO DA FRENTE,COLISÃO TRASEIRA,SEM VÍTIMAS,PLENO DIA,Decrescente,CÉU CLARO,DUPLA,Reta,Sim,2,0,0,0,2,0,0,2,-22.80062246,-43.05318779,SPRF-RJ,DEL02-RJ,UOP02-DEL02-RJ,2021,,7,,,,0.0
364135.0,2021-06-13,,22:45:00,RJ,101,312,SAO GONCALO,INGESTÃO DE ÁLCOOL PELO CONDUTOR,COLISÃO LATERAL MESMO SENTIDO,SEM VÍTIMAS,PLENA NOITE,Decrescente,NUBLADO,DUPLA,Reta,Não,3,0,0,0,3,0,0,2,-22.80546555,-43.06156967,SPRF-RJ,DEL02-RJ,UOP02-DEL02-RJ,2021,,22,,,,0.0
364197.0,2021-06-14,,17:15:00,RJ,101,"262,2",RIO BONITO,CURVA ACENTUADA,QUEDA DE OCUPANTE DE VEÍCULO,COM VÍTIMAS FERIDAS,ANOITECER,Decrescente,CÉU CLARO,DUPLA,Curva,Sim,1,0,1,0,0,0,1,1,-22.71367506,-42.62052996,SPRF-RJ,DEL02-RJ,UOP03-DEL02-RJ,2021,,17,,,,1.0