id,data_inversa,dia_semana,horario,uf,br,km,municipio,causa_acidente,tipo_acidente,classificacao_acidente,fase_dia,sentido_via,condicao_metereologica,tipo_pista,tracado_via,uso_solo,pessoas,mortos,feridos_leves,feridos_graves,ilesos,ignorados,feridos,veiculos,latitude,longitude,regional,delegacia,uop,ano_arquivo,data,hora,ano,mes,dia_semana_nome,gravidade
364501.0,2021-06-16,,10:20:00,RJ,101,252,RIO BONITO,PROBLEMA COM O FREIO,COLISÃO TRASEIRA,COM VÍTIMAS FERIDAS,PLENO DIA,Decrescente,CÉU CLARO,DUPLA,Reta,Não,2,0,1,0,1,0,1,2,-22.68214756,-42.53377419,SPRF-RJ,DEL02-RJ,UOP03-DEL02-RJ,2021,,10,,,,1.0
364703.0,2021-06-17,,07:50:00,RJ,101,296,ITABORAI,INGESTÃO DE ÁLCOOL PELO CONDUTOR,SAÍDA DE LEITO CARROÇÁVEL,SEM VÍTIMAS,PLENO DIA,Decrescente,CHUVA,DUPLA,Curva,Sim,1,0,0,0,1,0,0,1,-22.7670498,-42.91019601,SPRF-RJ,DEL02-RJ,UOP02-DEL02-RJ,2021,,7,,,,0.0
364924.0,2021-06-18,,10:30:00,RJ,101,317,SAO GONCALO,DEMAIS FALHAS MECÂNICAS OU ELÉTRICAS,TOMBAMENTO,COM VÍTIMAS FERIDAS,PLENO DIA,Crescente,CÉU CLARO,DUPLA,Reta,Sim,2,0,2,0,0,0,2,1,-22.83707798,-43.09492006,SPRF-RJ,DEL02-RJ,UOP02-DEL02-RJ,2021,,10,,,,1.0
365135.0,2021-06-19,,16:10:00,RJ,101,320,NITEROI,AUSÊNCIA DE REAÇÃO DO CONDUTOR,COLISÃO COM OBJETO,COM VÍTIMAS FERIDAS,PLENO DIA,Decrescente,CÉU CLARO,SIMPLES,Curva,Sim,2,0,2,0,0,0,2,1,-22.86171098,-43.10714015,SPRF-RJ,DEL02-RJ,UOP02-DEL02-RJ,2021,,16,,,,1.0
365262.0,2021-06-20,,04:30:00,RJ,101,296,SAO GONCALO,REAÇÃO TARDIA OU INEFICIENTE DO CONDUTOR,TOMBAMENTO,COM VÍTIMAS FERIDAS,PLENA NOITE,Crescente,GAROA/CHUVISCO,MÚLTIPLA,Reta,Sim,2,0,1,0,0,1,1,1,-22.7670498,-42.91019601,SPRF-RJ,DEL02-RJ,UOP02-DEL02-RJ,2021,,4,,,,1.0
365305.0,2021-06-20,,06:30:00,RJ,101,283,ITABORAI,AUSÊNCIA DE REAÇÃO DO CONDUTOR,QUEDA DE OCUPANTE DE VEÍCULO,COM VÍTIMAS FERIDAS,AMANHECER,Crescente,NUBLADO,DUPLA,Curva,Sim,2,0,1,0,1,0,1,1,-22.73591014,-42.80592689,SPRF-RJ,DEL02-RJ,UOP03-DEL02-RJ,2021,,6,,,,1.0
365519.0,2021-06-21,,07:15:00,RJ,101,317,SAO GONCALO,REAÇÃO TARDIA OU INEFICIENTE DO CONDUTOR,COLISÃO TRASEIRA,COM VÍTIMAS FERIDAS,PLENO DIA,Crescente,CÉU CLARO,DUPLA,Reta,Sim,5,0,1,0,4,0,1,2,-22.83707798,-43.09492006,SPRF-RJ,DEL02-RJ,UOP02-DEL02-RJ,2021,,7,,,,1.0
365654.0,2021-06-21,,20:30:00,RJ,101,303,SAO GONCALO,CONDUTOR DEIXOU DE MANTER DISTÂNCIA DO VEÍCULO DA FRENTE,COLISÃO TRASEIRA,COM VÍTIMAS FERIDAS,PLENA NOITE,Decrescente,CÉU CLARO,DUPLA,Reta,Sim,4,0,1,1,2,0,2,2,-22.7828205,-42.9766681,SPRF-RJ,DEL02-RJ,UOP02-DEL02-RJ,2021,,20,,,,1.0
365803.0,2021-06-22,,18:30:00,RJ,101,319,NITEROI,TRAFEGAR COM MOTOCICLETA (OU SIMILAR) ENTRE AS FAIXAS,COLISÃO LATERAL MESMO SENTIDO,COM VÍTIMAS FERIDAS,PLENA NOITE,Decrescente,NUBLADO,DUPLA,Reta,Sim,3,0,1,0,2,0,1,2,-22.85411774,-43.1018014,SPRF-RJ,DEL02-RJ,UOP02-DEL02-RJ,2021,,18,,,,1.0
365828.0,2021-06-22,,06:20:00,RJ,101,323,NITEROI,CHUVA,COLISÃO TRASEIRA,COM VÍTIMAS FERIDAS,AMANHECER,Crescente,CHUVA,DUPLA,Reta,Não,2,0,1,0,1,0,1,2,-22.87684786,-43.11728689,SPRF-RJ,DEL02-RJ,UOP02-DEL02-RJ,2021,,6,,,,1.0
365948.0,2021-06-23,,08:35:00,RJ,101,262,RIO BONITO,CONVERSÃO PROIBIDA,COLISÃO FRONTAL,COM VÍTIMAS FERIDAS,PLENO DIA,Crescente,CÉU CLARO,DUPLA,Rotatória,Sim,3,0,2,0,1,0,2,2,-22.71367506,-42.62052996,SPRF-RJ,DEL02-RJ,UOP03-DEL02-RJ,2021,,8,,,,1.0
365994.0,2021-06-23,,19:30:00,RJ,101,324,NITEROI,REAÇÃO TARDIA OU INEFICIENTE DO CONDUTOR,QUEDA DE OCUPANTE DE VEÍCULO,COM VÍTIMAS FERIDAS,PLENA NOITE,Decrescente,CÉU CLARO,MÚLTIPLA,Reta,Sim,1,0,1,0,0,0,1,1,-22.87381074,-43.12640997,SPRF-RJ,DEL02-RJ,UOP02-DEL02-RJ,2021,,19,,,,1.0
366241.0,2021-06-24,,23:40:00,RJ,101,297,ITABORAI,PEDESTRE CRUZAVA A PISTA FORA DA FAIXA,ATROPELAMENTO DE PEDESTRE,COM VÍTIMAS FATAIS,PLENA NOITE,Decrescente,CÉU CLARO,SIMPLES,Reta,Não,3,1,0,0,2,0,0,2,-22.76942037,-42.91873581,SPRF-RJ,DEL02-RJ,UOP02-DEL02-RJ,2021,,23,,,,2.0
366480.0,2021-06-26,,00:30:00,RJ,101,296,ITABORAI,AUSÊNCIA DE REAÇÃO DO CONDUTOR,COLISÃO COM OBJETO,SEM VÍTIMAS,PLENA NOITE,Decrescente,CÉU CLARO,DUPLA,Curva,Sim,1,0,0,0,0,1,0,1,-22.7670498,-42.91019601,SPRF-RJ,DEL02-RJ,UOP02-DEL02-RJ,2021,,0,,,,0.0
366512.0,2021-06-26,,05:25:00,RJ,101,310,SAO GONCALO,AUSÊNCIA DE REAÇÃO DO CONDUTOR,SAÍDA DE LEITO CARROÇÁVEL,COM VÍTIMAS FATAIS,PLENA NOITE,Crescente,CÉU CLARO,DUPLA,Reta,Sim,2,1,0,0,0,1,0,2,-22.79717023,-43.04404993,SPRF-RJ,DEL02-RJ,UOP02-DEL02-RJ,2021,,5,,,,2.0
366578.0,2021-06-26,,12:09:00,RJ,101,323,NITEROI,REAÇÃO TARDIA OU INEFICIENTE DO CONDUTOR,COLISÃO TRASEIRA,COM VÍTIMAS FERIDAS,PLENO DIA,Decrescente,CÉU CLARO,DUPLA,Reta,Não,2,0,1,0,1,0,1,2,-22.87684786,-43.11728689,SPRF-RJ,DEL02-RJ,UOP02-DEL02-RJ,2021,,12,,,,1.0
366615.0,2021-06-26,,16:20:00,RJ,101,303,SAO GONCALO,DEMAIS FALHAS MECÂNICAS OU ELÉTRICAS,TOMBAMENTO,COM VÍTIMAS FERIDAS,PLENO DIA,Decrescente,CÉU CLARO,DUPLA,Reta,Sim,2,0,1,0,1,0,1,1,-22.7828205,-42.9766681,SPRF-RJ,DEL02-RJ,UOP02-DEL02-RJ,2021,,16,,,,1.0
366714.0,2021-06-27,,02:40:00,RJ,101,297,ITABORAI,MANOBRA DE MUDANÇA DE FAIXA,CAPOTAMENTO,COM VÍTIMAS FERIDAS,PLENA NOITE,Crescente,CÉU CLARO,DUPLA,Reta,Sim,2,0,1,0,1,0,1,1,-22.76942037,-42.91873581,SPRF-RJ,DEL02-RJ,UOP02-DEL02-RJ,2021,,2,,,,1.0
366884.0,2021-06-27,,18:30:00,RJ,101,305,SAO GONCALO,CONDUTOR DORMINDO,COLISÃO COM OBJETO,COM VÍTIMAS FERIDAS,PLENA NOITE,Decrescente,CÉU CLARO,DUPLA,Reta,Sim,1,0,1,0,0,0,1,1,-22.78702832,-42.99589293,SPRF-RJ,DEL02-RJ,UOP02-DEL02-RJ,2021,,18,,,,1.0
366924.0,2021-06-27,,09:05:00,RJ,101,307,SAO GONCALO,ÁREA URBANA SEM A PRESENÇA DE LOCAL APROPRIADO PARA A TRAVESSIA DE PEDESTRES,ATROPELAMENTO DE PEDESTRE,COM VÍTIMAS FERIDAS,PLENO DIA,Crescente,CÉU CLARO,DUPLA,Reta,Sim,2,0,1,0,1,0,1,2,-22.79115777,-43.01514205,SPRF-RJ,DEL02-RJ,UOP02-DEL02-RJ,2021,,9,,,,1.0
366928.0,2021-06-28,,01:00:00,RJ,101,296,ITABORAI,AUSÊNCIA DE REAÇÃO DO CONDUTOR,CAPOTAMENTO,COM VÍTIMAS FERIDAS,PLENA NOITE,Crescente,CÉU CLARO,DUPLA,Reta,Sim,5,0,3,0,2,0,3,1,-22.7670498,-42.91019601,SPRF-RJ,DEL02-RJ,UOP02-DEL02-RJ,2021,,1,,,,1.0
366993.0,2021-06-28,,11:00:00,RJ,101,296,ITABORAI,ACESSAR A VIA SEM OBSERVAR A PRESENÇA DOS OUTROS VEÍCULOS,COLISÃO TRASEIRA,COM VÍTIMAS FERIDAS,PLENO DIA,Decrescente,CÉU CLARO,DUPLA,Interseção de Vias,Sim,2,0,1,0,1,0,1,2,-22.7670498,-42.91019601,SPRF-RJ,DEL02-RJ,UOP02-DEL02-RJ,2021,,11,,,,1.0
367298.0,2021-06-30,,00:00:00,RJ,101,274,RIO BONITO,CHUVA,COLISÃO COM OBJETO,SEM VÍTIMAS,PLENA NOITE,Decrescente,CHUVA,DUPLA,Reta,Sim,1,0,0,0,1,0,0,1,-22.73506292,-42.71948103,SPRF-RJ,DEL02-RJ,UOP03-DEL02-RJ,2021,,0,,,,0.0
367448.0,2021-06-30,,18:05:00,RJ,101,292,ITABORAI,DEMAIS FALHAS MECÂNICAS OU ELÉTRICAS,INCÊNDIO,SEM VÍTIMAS,PLENA NOITE,Decrescente,NUBLADO,DUPLA,Reta,Sim,1,0,0,0,1,0,0,1,-22.76038215,-42.87856408,SPRF-RJ,DEL02-RJ,UOP03-DEL02-RJ,2021,,18,,,,0.0
367466.0,2021-06-30,,21:21:00,RJ,101,295,ITABORAI,REAÇÃO TARDIA OU INEFICIENTE DO CONDUTOR,TOMBAMENTO,COM VÍTIMAS FATAIS,PLENA NOITE,Crescente,NUBLADO,DUPLA,Curva,Sim,1,1,0,0,0,0,0,1,-22.76365068,-42.90223623,SPRF-RJ,DEL02-RJ,UOP02-DEL02-RJ,2021,,21,,,,2.0
367498.0,2021-07-01,3.0,05:20:00,RJ,101,"268,7",RIO BONITO,CONDUTOR DEIXOU DE MANTER DISTÂNCIA DO VEÍCULO DA FRENTE,COLISÃO LATERAL MESMO SENTIDO,COM VÍTIMAS FERIDAS,PLENA NOITE,Decrescente,CÉU CLARO,DUPLA,Reta,Não,2,0,1,0,1,0,1,2,-22.7112997,-42.66922613,SPRF-RJ,DEL02-RJ,UOP03-DEL02-RJ,2021,2021-01-07,5,2021.0,1.0,Quinta,1.0
367547.0,2021-07-01,3.0,11:20:00,RJ,101,323,NITEROI,PEDESTRE ANDAVA NA PISTA,ATROPELAMENTO DE PEDESTRE,COM VÍTIMAS FERIDAS,PLENO DIA,Decrescente,CÉU CLARO,MÚLTIPLA,Ponte,Sim,3,0,1,0,2,0,1,2,-22.87728231,-43.11666012,SPRF-RJ,DEL02-RJ,UOP02-DEL02-RJ,2021,2021-01-07,11,2021.0,1.0,Quinta,1.0
367696.0,2021-07-01,3.0,19:50:00,RJ,101,313,SAO GONCALO,ACESSO IRREGULAR,ATROPELAMENTO DE PEDESTRE,COM VÍTIMAS FERIDAS,PLENA NOITE,Decrescente,CÉU CLARO,DUPLA,Reta,Sim,2,0,1,0,1,0,1,2,-22.81049093,-43.06983304,SPRF-RJ,DEL02-RJ,UOP02-DEL02-RJ,2021,2021-01-07,19,2021.0,1.0,Quinta,1.0
367771.0,2021-07-02,6.0,11:30:00,RJ,493,4,ITABORAI,REAÇÃO TARDIA OU INEFICIENTE DO CONDUTOR,COLISÃO COM OBJETO,COM VÍTIMAS FERIDAS,PLENO DIA,Crescente,CÉU CLARO,DUPLA,Aclive,Sim,4,0,4,0,0,0,4,1,-22.74828913,-42.9500441,SPRF-RJ,DEL02-RJ,UOP02-DEL02-RJ,2021,2021-02-07,11,2021.0,2.0,Domingo,1.0
368010.0,2021-07-03,6.0,11:30:00,RJ,101,312,SAO GONCALO,TRAFEGAR COM MOTOCICLETA (OU SIMILAR) ENTRE AS FAIXAS,COLISÃO TRASEIRA,COM VÍTIMAS FERIDAS,PLENO DIA,Decrescente,CÉU CLARO,DUPLA,Reta,Sim,3,0,0,1,2,0,1,2,-22.80546555,-43.06156967,SPRF-RJ,DEL02-RJ,UOP02-DEL02-RJ,2021,2021-03-07,11,2021.0,3.0,Domingo,1.0
368262.0,2021-07-04,2.0,13:45:00,RJ,101,304,SAO GONCALO,REAÇÃO TARDIA OU INEFICIENTE DO CONDUTOR,EVENTOS ATÍPICOS,SEM VÍTIMAS,PLENO DIA,Crescente,CÉU CLARO,DUPLA,Reta,Sim,2,0,0,0,2,0,0,2,-22.78491869,-42.98627706,SPRF-RJ,DEL02-RJ,UOP02-DEL02-RJ,2021,2021-04-07,13,2021.0,4.0,Quarta,0.0
368536.0,2021-05-10,1.0,02:00:00,RJ,101,305,SAO GONCALO,PEDESTRE ANDAVA NA PISTA,ATROPELAMENTO DE PEDESTRE,COM VÍTIMAS FATAIS,PLENA NOITE,Decrescente,CÉU CLARO,DUPLA,Reta,Sim,3,2,1,0,0,0,1,2,-22.78702832,-42.99589293,SPRF-RJ,DEL02-RJ,UOP02-DEL02-RJ,2021,2021-10-05,2,2021.0,10.0,Terça,2.0
368546.0,2021-07-05,4.0,09:30:00,RJ,101,316,SAO GONCALO,AVARIAS E/OU DESGASTE EXCESSIVO NO PNEU,TOMBAMENTO,COM VÍTIMAS FERIDAS,PLENO DIA,Crescente,CÉU CLARO,DUPLA,Reta,Sim,2,0,2,0,0,0,2,1,-22.82835879,-43.09208739,SPRF-RJ,DEL02-RJ,UOP02-DEL02-RJ,2021,2021-05-07,9,2021.0,5.0,Sexta,1.0
368898.0,2021-07-03,6.0,23:00:00,RJ,101,"310,9",SAO GONCALO,TRANSITAR NO ACOSTAMENTO,COLISÃO TRASEIRA,COM VÍTIMAS FERIDAS,PLENA NOITE,Decrescente,CÉU CLARO,DUPLA,Reta,Sim,4,0,2,0,2,0,2,3,-22.79717023,-43.04404993,SPRF-RJ,DEL02-RJ,UOP02-DEL02-RJ,2021,2021-03-07,23,2021.0,3.0,Domingo,1.0
368908.0,2021-07-07,2.0,06:40:00,RJ,101,313,SAO GONCALO,CONDUTOR DEIXOU DE MANTER DISTÂNCIA DO VEÍCULO DA FRENTE,ENGAVETAMENTO,SEM VÍTIMAS,PLENO DIA,Crescente,NUBLADO,DUPLA,Reta,Sim,3,0,0,0,3,0,0,3,-22.81049093,-43.06983304,SPRF-RJ,DEL02-RJ,UOP02-DEL02-RJ,2021,2021-07-07,6,2021.0,7.0,Quarta,0.0
369018.0,2021-07-07,2.0,18:30:00,RJ,101,262,RIO BONITO,REAÇÃO TARDIA OU INEFICIENTE DO CONDUTOR,COLISÃO TRASEIRA,COM VÍTIMAS FERIDAS,PLENA NOITE,Decrescente,CÉU CLARO,DUPLA,Reta,Sim,4,0,1,0,3,0,1,2,-22.71367506,-42.62052996,SPRF-RJ,DEL02-RJ,UOP03-DEL02-RJ,2021,2021-07-07,18,2021.0,7.0,Quarta,1.0
369090.0,2021-07-08,5.0,07:00:00,RJ,101,262,RIO BONITO,CURVA ACENTUADA,TOMBAMENTO,COM VÍTIMAS FERIDAS,PLENO DIA,Decrescente,NUBLADO,DUPLA,Curva,Sim,1,0,1,0,0,0,1,1,-22.71367506,-42.62052996,SPRF-RJ,DEL02-RJ,UOP03-DEL02-RJ,2021,2021-08-07,7,2021.0,8.0,Sábado,1.0
369197.0,2021-07-08,5.0,14:55:00,RJ,101,319,NITEROI,AUSÊNCIA DE REAÇÃO DO CONDUTOR,QUEDA DE OCUPANTE DE VEÍCULO,COM VÍTIMAS FERIDAS,PLENO DIA,Decrescente,CÉU CLARO,SIMPLES,Reta,Sim,1,0,1,0,0,0,1,1,-22.85411774,-43.1018014,SPRF-RJ,DEL02-RJ,UOP02-DEL02-RJ,2021,2021-08-07,14,2021.0,8.0,Sábado,1.0
369687.0,2021-07-10,3.0,16:30:00,RJ,101,325,NITEROI,CONDUTOR DEIXOU DE MANTER DISTÂNCIA DO VEÍCULO DA FRENTE,COLISÃO TRASEIRA,COM VÍTIMAS FERIDAS,PLENO DIA,Decrescente,CÉU CLARO,DUPLA,Reta,Sim,3,0,1,0,2,0,1,2,-22.87284391,-43.13743114,SPRF-RJ,DEL02-RJ,UOP02-DEL02-RJ,2021,2021-10-07,16,2021.0,10.0,Quinta,1.0
370248.0,2021-07-12,1.0,16:02:00,RJ,101,317,SAO GONCALO,TRAFEGAR COM MOTOCICLETA (OU SIMILAR) ENTRE AS FAIXAS,COLISÃO LATERAL MESMO SENTIDO,COM VÍTIMAS FERIDAS,PLENO DIA,Decrescente,CÉU CLARO,DUPLA,Reta,Não,3,0,1,0,2,0,1,2,-22.83707798,-43.09492006,SPRF-RJ,DEL02-RJ,UOP02-DEL02-RJ,2021,2021-12-07,16,2021.0,12.0,Terça,1.0
370523.0,2021-07-14,,11:00:00,RJ,101,270,RIO BONITO,MANOBRA DE MUDANÇA DE FAIXA,SAÍDA DE LEITO CARROÇÁVEL,COM VÍTIMAS FERIDAS,PLENO DIA,Crescente,CÉU CLARO,DUPLA,Curva,Sim,1,0,1,0,0,0,1,1,-22.71852325,-42.68689289,SPRF-RJ,DEL02-RJ,UOP03-DEL02-RJ,2021,,11,,,,1.0
370642.0,2021-07-14,,17:30:00,RJ,101,316,SAO GONCALO,REAÇÃO TARDIA OU INEFICIENTE DO CONDUTOR,QUEDA DE OCUPANTE DE VEÍCULO,COM VÍTIMAS FERIDAS,ANOITECER,Decrescente,CÉU CLARO,DUPLA,Reta,Sim,1,0,1,0,0,0,1,1,-22.82966828,-43.092767,SPRF-RJ,DEL02-RJ,UOP02-DEL02-RJ,2021,,17,,,,1.0
370727.0,2021-07-15,,10:20:00,RJ,101,314,SAO GONCALO,REAÇÃO TARDIA OU INEFICIENTE DO CONDUTOR,QUEDA DE OCUPANTE DE VEÍCULO,COM VÍTIMAS FERIDAS,PLENO DIA,Crescente,CÉU CLARO,DUPLA,Reta,Sim,1,0,1,0,0,0,1,1,-22.81648739,-43.07728467,SPRF-RJ,DEL02-RJ,UOP02-DEL02-RJ,2021,,10,,,,1.0
370773.0,2021-07-15,,15:45:00,RJ,101,316,SAO GONCALO,TRAFEGAR COM MOTOCICLETA (OU SIMILAR) ENTRE AS FAIXAS,COLISÃO LATERAL MESMO SENTIDO,COM VÍTIMAS FERIDAS,PLENO DIA,Decrescente,CÉU CLARO,DUPLA,Reta,Sim,3,0,0,1,2,0,1,3,-22.82835879,-43.09208739,SPRF-RJ,DEL02-RJ,UOP02-DEL02-RJ,2021,,15,,,,1.0
370775.0,2021-07-15,,07:00:00,RJ,101,323,NITEROI,CONDUTOR DEIXOU DE MANTER DISTÂNCIA DO VEÍCULO DA FRENTE,COLISÃO TRASEIRA,COM VÍTIMAS FERIDAS,PLENO DIA,Crescente,CÉU CLARO,MÚLTIPLA,Ponte,Não,2,0,1,0,1,0,1,2,-22.87684786,-43.11728689,SPRF-RJ,DEL02-RJ,UOP02-DEL02-RJ,2021,,7,,,,1.0
371026.0,2021-07-16,,14:10:00,RJ,101,282,ITABORAI,PISTA EM DESNÍVEL,QUEDA DE OCUPANTE DE VEÍCULO,COM VÍTIMAS FERIDAS,PLENO DIA,Decrescente,CÉU CLARO,DUPLA,Curva,Não,1,0,1,0,0,0,1,1,-22.7371391,-42.79664601,SPRF-RJ,DEL02-RJ,UOP03-DEL02-RJ,2021,,14,,,,1.0
371088.0,2021-07-16,,22:40:00,RJ,101,323,NITEROI,FREAR BRUSCAMENTE,COLISÃO TRASEIRA,COM VÍTIMAS FERIDAS,PLENA NOITE,Decrescente,CÉU CLARO,DUPLA,Reta,Não,2,0,1,0,1,0,1,2,-22.87684786,-43.11728689,SPRF-RJ,DEL02-RJ,UOP02-DEL02-RJ,2021,,22,,,,1.0
371106.0,2021-07-17,,02:10:00,RJ,101,311,SAO GONCALO,AUSÊNCIA DE REAÇÃO DO CONDUTOR,COLISÃO COM OBJETO,COM VÍTIMAS FERIDAS,PLENA NOITE,Decrescente,CÉU CLARO,DUPLA,Ponte,Sim,1,0,1,0,0,0,1,1,-22.80062246,-43.05318779,SPRF-RJ,DEL02-RJ,UOP02-DEL02-RJ,2021,,2,,,,1.0
371480.0,2021-07-18,,19:50:00,RJ,101,311,SAO GONCALO,AUSÊNCIA DE REAÇÃO DO CONDUTOR,COLISÃO LATERAL MESMO SENTIDO,SEM VÍTIMAS,PLENA NOITE,Decrescente,NUBLADO,DUPLA,Reta,Sim,2,0,0,0,2,0,0,2,-22.80062246,-43.05318779,SPRF-RJ,DEL02-RJ,UOP02-DEL02-RJ,2021,,19,,,,0.0
371481.0,2021-07-18,,18:50:00,RJ,101,266,RIO BONITO,TRAFEGAR COM MOTOCICLETA (OU SIMILAR) ENTRE AS FAIXAS,COLISÃO LATERAL MESMO SENTIDO,SEM VÍTIMAS,PLENA NOITE,Crescente,NUBLADO,DUPLA,Reta,Não,2,0,0,0,2,0,0,2,-22.70861445,-42.65178735,SPRF-RJ,DEL02-RJ,UOP03-DEL02-RJ,2021,,18,,,,0.0
371534.0,2021-07-18,,23:10:00,RJ,101,321,NITEROI,PISTA ESCORREGADIA,QUEDA DE OCUPANTE DE VEÍCULO,COM VÍTIMAS FERIDAS,PLENA NOITE,Decrescente,GAROA/CHUVISCO,DUPLA,Curva,Sim,3,0,1,0,2,0,1,2,-22.86729819,-43.11005116,SPRF-RJ,DEL02-RJ,UOP02-DEL02-RJ,2021,,23,,,,1.0
371596.0,2021-07-19,,09:20:00,RJ,101,308,SAO GONCALO,DEMAIS FALHAS MECÂNICAS OU ELÉTRICAS,TOMBAMENTO,COM VÍTIMAS FERIDAS,PLENO DIA,Crescente,CÉU CLARO,DUPLA,Reta,Sim,2,0,1,0,1,0,1,1,-22.79309326,-43.02479595,SPRF-RJ,DEL02-RJ,UOP02-DEL02-RJ,2021,,9,,,,1.0
371609.0,2021-07-19,,11:30:00,RJ,101,325,NITEROI,CONDUTOR DEIXOU DE MANTER DISTÂNCIA DO VEÍCULO DA FRENTE,COLISÃO TRASEIRA,COM VÍTIMAS FERIDAS,PLENO DIA,Crescente,CÉU CLARO,DUPLA,Reta,Sim,3,0,1,0,2,0,1,2,-22.87292569,-43.13625699,SPRF-RJ,DEL02-RJ,UOP02-DEL02-RJ,2021,,11,,,,1.0
371707.0,2021-07-19,,19:30:00,RJ,101,"306,5",SAO GONCALO,DEMAIS FALHAS MECÂNICAS OU ELÉTRICAS,COLISÃO TRASEIRA,COM VÍTIMAS FERIDAS,PLENA NOITE,Crescente,CÉU CLARO,DUPLA,Reta,Sim,2,0,1,0,1,0,1,2,-22.78913759,-43.00550909,SPRF-RJ,DEL02-RJ,UOP02-DEL02-RJ,2021,,19,,,,1.0
371863.0,2021-07-20,,18:40:00,RJ,101,264,RIO BONITO,CONDUTOR DEIXOU DE MANTER DISTÂNCIA DO VEÍCULO DA FRENTE,COLISÃO TRASEIRA,COM VÍTIMAS FERIDAS,PLENA NOITE,Crescente,CÉU CLARO,DUPLA,Reta,Sim,2,0,0,1,1,0,1,2,-22.71818337,-42.63600702,SPRF-RJ,DEL02-RJ,UOP03-DEL02-RJ,2021,,18,,,,1.0
372573.0,2021-07-24,,10:45:00,RJ,101,327,NITEROI,AUSÊNCIA DE REAÇÃO DO CONDUTOR,COLISÃO LATERAL MESMO SENTIDO,COM VÍTIMAS FERIDAS,PLENO DIA,Crescente,CÉU CLARO,DUPLA,Reta,Não,2,0,1,0,1,0,1,2,-22.87292569,-43.13625699,SPRF-RJ,DEL02-RJ,UOP02-DEL02-RJ,2021,,10,,,,1.0
372693.0,2021-07-24,,21:15:00,RJ,101,298,ITABORAI,DEMAIS FALHAS MECÂNICAS OU ELÉTRICAS,INCÊNDIO,SEM VÍTIMAS,PLENA NOITE,Decrescente,CÉU CLARO,SIMPLES,Curva,Não,1,0,0,0,1,0,0,1,-22.7714,-42.92896,SPRF-RJ,DEL02-RJ,UOP02-DEL02-RJ,2021,,21,,,,0.0
372722.0,2021-07-25,,01:40:00,RJ,101,311,SAO GONCALO,REAÇÃO TARDIA OU INEFICIENTE DO CONDUTOR,COLISÃO COM OBJETO,COM VÍTIMAS FERIDAS,PLENA NOITE,Crescente,CÉU CLARO,DUPLA,Reta,Sim,1,0,1,0,0,0,1,1,-22.80062246,-43.05318779,SPRF-RJ,DEL02-RJ,UOP02-DEL02-RJ,2021,,1,,,,1.0
372757.0,2021-07-25,,04:00:00,RJ,101,322,NITEROI,INGESTÃO DE SUBSTÂNCIAS PSICOATIVAS PELO CONDUTOR,QUEDA DE OCUPANTE DE VEÍCULO,COM VÍTIMAS FERIDAS,PLENA NOITE,Crescente,NUBLADO,SIMPLES,Declive;Ponte;Reta,Não,1,0,1,0,0,0,1,1,-22.878923,-43.110676,SPRF-RJ,DEL02-RJ,UOP02-DEL02-RJ,2021,,4,,,,1.0
372808.0,2021-07-25,,06:20:00,RJ,493,0,ITABORAI,INGESTÃO DE ÁLCOOL OU DE SUBSTÂNCIAS PSICOATIVAS PELO PEDESTRE,ATROPELAMENTO DE PEDESTRE,COM VÍTIMAS FERIDAS,PLENO DIA,Decrescente,CÉU CLARO,SIMPLES,Reta,Sim,2,0,1,0,1,0,1,2,-22.7367956,-42.8832763,SPRF-RJ,DEL02-RJ,UOP02-DEL02-RJ,2021,,6,,,,1.0
372873.0,2021-07-25,,17:00:00,RJ,101,309,SAO GONCALO,REAÇÃO TARDIA OU INEFICIENTE DO CONDUTOR,COLISÃO COM OBJETO,COM VÍTIMAS FERIDAS,ANOITECER,Crescente,CÉU CLARO,SIMPLES,Reta,Sim,1,0,1,0,0,0,1,1,-22.79498873,-43.03446105,SPRF-RJ,DEL02-RJ,UOP02-DEL02-RJ,2021,,17,,,,1.0
372946.0,2021-07-25,,19:00:00,RJ,493,2,ITABORAI,ACESSO IRREGULAR,COLISÃO TRANSVERSAL,COM VÍTIMAS FERIDAS,PLENA NOITE,Decrescente,CÉU CLARO,SIMPLES,Curva,Sim,3,0,1,0,2,0,1,2,-22.75950214,-42.93544822,SPRF-RJ,DEL02-RJ,UOP02-DEL02-RJ,2021,,19,,,,1.0
373000.0,2021-07-26,,08:00:00,RJ,101,312,SAO GONCALO,REAÇÃO TARDIA OU INEFICIENTE DO CONDUTOR,COLISÃO TRASEIRA,COM VÍTIMAS FERIDAS,PLENO DIA,Crescente,CÉU CLARO,DUPLA,Reta,Sim,2,0,1,0,1,0,1,2,-22.80546555,-43.06156967,SPRF-RJ,DEL02-RJ,UOP02-DEL02-RJ,2021,,8,,,,1.0
373165.0,2021-07-27,,04:55:00,RJ,101,310,SAO GONCALO,REAÇÃO TARDIA OU INEFICIENTE DO CONDUTOR,QUEDA DE OCUPANTE DE VEÍCULO,COM VÍTIMAS FERIDAS,AMANHECER,Decrescente,CÉU CLARO,DUPLA,Aclive,Sim,1,0,0,1,0,0,1,1,-22.79717023,-43.04404993,SPRF-RJ,DEL02-RJ,UOP02-DEL02-RJ,2021,,4,,,,1.0