id,data_inversa,dia_semana,horario,uf,br,km,municipio,causa_acidente,tipo_acidente,classificacao_acidente,fase_dia,sentido_via,condicao_metereologica,tipo_pista,tracado_via,uso_solo,pessoas,mortos,feridos_leves,feridos_graves,ilesos,ignorados,feridos,veiculos,latitude,longitude,regional,delegacia,uop,ano_arquivo,data,hora,ano,mes,dia_semana_nome,gravidade
373374.0,2021-07-28,,12:30:00,RJ,101,270,RIO BONITO,REAÇÃO TARDIA OU INEFICIENTE DO CONDUTOR,COLISÃO COM OBJETO,COM VÍTIMAS FERIDAS,PLENO DIA,Decrescente,GAROA/CHUVISCO,DUPLA,Curva,Não,1,0,0,1,0,0,1,1,-22.71852325,-42.68689289,SPRF-RJ,DEL02-RJ,UOP03-DEL02-RJ,2021,,12,,,,1.0
373396.0,2021-07-28,,14:35:00,RJ,101,292,ITABORAI,INGESTÃO DE ÁLCOOL PELO CONDUTOR,COLISÃO LATERAL MESMO SENTIDO,SEM VÍTIMAS,PLENO DIA,Decrescente,CHUVA,DUPLA,Reta,Sim,3,0,0,0,3,0,0,2,-22.76038215,-42.87856408,SPRF-RJ,DEL02-RJ,UOP03-DEL02-RJ,2021,,14,,,,0.0
373426.0,2021-07-28,,15:00:00,RJ,101,318,NITEROI,CONDUTOR DEIXOU DE MANTER DISTÂNCIA DO VEÍCULO DA FRENTE,COLISÃO TRASEIRA,COM VÍTIMAS FERIDAS,PLENO DIA,Decrescente,CHUVA,DUPLA,Reta,Sim,2,0,1,0,1,0,1,2,-22.84562994,-43.09841211,SPRF-RJ,DEL02-RJ,UOP02-DEL02-RJ,2021,,15,,,,1.0
373614.0,2021-07-29,,17:30:00,RJ,101,321,NITEROI,REAÇÃO TARDIA OU INEFICIENTE DO CONDUTOR,QUEDA DE OCUPANTE DE VEÍCULO,COM VÍTIMAS FERIDAS,PLENA NOITE,Decrescente,NUBLADO,DUPLA,Reta,Sim,1,0,1,0,0,0,1,1,-22.86981096,-43.11046465,SPRF-RJ,DEL02-RJ,UOP02-DEL02-RJ,2021,,17,,,,1.0
373647.0,2021-07-29,,18:20:00,RJ,101,297,ITABORAI,CONDUTOR DEIXOU DE MANTER DISTÂNCIA DO VEÍCULO DA FRENTE,COLISÃO TRASEIRA,SEM VÍTIMAS,PLENA NOITE,Crescente,CÉU CLARO,DUPLA,Reta,Sim,2,0,0,0,2,0,0,2,-22.76942037,-42.91873581,SPRF-RJ,DEL02-RJ,UOP02-DEL02-RJ,2021,,18,,,,0.0
373722.0,2021-07-30,,06:50:00,RJ,101,262,RIO BONITO,ACESSO IRREGULAR,COLISÃO TRANSVERSAL,SEM VÍTIMAS,PLENO DIA,Crescente,IGNORADO,SIMPLES,Interseção de Vias,Sim,2,0,0,0,1,1,0,2,-22.71367506,-42.62052996,SPRF-RJ,DEL02-RJ,UOP03-DEL02-RJ,2021,,6,,,,0.0
373785.0,2021-07-26,,14:50:00,RJ,101,329,NITEROI,CONDUTOR DEIXOU DE MANTER DISTÂNCIA DO VEÍCULO DA FRENTE,ENGAVETAMENTO,COM VÍTIMAS FERIDAS,PLENO DIA,Crescente,CÉU CLARO,MÚLTIPLA,Reta,Não,3,0,1,0,2,0,1,2,-22.86939305,-43.175642,SPRF-RJ,DEL02-RJ,UOP02-DEL02-RJ,2021,,14,,,,1.0
373906.0,2021-07-30,,19:20:00,RJ,101,303,SAO GONCALO,REAÇÃO TARDIA OU INEFICIENTE DO CONDUTOR,COLISÃO TRASEIRA,COM VÍTIMAS FERIDAS,PLENA NOITE,Decrescente,NUBLADO,DUPLA,Reta,Sim,2,0,0,1,1,0,1,2,-22.7828205,-42.9766681,SPRF-RJ,DEL02-RJ,UOP02-DEL02-RJ,2021,,19,,,,1.0
373956.0,2021-07-31,,05:00:00,RJ,101,297,ITABORAI,AUSÊNCIA DE REAÇÃO DO CONDUTOR,QUEDA DE OCUPANTE DE VEÍCULO,COM VÍTIMAS FERIDAS,AMANHECER,Crescente,NUBLADO,MÚLTIPLA,Reta,Sim,2,0,2,0,0,0,2,1,-22.76942037,-42.91873581,SPRF-RJ,DEL02-RJ,UOP02-DEL02-RJ,2021,,5,,,,1.0
374074.0,2021-07-31,,16:50:00,RJ,101,309,SAO GONCALO,REAÇÃO TARDIA OU INEFICIENTE DO CONDUTOR,COLISÃO COM OBJETO,SEM VÍTIMAS,PLENO DIA,Decrescente,CÉU CLARO,DUPLA,Reta,Sim,2,0,0,0,2,0,0,1,-22.79498873,-43.03446105,SPRF-RJ,DEL02-RJ,UOP02-DEL02-RJ,2021,,16,,,,0.0
374233.0,2021-08-01,4.0,09:45:00,RJ,101,296,ITABORAI,AVARIAS E/OU DESGASTE EXCESSIVO NO PNEU,COLISÃO COM OBJETO,COM VÍTIMAS FERIDAS,PLENO DIA,Crescente,CÉU CLARO,SIMPLES,Reta,Sim,1,0,1,0,0,0,1,1,-22.7670498,-42.91019601,SPRF-RJ,DEL02-RJ,UOP02-DEL02-RJ,2021,2021-01-08,9,2021.0,1.0,Sexta,1.0
374337.0,2021-08-01,4.0,18:40:00,RJ,101,304,SAO GONCALO,ÁREA URBANA SEM A PRESENÇA DE LOCAL APROPRIADO PARA A TRAVESSIA DE PEDESTRES,ATROPELAMENTO DE PEDESTRE,COM VÍTIMAS FERIDAS,PLENA NOITE,Decrescente,CÉU CLARO,DUPLA,Reta,Sim,2,0,2,0,0,0,2,2,-22.78491869,-42.98627706,SPRF-RJ,DEL02-RJ,UOP02-DEL02-RJ,2021,2021-01-08,18,2021.0,1.0,Sexta,1.0
374397.0,2021-08-01,4.0,22:40:00,RJ,101,316,SAO GONCALO,AUSÊNCIA DE REAÇÃO DO CONDUTOR,COLISÃO COM OBJETO,COM VÍTIMAS FERIDAS,PLENA NOITE,Crescente,CÉU CLARO,DUPLA,Curva,Sim,2,0,2,0,0,0,2,1,-22.82607876,-43.09062123,SPRF-RJ,DEL02-RJ,UOP02-DEL02-RJ,2021,2021-01-08,22,2021.0,1.0,Sexta,1.0
374415.0,2021-08-02,0.0,04:00:00,RJ,101,318,SAO GONCALO,INGESTÃO DE ÁLCOOL PELO CONDUTOR,CAPOTAMENTO,COM VÍTIMAS FERIDAS,PLENA NOITE,Decrescente,CÉU CLARO,DUPLA,Curva,Sim,2,0,1,0,1,0,1,1,-22.84562994,-43.09841211,SPRF-RJ,DEL02-RJ,UOP02-DEL02-RJ,2021,2021-02-08,4,2021.0,2.0,Segunda,1.0
374649.0,2021-08-03,0.0,12:00:00,RJ,101,289,ITABORAI,ACESSO IRREGULAR,COLISÃO TRANSVERSAL,COM VÍTIMAS FATAIS,PLENO DIA,Decrescente,NUBLADO,DUPLA,Reta,Sim,2,1,0,0,1,0,0,2,-22.76376316,-42.85172094,SPRF-RJ,DEL02-RJ,UOP03-DEL02-RJ,2021,2021-03-08,12,2021.0,3.0,Segunda,2.0
374663.0,2021-07-30,,22:55:00,RJ,101,328,NITEROI,REAÇÃO TARDIA OU INEFICIENTE DO CONDUTOR,COLISÃO TRASEIRA,COM VÍTIMAS FERIDAS,PLENA NOITE,Decrescente,CÉU CLARO,DUPLA,Aclive,Sim,3,0,2,0,1,0,2,2,-22.87028692,-43.16579699,SPRF-RJ,DEL02-RJ,UOP02-DEL02-RJ,2021,,22,,,,1.0
374846.0,2021-07-31,,23:59:00,RJ,101,297,ITABORAI,AUSÊNCIA DE REAÇÃO DO CONDUTOR,COLISÃO COM OBJETO,COM VÍTIMAS FERIDAS,PLENA NOITE,Crescente,NUBLADO,SIMPLES,Reta,Sim,2,0,2,0,0,0,2,1,-22.76942037,-42.91873581,SPRF-RJ,DEL02-RJ,UOP02-DEL02-RJ,2021,,23,,,,1.0
374847.0,2021-08-04,3.0,15:05:00,RJ,101,"311,9",SAO GONCALO,ACESSAR A VIA SEM OBSERVAR A PRESENÇA DOS OUTROS VEÍCULOS,COLISÃO TRANSVERSAL,COM VÍTIMAS FERIDAS,PLENO DIA,Decrescente,CÉU CLARO,DUPLA,Reta,Sim,2,0,1,0,1,0,1,2,-22.80062246,-43.05318779,SPRF-RJ,DEL02-RJ,UOP02-DEL02-RJ,2021,2021-04-08,15,2021.0,4.0,Quinta,1.0
374960.0,2021-08-05,5.0,06:18:00,RJ,101,327,NITEROI,AUSÊNCIA DE REAÇÃO DO CONDUTOR,COLISÃO TRASEIRA,SEM VÍTIMAS,PLENO DIA,Decrescente,CÉU CLARO,DUPLA,Reta,Não,2,0,0,0,2,0,0,2,-22.87117393,-43.15595099,SPRF-RJ,DEL02-RJ,UOP02-DEL02-RJ,2021,2021-05-08,6,2021.0,5.0,Sábado,0.0
375043.0,2021-08-05,5.0,11:30:00,RJ,493,0,ITABORAI,ACESSAR A VIA SEM OBSERVAR A PRESENÇA DOS OUTROS VEÍCULOS,COLISÃO TRANSVERSAL,COM VÍTIMAS FERIDAS,PLENO DIA,Crescente,CÉU CLARO,SIMPLES,Reta,Sim,3,0,1,1,1,0,2,2,-22.77062,-42.92223,SPRF-RJ,DEL02-RJ,UOP02-DEL02-RJ,2021,2021-05-08,11,2021.0,5.0,Sábado,1.0
375098.0,2021-08-05,5.0,19:50:00,RJ,101,312,SAO GONCALO,OBSTRUÇÃO NA VIA,COLISÃO FRONTAL,SEM VÍTIMAS,PLENA NOITE,Crescente,CÉU CLARO,DUPLA,Reta,Sim,12,0,0,0,2,10,0,3,-22.80546555,-43.06156967,SPRF-RJ,DEL02-RJ,UOP02-DEL02-RJ,2021,2021-05-08,19,2021.0,5.0,Sábado,0.0
375168.0,2021-08-06,1.0,08:39:00,RJ,101,321,NITEROI,MANOBRA DE MUDANÇA DE FAIXA,COLISÃO LATERAL MESMO SENTIDO,COM VÍTIMAS FERIDAS,PLENO DIA,Crescente,CÉU CLARO,DUPLA,Reta,Não,3,0,2,0,1,0,2,2,-22.86981096,-43.11046465,SPRF-RJ,DEL02-RJ,UOP02-DEL02-RJ,2021,2021-06-08,8,2021.0,6.0,Terça,1.0
375241.0,2021-08-06,1.0,12:05:00,RJ,101,295,ITABORAI,PEDESTRE ANDAVA NA PISTA,ATROPELAMENTO DE PEDESTRE,SEM VÍTIMAS,PLENO DIA,Decrescente,SOL,DUPLA,Reta,Sim,2,0,0,0,1,1,0,2,-22.76365068,-42.90223623,SPRF-RJ,DEL02-RJ,UOP02-DEL02-RJ,2021,2021-06-08,12,2021.0,6.0,Terça,0.0
375338.0,2021-08-06,1.0,22:30:00,RJ,101,"323,2",NITEROI,CONDUTOR DORMINDO,COLISÃO COM OBJETO,COM VÍTIMAS FERIDAS,PLENA NOITE,Decrescente,CÉU CLARO,DUPLA,Reta,Não,1,0,1,0,0,0,1,1,-22.87684786,-43.11728689,SPRF-RJ,DEL02-RJ,UOP02-DEL02-RJ,2021,2021-06-08,22,2021.0,6.0,Terça,1.0
375518.0,2021-08-07,3.0,12:50:00,RJ,101,295,ITABORAI,ULTRAPASSAGEM INDEVIDA,COLISÃO LATERAL MESMO SENTIDO,COM VÍTIMAS FERIDAS,PLENO DIA,Decrescente,CÉU CLARO,DUPLA,Curva,Sim,2,0,0,1,1,0,1,2,-22.76365068,-42.90223623,SPRF-RJ,DEL02-RJ,UOP02-DEL02-RJ,2021,2021-07-08,12,2021.0,7.0,Quinta,1.0
375528.0,2021-08-07,3.0,17:15:00,RJ,101,293,ITABORAI,VELOCIDADE INCOMPATÍVEL,SAÍDA DE LEITO CARROÇÁVEL,COM VÍTIMAS FATAIS,PLENO DIA,Crescente,CÉU CLARO,DUPLA,Curva,Sim,1,1,0,0,0,0,0,1,-22.756203,-42.88724,SPRF-RJ,DEL02-RJ,UOP02-DEL02-RJ,2021,2021-07-08,17,2021.0,7.0,Quinta,2.0
375658.0,2021-08-08,6.0,02:29:00,RJ,101,295,ITABORAI,CONDUTOR DORMINDO,SAÍDA DE LEITO CARROÇÁVEL,SEM VÍTIMAS,PLENA NOITE,Crescente,NUBLADO,SIMPLES,Curva,Sim,1,0,0,0,1,0,0,1,-22.76365068,-42.90223623,SPRF-RJ,DEL02-RJ,UOP02-DEL02-RJ,2021,2021-08-08,2,2021.0,8.0,Domingo,0.0
375777.0,2021-08-08,6.0,13:00:00,RJ,101,288,ITABORAI,MANOBRA DE MUDANÇA DE FAIXA,CAPOTAMENTO,COM VÍTIMAS FERIDAS,PLENO DIA,Crescente,CÉU CLARO,DUPLA,Reta,Sim,4,0,1,0,3,0,1,3,-22.75933747,-42.84321275,SPRF-RJ,DEL02-RJ,UOP03-DEL02-RJ,2021,2021-08-08,13,2021.0,8.0,Domingo,1.0
375803.0,2021-08-08,6.0,11:35:00,RJ,101,321,NITEROI,CONDUTOR DORMINDO,COLISÃO COM OBJETO,COM VÍTIMAS FERIDAS,PLENO DIA,Crescente,CÉU CLARO,DUPLA,Curva,Sim,1,0,1,0,0,0,1,1,-22.86981096,-43.11046465,SPRF-RJ,DEL02-RJ,UOP02-DEL02-RJ,2021,2021-08-08,11,2021.0,8.0,Domingo,1.0
376079.0,2021-07-20,,08:30:00,RJ,101,264,RIO BONITO,MANOBRA DE MUDANÇA DE FAIXA,COLISÃO LATERAL MESMO SENTIDO,COM VÍTIMAS FERIDAS,PLENO DIA,Decrescente,CÉU CLARO,DUPLA,Reta,Sim,2,0,1,0,1,0,1,2,-22.71818337,-42.63600702,SPRF-RJ,DEL02-RJ,UOP03-DEL02-RJ,2021,,8,,,,1.0
376292.0,2021-08-10,4.0,13:50:00,RJ,101,294,ITABORAI,FREAR BRUSCAMENTE,COLISÃO TRASEIRA,COM VÍTIMAS FERIDAS,PLENO DIA,Crescente,SOL,DUPLA,Reta,Sim,2,0,1,0,1,0,1,2,-22.7584434,-42.89502344,SPRF-RJ,DEL02-RJ,UOP02-DEL02-RJ,2021,2021-10-08,13,2021.0,10.0,Sexta,1.0
376923.0,2021-08-13,,19:10:00,RJ,493,2,ITABORAI,PEDESTRE CRUZAVA A PISTA FORA DA FAIXA,ATROPELAMENTO DE PEDESTRE,COM VÍTIMAS FERIDAS,PLENA NOITE,Crescente,GAROA/CHUVISCO,DUPLA,Reta,Sim,2,0,2,0,0,0,2,2,-22.75950214,-42.93544822,SPRF-RJ,DEL02-RJ,UOP02-DEL02-RJ,2021,,19,,,,1.0
377054.0,2021-08-14,,09:15:00,RJ,101,311,SAO GONCALO,AUSÊNCIA DE REAÇÃO DO CONDUTOR,ATROPELAMENTO DE PEDESTRE,COM VÍTIMAS FERIDAS,PLENO DIA,Crescente,NUBLADO,DUPLA,Reta,Sim,2,0,1,0,0,1,1,2,-22.80062246,-43.05318779,SPRF-RJ,DEL02-RJ,UOP02-DEL02-RJ,2021,,9,,,,1.0
377262.0,2021-08-15,,12:45:00,RJ,101,287,ITABORAI,MANOBRA DE MUDANÇA DE FAIXA,COLISÃO LATERAL MESMO SENTIDO,COM VÍTIMAS FERIDAS,PLENO DIA,Crescente,NUBLADO,DUPLA,Reta,Sim,5,0,3,0,2,0,3,2,-22.75517486,-42.83462502,SPRF-RJ,DEL02-RJ,UOP03-DEL02-RJ,2021,,12,,,,1.0
377557.0,2021-08-16,,11:10:00,RJ,493,0,ITABORAI,CONVERSÃO PROIBIDA,COLISÃO LATERAL MESMO SENTIDO,COM VÍTIMAS FERIDAS,PLENO DIA,Decrescente,CÉU CLARO,SIMPLES,Reta,Sim,3,0,2,0,1,0,2,2,-22.77062,-42.92223,SPRF-RJ,DEL02-RJ,UOP02-DEL02-RJ,2021,,11,,,,1.0
377605.0,2021-08-17,,06:35:00,RJ,101,322,NITEROI,AUSÊNCIA DE REAÇÃO DO CONDUTOR,TOMBAMENTO,COM VÍTIMAS FERIDAS,PLENO DIA,Crescente,GAROA/CHUVISCO,SIMPLES,Curva,Não,1,0,1,0,0,0,1,1,-22.878923,-43.110676,SPRF-RJ,DEL02-RJ,UOP02-DEL02-RJ,2021,,6,,,,1.0
377927.0,2021-08-18,,19:15:00,RJ,101,297,ITABORAI,ACESSAR A VIA SEM OBSERVAR A PRESENÇA DOS OUTROS VEÍCULOS,COLISÃO TRANSVERSAL,SEM VÍTIMAS,PLENA NOITE,Crescente,CÉU CLARO,DUPLA,Reta,Sim,2,0,0,0,1,1,0,2,-22.76942037,-42.91873581,SPRF-RJ,DEL02-RJ,UOP02-DEL02-RJ,2021,,19,,,,0.0
377957.0,2021-08-19,,08:35:00,RJ,101,318,SAO GONCALO,REAÇÃO TARDIA OU INEFICIENTE DO CONDUTOR,COLISÃO TRASEIRA,COM VÍTIMAS FERIDAS,PLENO DIA,Crescente,CÉU CLARO,MÚLTIPLA,Reta,Sim,4,0,2,0,2,0,2,2,-22.84562994,-43.09841211,SPRF-RJ,DEL02-RJ,UOP02-DEL02-RJ,2021,,8,,,,1.0
378162.0,2021-08-20,,06:30:00,RJ,493,0,ITABORAI,CONDUTOR DORMINDO,COLISÃO FRONTAL,COM VÍTIMAS FERIDAS,PLENO DIA,Crescente,CÉU CLARO,SIMPLES,Curva,Sim,4,0,1,1,1,1,2,3,-22.77062,-42.92223,SPRF-RJ,DEL02-RJ,UOP02-DEL02-RJ,2021,,6,,,,1.0
378312.0,2021-08-20,,19:10:00,RJ,101,316,SAO GONCALO,REAÇÃO TARDIA OU INEFICIENTE DO CONDUTOR,COLISÃO TRASEIRA,COM VÍTIMAS FERIDAS,PLENA NOITE,Decrescente,CÉU CLARO,DUPLA,Reta,Não,3,0,1,0,2,0,1,3,-22.830087,-43.092998,SPRF-RJ,DEL02-RJ,UOP02-DEL02-RJ,2021,,19,,,,1.0
378337.0,2021-08-20,,23:30:00,RJ,101,320,NITEROI,AUSÊNCIA DE REAÇÃO DO CONDUTOR,COLISÃO COM OBJETO,COM VÍTIMAS FERIDAS,PLENA NOITE,Decrescente,CÉU CLARO,MÚLTIPLA,Curva,Sim,10,0,6,4,0,0,10,1,-22.86793087,-43.11052322,SPRF-RJ,DEL02-RJ,UOP02-DEL02-RJ,2021,,23,,,,1.0
378798.0,2021-08-23,,00:05:00,RJ,101,321,NITEROI,REAÇÃO TARDIA OU INEFICIENTE DO CONDUTOR,COLISÃO COM OBJETO,SEM VÍTIMAS,PLENA NOITE,Crescente,CÉU CLARO,DUPLA,Curva,Sim,1,0,0,0,1,0,0,1,-22.86981096,-43.11046465,SPRF-RJ,DEL02-RJ,UOP02-DEL02-RJ,2021,,0,,,,0.0
379091.0,2021-08-24,,11:40:00,RJ,101,"293,7",ITABORAI,ACESSAR A VIA SEM OBSERVAR A PRESENÇA DOS OUTROS VEÍCULOS,ENGAVETAMENTO,COM VÍTIMAS FERIDAS,PLENO DIA,Crescente,CÉU CLARO,DUPLA,Reta,Sim,3,0,1,0,2,0,1,3,-22.757074,-42.893389,SPRF-RJ,DEL02-RJ,UOP02-DEL02-RJ,2021,,11,,,,1.0
379309.0,2021-08-25,,18:48:00,RJ,101,293,ITABORAI,AUSÊNCIA DE REAÇÃO DO CONDUTOR,TOMBAMENTO,COM VÍTIMAS FERIDAS,PLENA NOITE,Crescente,CÉU CLARO,DUPLA,Reta,Sim,2,0,1,0,1,0,1,1,-22.756203,-42.88724,SPRF-RJ,DEL02-RJ,UOP02-DEL02-RJ,2021,,18,,,,1.0
379647.0,2021-08-27,,17:00:00,RJ,101,260,RIO BONITO,REAÇÃO TARDIA OU INEFICIENTE DO CONDUTOR,COLISÃO LATERAL SENTIDO OPOSTO,COM VÍTIMAS FERIDAS,ANOITECER,Crescente,NUBLADO,DUPLA,Retorno Regulamentado,Sim,2,0,1,0,1,0,1,2,-22.70520044,-42.60578664,SPRF-RJ,DEL02-RJ,UOP03-DEL02-RJ,2021,,17,,,,1.0
379908.0,2021-08-28,,18:45:00,RJ,101,260,RIO BONITO,CHUVA,SAÍDA DE LEITO CARROÇÁVEL,COM VÍTIMAS FERIDAS,PLENA NOITE,Decrescente,CHUVA,DUPLA,Reta,Sim,2,0,2,0,0,0,2,1,-22.70520044,-42.60578664,SPRF-RJ,DEL02-RJ,UOP03-DEL02-RJ,2021,,18,,,,1.0
379985.0,2021-08-29,,03:00:00,RJ,101,289,ITABORAI,REAÇÃO TARDIA OU INEFICIENTE DO CONDUTOR,COLISÃO COM OBJETO,COM VÍTIMAS FERIDAS,PLENA NOITE,Crescente,CÉU CLARO,DUPLA,Reta,Não,2,0,1,0,1,0,1,2,-22.76376316,-42.85172094,SPRF-RJ,DEL02-RJ,UOP03-DEL02-RJ,2021,,3,,,,1.0
380022.0,2021-08-29,,07:55:00,RJ,101,"297,9",ITABORAI,REAÇÃO TARDIA OU INEFICIENTE DO CONDUTOR,COLISÃO COM OBJETO,SEM VÍTIMAS,PLENO DIA,Decrescente,NUBLADO,DUPLA,Curva,Sim,1,0,0,0,1,0,0,1,-22.76942037,-42.91873581,SPRF-RJ,DEL02-RJ,UOP02-DEL02-RJ,2021,,7,,,,0.0
380096.0,2021-08-29,,15:30:00,RJ,101,304,SAO GONCALO,AUSÊNCIA DE REAÇÃO DO CONDUTOR,CAPOTAMENTO,SEM VÍTIMAS,PLENO DIA,Decrescente,NUBLADO,DUPLA,Reta,Sim,4,0,0,0,4,0,0,3,-22.78491869,-42.98627706,SPRF-RJ,DEL02-RJ,UOP02-DEL02-RJ,2021,,15,,,,0.0
380140.0,2021-08-29,,19:20:00,RJ,101,"307,5",SAO GONCALO,AVARIAS E/OU DESGASTE EXCESSIVO NO PNEU,COLISÃO TRASEIRA,COM VÍTIMAS FERIDAS,PLENA NOITE,Decrescente,GAROA/CHUVISCO,DUPLA,Reta,Não,3,0,1,0,1,1,1,2,-22.79115777,-43.01514205,SPRF-RJ,DEL02-RJ,UOP02-DEL02-RJ,2021,,19,,,,1.0
380160.0,2021-08-29,,19:20:00,RJ,101,311,SAO GONCALO,AUSÊNCIA DE REAÇÃO DO CONDUTOR,ENGAVETAMENTO,COM VÍTIMAS FERIDAS,PLENA NOITE,Decrescente,CHUVA,DUPLA,Reta,Não,5,0,2,0,3,0,2,3,-22.80062246,-43.05318779,SPRF-RJ,DEL02-RJ,UOP02-DEL02-RJ,2021,,19,,,,1.0
380163.0,2021-08-29,,20:50:00,RJ,101,312,SAO GONCALO,CONDUTOR DEIXOU DE MANTER DISTÂNCIA DO VEÍCULO DA FRENTE,COLISÃO TRASEIRA,SEM VÍTIMAS,PLENA NOITE,Decrescente,CHUVA,DUPLA,Reta,Sim,2,0,0,0,2,0,0,2,-22.81347558,-43.0738467,SPRF-RJ,DEL02-RJ,UOP02-DEL02-RJ,2021,,20,,,,0.0
380280.0,2021-08-30,,09:29:00,RJ,101,282,ITABORAI,AUSÊNCIA DE REAÇÃO DO CONDUTOR,SAÍDA DE LEITO CARROÇÁVEL,COM VÍTIMAS FERIDAS,PLENO DIA,Crescente,CHUVA,DUPLA,Reta,Não,1,0,1,0,0,0,1,1,-22.7371391,-42.79664601,SPRF-RJ,DEL02-RJ,UOP03-DEL02-RJ,2021,,9,,,,1.0
380461.0,2021-08-31,,10:00:00,RJ,493,5,ITABORAI,AUSÊNCIA DE REAÇÃO DO CONDUTOR,TOMBAMENTO,COM VÍTIMAS FERIDAS,PLENO DIA,Crescente,CHUVA,SIMPLES,Reta,Sim,1,0,1,0,0,0,1,1,-22.73998606,-42.95374823,SPRF-RJ,DEL02-RJ,UOP02-DEL02-RJ,2021,,10,,,,1.0
380637.0,2021-09-01,5.0,07:40:00,RJ,101,"311,9",SAO GONCALO,TRAFEGAR COM MOTOCICLETA (OU SIMILAR) ENTRE AS FAIXAS,ATROPELAMENTO DE PEDESTRE,COM VÍTIMAS FERIDAS,PLENO DIA,Crescente,CÉU CLARO,DUPLA,Reta,Sim,4,0,1,0,3,0,1,3,-22.80062246,-43.05318779,SPRF-RJ,DEL02-RJ,UOP02-DEL02-RJ,2021,2021-01-09,7,2021.0,1.0,Sábado,1.0
380853.0,2021-09-02,1.0,06:50:00,RJ,101,312,SAO GONCALO,CONDUTOR DEIXOU DE MANTER DISTÂNCIA DO VEÍCULO DA FRENTE,COLISÃO TRASEIRA,COM VÍTIMAS FERIDAS,PLENO DIA,Crescente,NEVOEIRO/NEBLINA,DUPLA,Reta,Sim,3,0,1,0,2,0,1,2,-22.80673523,-43.06398153,SPRF-RJ,DEL02-RJ,UOP02-DEL02-RJ,2021,2021-02-09,6,2021.0,2.0,Terça,1.0
380922.0,2021-09-02,1.0,20:30:00,RJ,101,322,NITEROI,AUSÊNCIA DE REAÇÃO DO CONDUTOR,COLISÃO COM OBJETO,SEM VÍTIMAS,PLENA NOITE,Decrescente,CÉU CLARO,DUPLA,Curva,Não,1,0,0,0,1,0,0,1,-22.878923,-43.110676,SPRF-RJ,DEL02-RJ,UOP02-DEL02-RJ,2021,2021-02-09,20,2021.0,2.0,Terça,0.0
381104.0,2021-09-03,1.0,17:20:00,RJ,101,321,NITEROI,CONDUTOR DEIXOU DE MANTER DISTÂNCIA DO VEÍCULO DA FRENTE,COLISÃO TRASEIRA,COM VÍTIMAS FERIDAS,ANOITECER,Decrescente,CÉU CLARO,SIMPLES,Reta,Sim,2,0,1,0,1,0,1,2,-22.86981096,-43.11046465,SPRF-RJ,DEL02-RJ,UOP02-DEL02-RJ,2021,2021-03-09,17,2021.0,3.0,Terça,1.0
381169.0,2021-09-03,1.0,20:00:00,RJ,101,262,RIO BONITO,CONDUTOR DEIXOU DE MANTER DISTÂNCIA DO VEÍCULO DA FRENTE,COLISÃO TRASEIRA,COM VÍTIMAS FERIDAS,PLENA NOITE,Crescente,CÉU CLARO,DUPLA,Reta,Não,2,0,1,0,0,1,1,2,-22.71367506,-42.62052996,SPRF-RJ,DEL02-RJ,UOP03-DEL02-RJ,2021,2021-03-09,20,2021.0,3.0,Terça,1.0
381179.0,2021-09-03,1.0,20:30:00,RJ,101,312,SAO GONCALO,DEMAIS FALHAS MECÂNICAS OU ELÉTRICAS,INCÊNDIO,SEM VÍTIMAS,PLENA NOITE,Decrescente,CÉU CLARO,MÚLTIPLA,Reta,Sim,1,0,0,0,1,0,0,1,-22.80546555,-43.06156967,SPRF-RJ,DEL02-RJ,UOP02-DEL02-RJ,2021,2021-03-09,20,2021.0,3.0,Terça,0.0
381288.0,2021-09-04,4.0,08:20:00,RJ,101,307,SAO GONCALO,AUSÊNCIA DE REAÇÃO DO CONDUTOR,COLISÃO TRASEIRA,COM VÍTIMAS FERIDAS,PLENO DIA,Decrescente,CÉU CLARO,DUPLA,Reta,Sim,3,0,1,0,2,0,1,2,-22.79115777,-43.01514205,SPRF-RJ,DEL02-RJ,UOP02-DEL02-RJ,2021,2021-04-09,8,2021.0,4.0,Sexta,1.0
381366.0,2021-09-04,4.0,15:30:00,RJ,101,295,ITABORAI,DEMAIS FALHAS MECÂNICAS OU ELÉTRICAS,EVENTOS ATÍPICOS,SEM VÍTIMAS,PLENO DIA,Crescente,CÉU CLARO,DUPLA,Reta,Sim,1,0,0,0,1,0,0,1,-22.76365068,-42.90223623,SPRF-RJ,DEL02-RJ,UOP02-DEL02-RJ,2021,2021-04-09,15,2021.0,4.0,Sexta,0.0
381400.0,2021-09-04,4.0,17:25:00,RJ,101,309,SAO GONCALO,ACESSAR A VIA SEM OBSERVAR A PRESENÇA DOS OUTROS VEÍCULOS,ATROPELAMENTO DE PEDESTRE,COM VÍTIMAS FERIDAS,ANOITECER,Crescente,CÉU CLARO,DUPLA,Reta,Sim,2,0,1,1,0,0,2,2,-22.79498873,-43.03446105,SPRF-RJ,DEL02-RJ,UOP02-DEL02-RJ,2021,2021-04-09,17,2021.0,4.0,Sexta,1.0
381819.0,2021-09-06,2.0,11:00:00,RJ,101,293,ITABORAI,ULTRAPASSAGEM INDEVIDA,COLISÃO LATERAL MESMO SENTIDO,COM VÍTIMAS FERIDAS,PLENO DIA,Decrescente,CÉU CLARO,DUPLA,Retorno Regulamentado,Sim,3,0,1,0,2,0,1,3,-22.756203,-42.88724,SPRF-RJ,DEL02-RJ,UOP02-DEL02-RJ,2021,2021-06-09,11,2021.0,6.0,Quarta,1.0