id,data_inversa,dia_semana,horario,uf,br,km,municipio,causa_acidente,tipo_acidente,classificacao_acidente,fase_dia,sentido_via,condicao_metereologica,tipo_pista,tracado_via,uso_solo,pessoas,mortos,feridos_leves,feridos_graves,ilesos,ignorados,feridos,veiculos,latitude,longitude,regional,delegacia,uop,ano_arquivo,data,hora,ano,mes,dia_semana_nome,gravidade
398007.0,2021-11-26,,06:10:00,RJ,101,294,ITABORAI,AUSÊNCIA DE REAÇÃO DO CONDUTOR,SAÍDA DE LEITO CARROÇÁVEL,COM VÍTIMAS FERIDAS,PLENO DIA,Decrescente,CÉU CLARO,DUPLA,Reta,Sim,1,0,1,0,0,0,1,1,-22.7584434,-42.89502344,SPRF-RJ,DEL02-RJ,UOP02-DEL02-RJ,2021,,6,,,,1.0
398009.0,2021-11-26,,08:50:00,RJ,101,323,NITEROI,REAÇÃO TARDIA OU INEFICIENTE DO CONDUTOR,ENGAVETAMENTO,SEM VÍTIMAS,PLENO DIA,Decrescente,CÉU CLARO,DUPLA,Reta,Não,4,0,0,0,4,0,0,4,-22.87684786,-43.11728689,SPRF-RJ,DEL02-RJ,UOP02-DEL02-RJ,2021,,8,,,,0.0
398257.0,2021-11-27,,16:00:00,RJ,101,314,SAO GONCALO,AUSÊNCIA DE REAÇÃO DO CONDUTOR,COLISÃO TRASEIRA,COM VÍTIMAS FERIDAS,PLENO DIA,Decrescente,CÉU CLARO,DUPLA,Reta,Sim,8,0,1,0,7,0,1,3,-22.81648739,-43.07728467,SPRF-RJ,DEL02-RJ,UOP02-DEL02-RJ,2021,,16,,,,1.0
398258.0,2021-11-27,,15:45:00,RJ,101,313,SAO GONCALO,CONDUTOR DEIXOU DE MANTER DISTÂNCIA DO VEÍCULO DA FRENTE,COLISÃO TRASEIRA,COM VÍTIMAS FERIDAS,PLENO DIA,Decrescente,CÉU CLARO,DUPLA,Reta,Sim,2,0,1,0,1,0,1,2,-22.81049093,-43.06983304,SPRF-RJ,DEL02-RJ,UOP02-DEL02-RJ,2021,,15,,,,1.0
398375.0,2021-11-28,,04:45:00,RJ,101,309,SAO GONCALO,CHUVA,ATROPELAMENTO DE PEDESTRE,SEM VÍTIMAS,PLENA NOITE,Crescente,CHUVA,DUPLA,Reta,Sim,1,0,0,0,1,0,0,1,-22.79498873,-43.03446105,SPRF-RJ,DEL02-RJ,UOP02-DEL02-RJ,2021,,4,,,,0.0
398449.0,2021-11-28,,08:20:00,RJ,101,314,SAO GONCALO,MANOBRA DE MUDANÇA DE FAIXA,COLISÃO COM OBJETO,SEM VÍTIMAS,PLENO DIA,Crescente,GAROA/CHUVISCO,DUPLA,Reta,Não,1,0,0,0,1,0,0,1,-22.81805162,-43.07955634,SPRF-RJ,DEL02-RJ,UOP02-DEL02-RJ,2021,,8,,,,0.0
398496.0,2021-11-28,,12:45:00,RJ,101,249,RIO BONITO,VELOCIDADE INCOMPATÍVEL,COLISÃO COM OBJETO,SEM VÍTIMAS,PLENO DIA,Decrescente,CÉU CLARO,DUPLA,Reta,Não,1,0,0,0,0,1,0,1,-22.66899692,-42.50868109,SPRF-RJ,DEL02-RJ,UOP03-DEL02-RJ,2021,,12,,,,0.0
398537.0,2021-11-28,,18:30:00,RJ,101,290,ITABORAI,CONDUTOR USANDO CELULAR,COLISÃO COM OBJETO,COM VÍTIMAS FERIDAS,ANOITECER,Decrescente,NUBLADO,DUPLA,Reta,Não,2,0,1,0,1,0,1,2,-22.76708384,-42.86081305,SPRF-RJ,DEL02-RJ,UOP03-DEL02-RJ,2021,,18,,,,1.0
398682.0,2021-11-29,,15:00:00,RJ,101,321,NITEROI,INGESTÃO DE ÁLCOOL E/OU SUBSTÂNCIAS PSICOATIVAS PELO PEDESTRE,ATROPELAMENTO DE PEDESTRE,COM VÍTIMAS FERIDAS,PLENO DIA,Decrescente,CÉU CLARO,DUPLA,Reta,Sim,2,0,1,0,1,0,1,2,-22.86981096,-43.11046465,SPRF-RJ,DEL02-RJ,UOP02-DEL02-RJ,2021,,15,,,,1.0
398734.0,2021-11-29,,17:20:00,RJ,493,4,ITABORAI,REAÇÃO TARDIA OU INEFICIENTE DO CONDUTOR,QUEDA DE OCUPANTE DE VEÍCULO,COM VÍTIMAS FERIDAS,PLENO DIA,Decrescente,CÉU CLARO,DUPLA,Reta,Não,1,0,1,0,0,0,1,1,-22.74992496,-42.94583559,SPRF-RJ,DEL02-RJ,UOP02-DEL02-RJ,2021,,17,,,,1.0
398817.0,2021-11-30,,11:45:00,RJ,101,321,NITEROI,ACUMULO DE ÓLEO SOBRE O PAVIMENTO,QUEDA DE OCUPANTE DE VEÍCULO,COM VÍTIMAS FERIDAS,PLENO DIA,Crescente,NUBLADO,SIMPLES,Curva,Não,2,0,2,0,0,0,2,1,-22.878131,-43.109846,SPRF-RJ,DEL02-RJ,UOP02-DEL02-RJ,2021,,11,,,,1.0
399382.0,2021-12-03,4.0,06:00:00,RJ,101,318,SAO GONCALO,MANOBRA DE MUDANÇA DE FAIXA,COLISÃO LATERAL MESMO SENTIDO,COM VÍTIMAS FERIDAS,PLENO DIA,Crescente,CÉU CLARO,DUPLA,Reta,Não,1,0,1,0,0,0,1,1,-22.84562994,-43.09841211,SPRF-RJ,DEL02-RJ,UOP02-DEL02-RJ,2021,2021-03-12,6,2021.0,3.0,Sexta,1.0
399389.0,2021-12-03,4.0,07:00:00,RJ,101,314,SAO GONCALO,ENTRADA INOPINADA DO PEDESTRE,ATROPELAMENTO DE PEDESTRE,COM VÍTIMAS FERIDAS,PLENO DIA,Crescente,CÉU CLARO,DUPLA,Reta,Não,2,0,1,0,1,0,1,2,-22.81648739,-43.07728467,SPRF-RJ,DEL02-RJ,UOP02-DEL02-RJ,2021,2021-03-12,7,2021.0,3.0,Sexta,1.0
399468.0,2021-12-03,4.0,19:55:00,RJ,101,325,NITEROI,DEMAIS FALHAS MECÂNICAS OU ELÉTRICAS,INCÊNDIO,SEM VÍTIMAS,PLENA NOITE,Crescente,NUBLADO,DUPLA,Reta,Sim,1,0,0,0,1,0,0,1,-22.87292569,-43.13625699,SPRF-RJ,DEL02-RJ,UOP02-DEL02-RJ,2021,2021-03-12,19,2021.0,3.0,Sexta,0.0
399532.0,2021-12-04,0.0,01:50:00,RJ,101,292,ITABORAI,INGESTÃO DE ÁLCOOL PELO CONDUTOR,COLISÃO COM OBJETO,SEM VÍTIMAS,PLENA NOITE,Crescente,NUBLADO,DUPLA,Curva,Não,1,0,0,0,1,0,0,1,-22.75532706,-42.88865089,SPRF-RJ,DEL02-RJ,UOP03-DEL02-RJ,2021,2021-04-12,1,2021.0,4.0,Segunda,0.0
399796.0,2021-12-04,0.0,23:20:00,RJ,101,319,SAO GONCALO,REAÇÃO TARDIA OU INEFICIENTE DO CONDUTOR,COLISÃO COM OBJETO,COM VÍTIMAS FERIDAS,PLENA NOITE,Crescente,CÉU CLARO,DUPLA,Reta,Sim,2,0,1,0,1,0,1,1,-22.85411774,-43.1018014,SPRF-RJ,DEL02-RJ,UOP02-DEL02-RJ,2021,2021-04-12,23,2021.0,4.0,Segunda,1.0
399798.0,2021-12-05,2.0,03:20:00,RJ,101,296,ITABORAI,CURVA ACENTUADA,CAPOTAMENTO,COM VÍTIMAS FERIDAS,PLENA NOITE,Decrescente,CÉU CLARO,MÚLTIPLA,Curva,Sim,4,0,3,0,1,0,3,1,-22.7670498,-42.91019601,SPRF-RJ,DEL02-RJ,UOP02-DEL02-RJ,2021,2021-05-12,3,2021.0,5.0,Quarta,1.0
400100.0,2021-12-06,5.0,09:00:00,RJ,101,299,ITABORAI,CONDUTOR DEIXOU DE MANTER DISTÂNCIA DO VEÍCULO DA FRENTE,COLISÃO TRASEIRA,SEM VÍTIMAS,PLENO DIA,Crescente,CÉU CLARO,DUPLA,Reta,Não,3,0,0,0,3,0,0,2,-22.77432673,-42.93823207,SPRF-RJ,DEL02-RJ,UOP02-DEL02-RJ,2021,2021-06-12,9,2021.0,6.0,Sábado,0.0
400111.0,2021-12-06,5.0,08:20:00,RJ,101,312,SAO GONCALO,CONDUTOR DEIXOU DE MANTER DISTÂNCIA DO VEÍCULO DA FRENTE,COLISÃO TRASEIRA,COM VÍTIMAS FERIDAS,PLENO DIA,Crescente,CÉU CLARO,DUPLA,Reta,Sim,3,0,1,0,2,0,1,2,-22.80546555,-43.06156967,SPRF-RJ,DEL02-RJ,UOP02-DEL02-RJ,2021,2021-06-12,8,2021.0,6.0,Sábado,1.0
400365.0,2021-07-19,,21:30:00,RJ,493,6,ITABORAI,OBRAS NA PISTA,QUEDA DE OCUPANTE DE VEÍCULO,COM VÍTIMAS FERIDAS,PLENA NOITE,Crescente,IGNORADO,SIMPLES,Reta,Sim,2,0,1,1,0,0,2,1,-22.76298238,-42.92727605,SPRF-RJ,DEL02-RJ,UOP02-DEL02-RJ,2021,,21,,,,1.0
400539.0,2021-12-08,3.0,13:20:00,RJ,101,"269,3",RIO BONITO,ACESSAR A VIA SEM OBSERVAR A PRESENÇA DOS OUTROS VEÍCULOS,COLISÃO TRANSVERSAL,COM VÍTIMAS FERIDAS,PLENO DIA,Crescente,CHUVA,DUPLA,Reta,Sim,2,0,1,0,1,0,1,2,-22.71495082,-42.67804708,SPRF-RJ,DEL02-RJ,UOP03-DEL02-RJ,2021,2021-08-12,13,2021.0,8.0,Quinta,1.0
400627.0,2021-12-09,6.0,07:30:00,RJ,101,315,SAO GONCALO,MANOBRA DE MUDANÇA DE FAIXA,COLISÃO LATERAL MESMO SENTIDO,COM VÍTIMAS FERIDAS,PLENO DIA,Crescente,CÉU CLARO,DUPLA,Reta,Sim,2,0,1,0,1,0,1,2,-22.82262092,-43.08460805,SPRF-RJ,DEL02-RJ,UOP02-DEL02-RJ,2021,2021-09-12,7,2021.0,9.0,Domingo,1.0
400636.0,2021-12-09,6.0,09:00:00,RJ,101,318,SAO GONCALO,CONDUTOR DEIXOU DE MANTER DISTÂNCIA DO VEÍCULO DA FRENTE,COLISÃO TRASEIRA,COM VÍTIMAS FERIDAS,PLENO DIA,Crescente,CÉU CLARO,DUPLA,Reta,Sim,2,0,1,0,1,0,1,2,-22.84562994,-43.09841211,SPRF-RJ,DEL02-RJ,UOP02-DEL02-RJ,2021,2021-09-12,9,2021.0,9.0,Domingo,1.0
400683.0,2021-12-09,6.0,15:10:00,RJ,101,318,SAO GONCALO,DEMAIS FALHAS MECÂNICAS OU ELÉTRICAS,INCÊNDIO,SEM VÍTIMAS,PLENO DIA,Decrescente,CÉU CLARO,DUPLA,Reta,Sim,1,0,0,0,1,0,0,1,-22.84562994,-43.09841211,SPRF-RJ,DEL02-RJ,UOP02-DEL02-RJ,2021,2021-09-12,15,2021.0,9.0,Domingo,0.0
400697.0,2021-09-06,2.0,06:50:00,RJ,101,264,RIO BONITO,AUSÊNCIA DE REAÇÃO DO CONDUTOR,COLISÃO TRASEIRA,COM VÍTIMAS FERIDAS,PLENO DIA,Decrescente,CÉU CLARO,DUPLA,Curva,Sim,2,0,1,0,1,0,1,2,-22.71818337,-42.63600702,SPRF-RJ,DEL02-RJ,UOP03-DEL02-RJ,2021,2021-06-09,6,2021.0,6.0,Quarta,1.0
400809.0,2021-12-10,1.0,07:30:00,RJ,101,322,NITEROI,REAÇÃO TARDIA OU INEFICIENTE DO CONDUTOR,TOMBAMENTO,COM VÍTIMAS FERIDAS,PLENO DIA,Crescente,CÉU CLARO,DUPLA,Curva,Sim,1,0,1,0,0,0,1,1,-22.878923,-43.110676,SPRF-RJ,DEL02-RJ,UOP02-DEL02-RJ,2021,2021-10-12,7,2021.0,10.0,Terça,1.0
400811.0,2021-12-10,1.0,06:40:00,RJ,101,302,SAO GONCALO,CONDUTOR DORMINDO,ATROPELAMENTO DE PEDESTRE,COM VÍTIMAS FERIDAS,PLENO DIA,Decrescente,CÉU CLARO,DUPLA,Reta,Sim,3,0,1,0,2,0,1,2,-22.78069318,-42.96706396,SPRF-RJ,DEL02-RJ,UOP02-DEL02-RJ,2021,2021-10-12,6,2021.0,10.0,Terça,1.0
400834.0,2021-10-31,,20:50:00,RJ,101,308,SAO GONCALO,CONDUTOR DEIXOU DE MANTER DISTÂNCIA DO VEÍCULO DA FRENTE,COLISÃO TRASEIRA,COM VÍTIMAS FERIDAS,PLENA NOITE,Decrescente,CHUVA,DUPLA,Reta,Não,2,0,0,1,1,0,1,2,-22.79309326,-43.02479595,SPRF-RJ,DEL02-RJ,UOP02-DEL02-RJ,2021,,20,,,,1.0
401206.0,2021-12-12,6.0,03:20:00,RJ,101,296,ITABORAI,REAÇÃO TARDIA OU INEFICIENTE DO CONDUTOR,COLISÃO COM OBJETO,SEM VÍTIMAS,PLENA NOITE,Crescente,NUBLADO,DUPLA,Reta,Não,2,0,0,0,2,0,0,1,-22.7670498,-42.91019601,SPRF-RJ,DEL02-RJ,UOP02-DEL02-RJ,2021,2021-12-12,3,2021.0,12.0,Domingo,0.0
401335.0,2021-12-12,6.0,17:54:00,RJ,101,310,SAO GONCALO,CHUVA,COLISÃO TRASEIRA,SEM VÍTIMAS,PLENO DIA,Crescente,CHUVA,MÚLTIPLA,Reta,Sim,4,0,0,0,3,1,0,2,-22.79717023,-43.04404993,SPRF-RJ,DEL02-RJ,UOP02-DEL02-RJ,2021,2021-12-12,17,2021.0,12.0,Domingo,0.0
401362.0,2021-12-12,6.0,20:10:00,RJ,101,326,NITEROI,AUSÊNCIA DE REAÇÃO DO CONDUTOR,COLISÃO LATERAL MESMO SENTIDO,COM VÍTIMAS FERIDAS,PLENA NOITE,Crescente,NUBLADO,DUPLA,Reta,Sim,4,0,1,0,3,0,1,2,-22.87206203,-43.146105,SPRF-RJ,DEL02-RJ,UOP02-DEL02-RJ,2021,2021-12-12,20,2021.0,12.0,Domingo,1.0
401640.0,2021-12-14,,07:35:00,RJ,493,7,ITABORAI,CONDUTOR DEIXOU DE MANTER DISTÂNCIA DO VEÍCULO DA FRENTE,COLISÃO TRASEIRA,SEM VÍTIMAS,PLENO DIA,Decrescente,SOL,SIMPLES,Reta,Não,2,0,0,0,2,0,0,2,-22.72223999,-42.95160296,SPRF-RJ,DEL02-RJ,UOP02-DEL02-RJ,2021,,7,,,,0.0
401704.0,2021-12-14,,13:00:00,RJ,101,322,NITEROI,CONDUTOR DEIXOU DE MANTER DISTÂNCIA DO VEÍCULO DA FRENTE,COLISÃO TRASEIRA,COM VÍTIMAS FERIDAS,PLENO DIA,Decrescente,CÉU CLARO,DUPLA,Curva,Sim,2,0,0,1,0,1,1,2,-22.87997097,-43.11219692,SPRF-RJ,DEL02-RJ,UOP02-DEL02-RJ,2021,,13,,,,1.0
401858.0,2021-12-15,,09:40:00,RJ,101,317,SAO GONCALO,CONDUTOR DEIXOU DE MANTER DISTÂNCIA DO VEÍCULO DA FRENTE,COLISÃO TRASEIRA,COM VÍTIMAS FERIDAS,PLENO DIA,Crescente,NUBLADO,DUPLA,Reta,Sim,3,0,2,0,1,0,2,2,-22.83707798,-43.09492006,SPRF-RJ,DEL02-RJ,UOP02-DEL02-RJ,2021,,9,,,,1.0
401863.0,2021-12-15,,10:50:00,RJ,101,316,SAO GONCALO,CONDUTOR DEIXOU DE MANTER DISTÂNCIA DO VEÍCULO DA FRENTE,COLISÃO LATERAL MESMO SENTIDO,COM VÍTIMAS FERIDAS,PLENO DIA,Crescente,NUBLADO,DUPLA,Reta,Sim,2,0,1,0,1,0,1,2,-22.82835879,-43.09208739,SPRF-RJ,DEL02-RJ,UOP02-DEL02-RJ,2021,,10,,,,1.0
402042.0,2021-12-16,,08:35:00,RJ,101,305,SAO GONCALO,MANOBRA DE MUDANÇA DE FAIXA,COLISÃO LATERAL MESMO SENTIDO,COM VÍTIMAS FERIDAS,PLENO DIA,Crescente,CÉU CLARO,DUPLA,Reta,Sim,3,0,1,0,2,0,1,2,-22.78702832,-42.99589293,SPRF-RJ,DEL02-RJ,UOP02-DEL02-RJ,2021,,8,,,,1.0
402044.0,2021-12-16,,09:33:00,RJ,101,318,NITEROI,DEMAIS FALHAS MECÂNICAS OU ELÉTRICAS,QUEDA DE OCUPANTE DE VEÍCULO,COM VÍTIMAS FERIDAS,PLENO DIA,Crescente,CÉU CLARO,SIMPLES,Reta,Sim,2,0,1,0,1,0,1,1,-22.84562994,-43.09841211,SPRF-RJ,DEL02-RJ,UOP02-DEL02-RJ,2021,,9,,,,1.0
402081.0,2021-12-16,,11:30:00,RJ,101,297,ITABORAI,REAÇÃO TARDIA OU INEFICIENTE DO CONDUTOR,COLISÃO LATERAL MESMO SENTIDO,COM VÍTIMAS FERIDAS,PLENO DIA,Decrescente,CÉU CLARO,DUPLA,Reta,Sim,4,0,1,0,3,0,1,3,-22.76942037,-42.91873581,SPRF-RJ,DEL02-RJ,UOP02-DEL02-RJ,2021,,11,,,,1.0
402136.0,2021-12-16,,18:50:00,RJ,101,302,SAO GONCALO,DEMAIS FALHAS MECÂNICAS OU ELÉTRICAS,INCÊNDIO,SEM VÍTIMAS,PLENA NOITE,Decrescente,CHUVA,DUPLA,Reta,Sim,1,0,0,0,1,0,0,1,-22.78069318,-42.96706396,SPRF-RJ,DEL02-RJ,UOP02-DEL02-RJ,2021,,18,,,,0.0
402311.0,2021-12-17,,16:10:00,RJ,101,288,ITABORAI,ACUMULO DE ÁGUA SOBRE O PAVIMENTO,COLISÃO LATERAL MESMO SENTIDO,COM VÍTIMAS FERIDAS,PLENO DIA,Decrescente,CHUVA,DUPLA,Reta,Sim,3,0,2,0,1,0,2,2,-22.75933747,-42.84321275,SPRF-RJ,DEL02-RJ,UOP03-DEL02-RJ,2021,,16,,,,1.0
402733.0,2021-12-19,,06:10:00,RJ,101,297,ITABORAI,VELOCIDADE INCOMPATÍVEL,COLISÃO COM OBJETO,SEM VÍTIMAS,PLENO DIA,Crescente,CÉU CLARO,DUPLA,Reta,Sim,1,0,0,0,0,1,0,1,-22.76942037,-42.91873581,SPRF-RJ,DEL02-RJ,UOP02-DEL02-RJ,2021,,6,,,,0.0
402915.0,2021-12-19,,15:15:00,RJ,101,322,NITEROI,CONDUTOR DEIXOU DE MANTER DISTÂNCIA DO VEÍCULO DA FRENTE,COLISÃO TRASEIRA,COM VÍTIMAS FERIDAS,PLENO DIA,Decrescente,CÉU CLARO,DUPLA,Reta,Não,2,0,1,0,1,0,1,2,-22.878923,-43.110676,SPRF-RJ,DEL02-RJ,UOP02-DEL02-RJ,2021,,15,,,,1.0
403332.0,2021-12-03,4.0,02:35:00,RJ,101,325,NITEROI,OBRAS NA PISTA,COLISÃO COM OBJETO,COM VÍTIMAS FERIDAS,PLENA NOITE,Decrescente,CÉU CLARO,DUPLA,Reta,Não,1,0,0,1,0,0,1,1,-22.87292569,-43.13625699,SPRF-RJ,DEL02-RJ,UOP02-DEL02-RJ,2021,2021-03-12,2,2021.0,3.0,Sexta,1.0
403346.0,2021-12-22,,10:25:00,RJ,101,252,RIO BONITO,CONDUTOR DORMINDO,COLISÃO COM OBJETO,SEM VÍTIMAS,PLENO DIA,Decrescente,CÉU CLARO,MÚLTIPLA,Reta,Sim,1,0,0,0,1,0,0,1,-22.68214756,-42.53377419,SPRF-RJ,DEL02-RJ,UOP03-DEL02-RJ,2021,,10,,,,0.0
403666.0,2021-12-23,,19:55:00,RJ,101,"254,8",RIO BONITO,MANOBRA DE MUDANÇA DE FAIXA,COLISÃO TRASEIRA,COM VÍTIMAS FERIDAS,PLENA NOITE,Decrescente,CHUVA,DUPLA,Reta,Não,3,0,1,0,2,0,1,2,-22.692225,-42.549546,SPRF-RJ,DEL02-RJ,UOP03-DEL02-RJ,2021,,19,,,,1.0
403714.0,2021-12-24,,02:45:00,RJ,101,"263,7",RIO BONITO,DEFICIÊNCIA DO SISTEMA DE ILUMINAÇÃO/SINALIZAÇÃO,COLISÃO TRASEIRA,COM VÍTIMAS FATAIS,PLENA NOITE,Crescente,CHUVA,DUPLA,Reta,Sim,2,1,0,0,1,0,0,2,-22.71887266,-42.62637498,SPRF-RJ,DEL02-RJ,UOP03-DEL02-RJ,2021,,2,,,,2.0
403783.0,2021-12-24,,08:40:00,RJ,101,288,ITABORAI,CHUVA,COLISÃO COM OBJETO,COM VÍTIMAS FERIDAS,PLENO DIA,Decrescente,CHUVA,DUPLA,Reta,Sim,1,0,1,0,0,0,1,1,-22.75933747,-42.84321275,SPRF-RJ,DEL02-RJ,UOP03-DEL02-RJ,2021,,8,,,,1.0
403804.0,2021-12-24,,11:30:00,RJ,101,309,SAO GONCALO,AUSÊNCIA DE REAÇÃO DO CONDUTOR,COLISÃO TRASEIRA,COM VÍTIMAS FERIDAS,PLENO DIA,Decrescente,CÉU CLARO,DUPLA,Reta,Sim,5,0,2,0,3,0,2,2,-22.79498873,-43.03446105,SPRF-RJ,DEL02-RJ,UOP02-DEL02-RJ,2021,,11,,,,1.0
404202.0,2021-12-26,,19:30:00,RJ,101,267,RIO BONITO,REAÇÃO TARDIA OU INEFICIENTE DO CONDUTOR,QUEDA DE OCUPANTE DE VEÍCULO,COM VÍTIMAS FERIDAS,PLENA NOITE,Crescente,CÉU CLARO,DUPLA,Reta,Sim,2,0,1,0,1,0,1,1,-22.70728329,-42.66059086,SPRF-RJ,DEL02-RJ,UOP03-DEL02-RJ,2021,,19,,,,1.0
404247.0,2021-12-26,,22:15:00,RJ,101,264,RIO BONITO,PEDESTRE ANDAVA NA PISTA,ATROPELAMENTO DE PEDESTRE,COM VÍTIMAS FATAIS,PLENA NOITE,Decrescente,CÉU CLARO,DUPLA,Reta,Sim,3,1,0,0,1,1,0,3,-22.71818337,-42.63600702,SPRF-RJ,DEL02-RJ,UOP03-DEL02-RJ,2021,,22,,,,2.0
404363.0,2021-12-27,,13:10:00,RJ,101,327,NITEROI,MANOBRA DE MUDANÇA DE FAIXA,COLISÃO LATERAL MESMO SENTIDO,COM VÍTIMAS FERIDAS,PLENO DIA,Decrescente,CÉU CLARO,DUPLA,Reta,Não,2,0,1,0,1,0,1,2,-22.87117393,-43.15595099,SPRF-RJ,DEL02-RJ,UOP02-DEL02-RJ,2021,,13,,,,1.0
404656.0,2021-12-29,,14:15:00,RJ,101,308,SAO GONCALO,DEMAIS FALHAS MECÂNICAS OU ELÉTRICAS,INCÊNDIO,SEM VÍTIMAS,PLENO DIA,Decrescente,CÉU CLARO,DUPLA,Reta,Sim,2,0,0,0,2,0,0,1,-22.79309326,-43.02479595,SPRF-RJ,DEL02-RJ,UOP02-DEL02-RJ,2021,,14,,,,0.0
404668.0,2021-12-29,,14:30:00,RJ,101,309,SAO GONCALO,TRANSITAR NO ACOSTAMENTO,COLISÃO TRANSVERSAL,SEM VÍTIMAS,PLENO DIA,Decrescente,CÉU CLARO,DUPLA,Reta,Sim,2,0,0,0,2,0,0,2,-22.79498873,-43.03446105,SPRF-RJ,DEL02-RJ,UOP02-DEL02-RJ,2021,,14,,,,0.0
404754.0,2021-12-30,,03:00:00,RJ,101,299,SAO GONCALO,REAÇÃO TARDIA OU INEFICIENTE DO CONDUTOR,COLISÃO COM OBJETO,SEM VÍTIMAS,PLENA NOITE,Decrescente,CÉU CLARO,DUPLA,Reta,Sim,1,0,0,0,1,0,0,1,-22.77432673,-42.93823207,SPRF-RJ,DEL02-RJ,UOP02-DEL02-RJ,2021,,3,,,,0.0
404759.0,2021-12-30,,04:30:00,RJ,101,272,RIO BONITO,DEMAIS FALHAS MECÂNICAS OU ELÉTRICAS,INCÊNDIO,SEM VÍTIMAS,PLENA NOITE,Decrescente,CÉU CLARO,DUPLA,Reta,Sim,1,0,0,0,1,0,0,1,-22.72935968,-42.70112512,SPRF-RJ,DEL02-RJ,UOP03-DEL02-RJ,2021,,4,,,,0.0
404835.0,2021-12-30,,12:25:00,RJ,101,321,NITEROI,AUSÊNCIA DE REAÇÃO DO CONDUTOR,TOMBAMENTO,COM VÍTIMAS FERIDAS,PLENO DIA,Decrescente,NUBLADO,DUPLA,Curva,Sim,1,0,1,0,0,0,1,1,-22.86981096,-43.11046465,SPRF-RJ,DEL02-RJ,UOP02-DEL02-RJ,2021,,12,,,,1.0
405700.0,2021-12-30,,22:10:00,RJ,101,297,SAO GONCALO,AUSÊNCIA DE REAÇÃO DO CONDUTOR,TOMBAMENTO,COM VÍTIMAS FERIDAS,PLENA NOITE,Decrescente,CHUVA,DUPLA,Reta,Sim,2,0,2,0,0,0,2,1,-22.76942037,-42.91873581,SPRF-RJ,DEL02-RJ,UOP02-DEL02-RJ,2021,,22,,,,1.0
407053.0,2021-10-28,,21:30:00,RJ,493,3,ITABORAI,CONDUTOR DEIXOU DE MANTER DISTÂNCIA DO VEÍCULO DA FRENTE,COLISÃO TRASEIRA,COM VÍTIMAS FERIDAS,PLENA NOITE,Crescente,GAROA/CHUVISCO,DUPLA,Reta,Não,8,0,6,0,2,0,6,2,-22.75075607,-42.94335723,SPRF-RJ,DEL02-RJ,UOP02-DEL02-RJ,2021,,21,,,,1.0
408109.0,2021-12-13,,18:50:00,RJ,101,262,RIO BONITO,AUSÊNCIA DE REAÇÃO DO CONDUTOR,TOMBAMENTO,COM VÍTIMAS FERIDAS,PLENA NOITE,Decrescente,CÉU CLARO,DUPLA,Curva,Não,1,0,1,0,0,0,1,1,-22.71367506,-42.62052996,SPRF-RJ,DEL02-RJ,UOP03-DEL02-RJ,2021,,18,,,,1.0
408167.0,2021-12-27,,09:56:00,RJ,101,294,ITABORAI,ANIMAIS NA PISTA,INCÊNDIO,SEM VÍTIMAS,PLENO DIA,Decrescente,CÉU CLARO,DUPLA,Reta,Sim,1,0,0,0,1,0,0,1,-22.7600364,-42.89577484,SPRF-RJ,DEL02-RJ,UOP02-DEL02-RJ,2021,,9,,,,0.0
408255.0,2021-11-07,6.0,06:00:00,RJ,101,265,RIO BONITO,REAÇÃO TARDIA OU INEFICIENTE DO CONDUTOR,QUEDA DE OCUPANTE DE VEÍCULO,COM VÍTIMAS FERIDAS,PLENO DIA,Crescente,CÉU CLARO,DUPLA,Reta,Sim,1,0,1,0,0,0,1,1,-22.71359987,-42.64391188,SPRF-RJ,DEL02-RJ,UOP03-DEL02-RJ,2021,2021-07-11,6,2021.0,7.0,Domingo,1.0
408586.0,2021-11-24,,06:45:00,RJ,493,6,ITABORAI,CONDUTOR DEIXOU DE MANTER DISTÂNCIA DO VEÍCULO DA FRENTE,COLISÃO TRASEIRA,COM VÍTIMAS FERIDAS,PLENO DIA,Crescente,CÉU CLARO,SIMPLES,Reta,Sim,3,0,1,0,2,0,1,2,-22.73124198,-42.95145305,SPRF-RJ,DEL02-RJ,UOP02-DEL02-RJ,2021,,6,,,,1.0
409596.0,2021-11-23,,07:00:00,RJ,101,327,NITEROI,AUSÊNCIA DE SINALIZAÇÃO,COLISÃO COM OBJETO,COM VÍTIMAS FERIDAS,AMANHECER,Decrescente,CÉU CLARO,DUPLA,Ponte;Aclive,Não,2,0,0,1,1,0,1,2,-22.87117393,-43.15595099,SPRF-RJ,DEL02-RJ,UOP02-DEL02-RJ,2021,,7,,,,1.0
410938.0,2021-12-25,,15:02:00,RJ,101,262,RIO BONITO,ACESSAR A VIA SEM OBSERVAR A PRESENÇA DOS OUTROS VEÍCULOS,COLISÃO TRASEIRA,COM VÍTIMAS FERIDAS,PLENO DIA,Decrescente,CÉU CLARO,DUPLA,Curva,Sim,3,0,2,0,1,0,2,2,-22.71367506,-42.62052996,SPRF-RJ,DEL02-RJ,UOP03-DEL02-RJ,2021,,15,,,,1.0