id,data_inversa,dia_semana,horario,uf,br,km,municipio,causa_acidente,tipo_acidente,classificacao_acidente,fase_dia,sentido_via,condicao_metereologica,tipo_pista,tracado_via,uso_solo,pessoas,mortos,feridos_leves,feridos_graves,ilesos,ignorados,feridos,veiculos,latitude,longitude,regional,delegacia,uop,ano_arquivo,data,hora,ano,mes,dia_semana_nome,gravidade
405446.0,2022-01-02,1.0,15:33:00,RJ,101,"268,5",RIO BONITO,TRAFEGAR COM MOTOCICLETA (OU SIMILAR) ENTRE AS FAIXAS,ATROPELAMENTO DE PEDESTRE,COM VÍTIMAS FERIDAS,PLENO DIA,Crescente,CÉU CLARO,DUPLA,Reta,Sim,2,0,1,1,0,0,2,2,-22.7112997,-42.66922613,SPRF-RJ,DEL02-RJ,UOP03-DEL02-RJ,2022,2022-02-01,15,2022.0,2.0,Terça,1.0
405657.0,2022-01-03,1.0,09:50:00,RJ,101,314,SAO GONCALO,AVARIAS E/OU DESGASTE EXCESSIVO NO PNEU,TOMBAMENTO,COM VÍTIMAS FERIDAS,PLENO DIA,Crescente,CÉU CLARO,DUPLA,Reta,Sim,2,0,2,0,0,0,2,1,-22.81648739,-43.07728467,SPRF-RJ,DEL02-RJ,UOP02-DEL02-RJ,2022,2022-03-01,9,2022.0,3.0,Terça,1.0
405665.0,2022-01-03,1.0,10:40:00,RJ,101,285,ITABORAI,AUSÊNCIA DE REAÇÃO DO CONDUTOR,COLISÃO TRASEIRA,COM VÍTIMAS FERIDAS,PLENO DIA,Decrescente,NUBLADO,DUPLA,Reta,Não,4,0,2,0,2,0,2,2,-22.7498742,-42.81644087,SPRF-RJ,DEL02-RJ,UOP03-DEL02-RJ,2022,2022-03-01,10,2022.0,3.0,Terça,1.0
405828.0,2022-01-04,4.0,06:10:00,RJ,101,291,ITABORAI,INGESTÃO DE ÁLCOOL PELO CONDUTOR,COLISÃO LATERAL MESMO SENTIDO,SEM VÍTIMAS,PLENO DIA,Crescente,CÉU CLARO,DUPLA,Reta,Não,2,0,0,0,2,0,0,2,-22.76457445,-42.86989322,SPRF-RJ,DEL02-RJ,UOP03-DEL02-RJ,2022,2022-04-01,6,2022.0,4.0,Sexta,0.0
407773.0,2022-01-09,3.0,19:50:00,RJ,101,281,ITABORAI,AUSÊNCIA DE REAÇÃO DO CONDUTOR,CAPOTAMENTO,COM VÍTIMAS FERIDAS,PLENA NOITE,Crescente,GAROA/CHUVISCO,DUPLA,Reta,Sim,1,0,1,0,0,0,1,1,-22.73786208,-42.78692501,SPRF-RJ,DEL02-RJ,UOP03-DEL02-RJ,2022,2022-09-01,19,2022.0,9.0,Quinta,1.0
407954.0,2022-01-10,5.0,14:55:00,RJ,101,320,NITEROI,PISTA ESCORREGADIA,TOMBAMENTO,COM VÍTIMAS FERIDAS,PLENO DIA,Crescente,CÉU CLARO,DUPLA,Reta,Sim,1,0,0,1,0,0,1,1,-22.86171098,-43.10714015,SPRF-RJ,DEL02-RJ,UOP02-DEL02-RJ,2022,2022-10-01,14,2022.0,10.0,Sábado,1.0
407987.0,2022-01-10,5.0,17:30:00,RJ,101,315,SAO GONCALO,OBJETO ESTÁTICO SOBRE O LEITO CARROÇÁVEL,QUEDA DE OCUPANTE DE VEÍCULO,COM VÍTIMAS FERIDAS,PLENO DIA,Decrescente,NUBLADO,DUPLA,Reta,Sim,1,0,1,0,0,0,1,1,-22.82262092,-43.08460805,SPRF-RJ,DEL02-RJ,UOP02-DEL02-RJ,2022,2022-10-01,17,2022.0,10.0,Sábado,1.0
407999.0,2022-01-10,5.0,17:45:00,RJ,101,323,NITEROI,CONDUTOR DEIXOU DE MANTER DISTÂNCIA DO VEÍCULO DA FRENTE,COLISÃO TRASEIRA,COM VÍTIMAS FERIDAS,PLENO DIA,Decrescente,CÉU CLARO,MÚLTIPLA,Declive,Não,3,0,1,0,2,0,1,2,-22.87684786,-43.11728689,SPRF-RJ,DEL02-RJ,UOP02-DEL02-RJ,2022,2022-10-01,17,2022.0,10.0,Sábado,1.0
408073.0,2022-01-11,1.0,10:50:00,RJ,101,261,RIO BONITO,REAÇÃO TARDIA OU INEFICIENTE DO CONDUTOR,COLISÃO TRASEIRA,COM VÍTIMAS FERIDAS,PLENO DIA,Crescente,NUBLADO,DUPLA,Curva,Sim,2,0,1,0,1,0,1,2,-22.71139378,-42.61157199,SPRF-RJ,DEL02-RJ,UOP03-DEL02-RJ,2022,2022-11-01,10,2022.0,11.0,Terça,1.0
408502.0,2022-01-14,,05:50:00,RJ,101,264,RIO BONITO,ACESSAR A VIA SEM OBSERVAR A PRESENÇA DOS OUTROS VEÍCULOS,ATROPELAMENTO DE PEDESTRE,COM VÍTIMAS FERIDAS,AMANHECER,Decrescente,CÉU CLARO,DUPLA,Rotatória,Sim,2,0,1,0,0,1,1,2,-22.71818337,-42.63600702,SPRF-RJ,DEL02-RJ,UOP03-DEL02-RJ,2022,,5,,,,1.0
408534.0,2022-01-14,,08:30:00,RJ,101,320,NITEROI,ACESSAR A VIA SEM OBSERVAR A PRESENÇA DOS OUTROS VEÍCULOS,COLISÃO TRASEIRA,COM VÍTIMAS FERIDAS,PLENO DIA,Crescente,CÉU CLARO,DUPLA,Curva,Não,2,0,1,0,1,0,1,2,-22.86171098,-43.10714015,SPRF-RJ,DEL02-RJ,UOP02-DEL02-RJ,2022,,8,,,,1.0
408627.0,2022-01-11,1.0,09:20:00,RJ,101,321,NITEROI,PEDESTRE CRUZAVA A PISTA FORA DA FAIXA,ATROPELAMENTO DE PEDESTRE,COM VÍTIMAS FERIDAS,PLENO DIA,Crescente,NUBLADO,SIMPLES,Curva,Sim,2,0,0,1,1,0,1,2,-22.86981096,-43.11046465,SPRF-RJ,DEL02-RJ,UOP02-DEL02-RJ,2022,2022-11-01,9,2022.0,11.0,Terça,1.0
409394.0,2022-01-17,,08:00:00,RJ,101,321,NITEROI,ACESSO IRREGULAR,COLISÃO TRANSVERSAL,COM VÍTIMAS FERIDAS,PLENO DIA,Crescente,CÉU CLARO,SIMPLES,Reta,Sim,2,0,1,0,1,0,1,2,-22.86981096,-43.11046465,SPRF-RJ,DEL02-RJ,UOP02-DEL02-RJ,2022,,8,,,,1.0
409446.0,2022-01-17,,14:30:00,RJ,101,319,NITEROI,AVARIAS E/OU DESGASTE EXCESSIVO NO PNEU,QUEDA DE OCUPANTE DE VEÍCULO,COM VÍTIMAS FERIDAS,PLENO DIA,Crescente,SOL,SIMPLES,Reta,Sim,2,0,2,0,0,0,2,1,-22.85411774,-43.1018014,SPRF-RJ,DEL02-RJ,UOP02-DEL02-RJ,2022,,14,,,,1.0
409682.0,2022-01-18,,15:00:00,RJ,101,325,NITEROI,AUSÊNCIA DE REAÇÃO DO CONDUTOR,COLISÃO TRASEIRA,COM VÍTIMAS FERIDAS,PLENO DIA,Decrescente,CÉU CLARO,DUPLA,Ponte;Declive,Não,2,0,1,0,1,0,1,2,-22.87292569,-43.13625699,SPRF-RJ,DEL02-RJ,UOP02-DEL02-RJ,2022,,15,,,,1.0
410257.0,2022-01-21,,17:30:00,RJ,101,315,SAO GONCALO,AUSÊNCIA DE REAÇÃO DO CONDUTOR,COLISÃO COM OBJETO,COM VÍTIMAS FERIDAS,ANOITECER,Crescente,CÉU CLARO,DUPLA,Reta,Sim,1,0,1,0,0,0,1,1,-22.82262092,-43.08460805,SPRF-RJ,DEL02-RJ,UOP02-DEL02-RJ,2022,,17,,,,1.0
410957.0,2022-01-24,,09:00:00,RJ,101,311,SAO GONCALO,TRAFEGAR COM MOTOCICLETA (OU SIMILAR) ENTRE AS FAIXAS,QUEDA DE OCUPANTE DE VEÍCULO,COM VÍTIMAS FERIDAS,PLENO DIA,Crescente,CÉU CLARO,MÚLTIPLA,Reta,Sim,2,0,1,0,1,0,1,2,-22.80062246,-43.05318779,SPRF-RJ,DEL02-RJ,UOP02-DEL02-RJ,2022,,9,,,,1.0
411002.0,2022-01-25,,09:10:00,RJ,101,320,NITEROI,REAÇÃO TARDIA OU INEFICIENTE DO CONDUTOR,QUEDA DE OCUPANTE DE VEÍCULO,COM VÍTIMAS FERIDAS,PLENO DIA,Crescente,CÉU CLARO,MÚLTIPLA,Curva,Sim,2,0,2,0,0,0,2,1,-22.86171098,-43.10714015,SPRF-RJ,DEL02-RJ,UOP02-DEL02-RJ,2022,,9,,,,1.0
411590.0,2022-01-28,,11:15:00,RJ,101,322,NITEROI,CONDUTOR DEIXOU DE MANTER DISTÂNCIA DO VEÍCULO DA FRENTE,COLISÃO TRASEIRA,SEM VÍTIMAS,PLENO DIA,Decrescente,CÉU CLARO,DUPLA,Curva,Não,2,0,0,0,2,0,0,2,-22.87672875,-43.11760426,SPRF-RJ,DEL02-RJ,UOP02-DEL02-RJ,2022,,11,,,,0.0
411603.0,2022-01-24,,17:00:00,RJ,101,322,NITEROI,REAÇÃO TARDIA OU INEFICIENTE DO CONDUTOR,ATROPELAMENTO DE PEDESTRE,COM VÍTIMAS FERIDAS,PLENO DIA,Decrescente,CÉU CLARO,DUPLA,Reta,Sim,2,0,1,0,0,1,1,2,-22.878923,-43.110676,SPRF-RJ,DEL02-RJ,UOP02-DEL02-RJ,2022,,17,,,,1.0
411606.0,2022-01-28,,14:50:00,RJ,101,327,NITEROI,DEMAIS FENÔMENOS DA NATUREZA,QUEDA DE OCUPANTE DE VEÍCULO,COM VÍTIMAS FERIDAS,PLENO DIA,Decrescente,NUBLADO,MÚLTIPLA,Reta,Não,1,0,1,0,0,0,1,1,-22.87117393,-43.15595099,SPRF-RJ,DEL02-RJ,UOP02-DEL02-RJ,2022,,14,,,,1.0
411811.0,2022-01-29,,16:20:00,RJ,101,321,NITEROI,REAÇÃO TARDIA OU INEFICIENTE DO CONDUTOR,COLISÃO COM OBJETO,SEM VÍTIMAS,PLENO DIA,Crescente,CHUVA,DUPLA,Curva,Não,1,0,0,0,1,0,0,1,-22.86981096,-43.11046465,SPRF-RJ,DEL02-RJ,UOP02-DEL02-RJ,2022,,16,,,,0.0
412093.0,2022-01-31,,03:30:00,RJ,101,319,SAO GONCALO,OBJETO ESTÁTICO SOBRE O LEITO CARROÇÁVEL,COLISÃO COM OBJETO,COM VÍTIMAS FERIDAS,PLENA NOITE,Decrescente,NUBLADO,DUPLA,Reta,Sim,1,0,1,0,0,0,1,1,-22.85411774,-43.1018014,SPRF-RJ,DEL02-RJ,UOP02-DEL02-RJ,2022,,3,,,,1.0
412215.0,2022-01-31,,18:00:00,RJ,101,282,ITABORAI,CONDUTOR DORMINDO,COLISÃO TRASEIRA,COM VÍTIMAS FERIDAS,PLENO DIA,Crescente,CÉU CLARO,DUPLA,Reta,Não,2,0,1,0,1,0,1,2,-22.7371391,-42.79664601,SPRF-RJ,DEL02-RJ,UOP03-DEL02-RJ,2022,,18,,,,1.0
412393.0,2022-02-01,6.0,22:00:00,RJ,101,316,SAO GONCALO,REAÇÃO TARDIA OU INEFICIENTE DO CONDUTOR,TOMBAMENTO,COM VÍTIMAS FERIDAS,PLENA NOITE,Crescente,CHUVA,DUPLA,Reta,Não,1,0,1,0,0,0,1,1,-22.82835879,-43.09208739,SPRF-RJ,DEL02-RJ,UOP02-DEL02-RJ,2022,2022-01-02,22,2022.0,1.0,Domingo,1.0
412505.0,2022-02-02,2.0,09:10:00,RJ,101,325,NITEROI,DEMAIS FALHAS MECÂNICAS OU ELÉTRICAS,TOMBAMENTO,COM VÍTIMAS FERIDAS,PLENO DIA,Crescente,NUBLADO,DUPLA,Reta,Sim,1,0,1,0,0,0,1,1,-22.87292569,-43.13625699,SPRF-RJ,DEL02-RJ,UOP02-DEL02-RJ,2022,2022-02-02,9,2022.0,2.0,Quarta,1.0
412915.0,2022-02-04,5.0,22:20:00,RJ,101,"297,6",ITABORAI,AUSÊNCIA DE REAÇÃO DO CONDUTOR,SAÍDA DE LEITO CARROÇÁVEL,COM VÍTIMAS FERIDAS,PLENA NOITE,Decrescente,CÉU CLARO,DUPLA,Aclive,Sim,1,0,1,0,0,0,1,1,-22.76942037,-42.91873581,SPRF-RJ,DEL02-RJ,UOP02-DEL02-RJ,2022,2022-04-02,22,2022.0,4.0,Sábado,1.0
413030.0,2022-02-05,0.0,10:40:00,RJ,101,305,SAO GONCALO,REAÇÃO TARDIA OU INEFICIENTE DO CONDUTOR,QUEDA DE OCUPANTE DE VEÍCULO,COM VÍTIMAS FERIDAS,PLENO DIA,Decrescente,CÉU CLARO,DUPLA,Reta,Sim,1,0,1,0,0,0,1,1,-22.78702832,-42.99589293,SPRF-RJ,DEL02-RJ,UOP02-DEL02-RJ,2022,2022-05-02,10,2022.0,5.0,Segunda,1.0
413400.0,2022-02-07,5.0,01:10:00,RJ,101,297,ITABORAI,CONDUTOR DORMINDO,SAÍDA DE LEITO CARROÇÁVEL,COM VÍTIMAS FERIDAS,PLENA NOITE,Decrescente,CÉU CLARO,MÚLTIPLA,Reta,Não,1,0,1,0,0,0,1,1,-22.76942037,-42.91873581,SPRF-RJ,DEL02-RJ,UOP02-DEL02-RJ,2022,2022-07-02,1,2022.0,7.0,Sábado,1.0
413507.0,2022-02-07,5.0,14:00:00,RJ,101,"327,6",NITEROI,DEMAIS FALHAS MECÂNICAS OU ELÉTRICAS,COLISÃO TRASEIRA,COM VÍTIMAS FATAIS,PLENO DIA,Decrescente,NUBLADO,DUPLA,Reta,Não,3,1,1,1,0,0,2,2,-22.87117393,-43.15595099,SPRF-RJ,DEL02-RJ,UOP02-DEL02-RJ,2022,2022-07-02,14,2022.0,7.0,Sábado,2.0
413628.0,2022-02-08,1.0,06:00:00,RJ,101,299,SAO GONCALO,FREAR BRUSCAMENTE,COLISÃO TRASEIRA,COM VÍTIMAS FERIDAS,PLENO DIA,Crescente,NUBLADO,MÚLTIPLA,Reta,Não,3,0,1,0,2,0,1,2,-22.77493508,-42.94559956,SPRF-RJ,DEL02-RJ,UOP02-DEL02-RJ,2022,2022-08-02,6,2022.0,8.0,Terça,1.0
413649.0,2022-02-04,5.0,16:20:00,RJ,101,294,ITABORAI,MANOBRA DE MUDANÇA DE FAIXA,COLISÃO LATERAL MESMO SENTIDO,COM VÍTIMAS FERIDAS,PLENO DIA,Decrescente,CÉU CLARO,DUPLA,Reta,Sim,2,0,1,0,1,0,1,2,-22.7584434,-42.89502344,SPRF-RJ,DEL02-RJ,UOP02-DEL02-RJ,2022,2022-04-02,16,2022.0,4.0,Sábado,1.0
413918.0,2022-02-09,4.0,17:30:00,RJ,101,313,SAO GONCALO,CONDUTOR DEIXOU DE MANTER DISTÂNCIA DO VEÍCULO DA FRENTE,COLISÃO TRASEIRA,COM VÍTIMAS FERIDAS,ANOITECER,Decrescente,CHUVA,DUPLA,Reta,Sim,5,0,1,0,4,0,1,2,-22.81584364,-43.07653427,SPRF-RJ,DEL02-RJ,UOP02-DEL02-RJ,2022,2022-09-02,17,2022.0,9.0,Sexta,1.0
413939.0,2022-02-09,4.0,18:40:00,RJ,101,321,NITEROI,ACESSAR A VIA SEM OBSERVAR A PRESENÇA DOS OUTROS VEÍCULOS,COLISÃO TRANSVERSAL,SEM VÍTIMAS,PLENA NOITE,Decrescente,CHUVA,DUPLA,Reta,Sim,4,0,0,0,4,0,0,2,-22.86981096,-43.11046465,SPRF-RJ,DEL02-RJ,UOP02-DEL02-RJ,2022,2022-09-02,18,2022.0,9.0,Sexta,0.0
414491.0,2022-02-12,4.0,10:30:00,RJ,101,301,SAO GONCALO,REAÇÃO TARDIA OU INEFICIENTE DO CONDUTOR,COLISÃO TRASEIRA,COM VÍTIMAS FERIDAS,PLENO DIA,Crescente,CÉU CLARO,MÚLTIPLA,Reta,Sim,3,0,1,0,2,0,1,3,-22.77857497,-42.95745101,SPRF-RJ,DEL02-RJ,UOP02-DEL02-RJ,2022,2022-12-02,10,2022.0,12.0,Sexta,1.0
414535.0,2022-01-08,0.0,05:30:00,RJ,101,295,ITABORAI,CONDUTOR DEIXOU DE MANTER DISTÂNCIA DO VEÍCULO DA FRENTE,COLISÃO TRASEIRA,COM VÍTIMAS FATAIS,AMANHECER,Crescente,CHUVA,MÚLTIPLA,Reta,Sim,3,1,0,1,1,0,1,2,-22.763618,-42.902648,SPRF-RJ,DEL02-RJ,UOP02-DEL02-RJ,2022,2022-08-01,5,2022.0,8.0,Segunda,2.0
414583.0,2022-02-12,4.0,19:50:00,RJ,493,5,ITABORAI,AUSÊNCIA DE REAÇÃO DO CONDUTOR,COLISÃO LATERAL MESMO SENTIDO,COM VÍTIMAS FERIDAS,PLENA NOITE,Crescente,CHUVA,SIMPLES,Reta,Sim,2,0,1,0,1,0,1,2,-22.7399860573,-42.9537482324,SPRF-RJ,DEL02-RJ,UOP02-DEL02-RJ,2022,2022-12-02,19,2022.0,12.0,Sexta,1.0
415072.0,2022-02-15,,09:00:00,RJ,101,296,ITABORAI,CONDUTOR DEIXOU DE MANTER DISTÂNCIA DO VEÍCULO DA FRENTE,COLISÃO TRASEIRA,COM VÍTIMAS FERIDAS,PLENO DIA,Decrescente,CÉU CLARO,DUPLA,Reta,Sim,3,0,2,0,1,0,2,2,-22.7670498,-42.91019601,SPRF-RJ,DEL02-RJ,UOP02-DEL02-RJ,2022,,9,,,,1.0
415328.0,2022-02-16,,08:00:00,RJ,101,310,SAO GONCALO,MANOBRA DE MUDANÇA DE FAIXA,COLISÃO LATERAL MESMO SENTIDO,COM VÍTIMAS FERIDAS,PLENO DIA,Crescente,NUBLADO,DUPLA,Reta,Não,3,0,1,0,1,1,1,3,-22.79717023,-43.04404993,SPRF-RJ,DEL02-RJ,UOP02-DEL02-RJ,2022,,8,,,,1.0
415550.0,2022-02-13,,20:00:00,RJ,101,295,ITABORAI,VELOCIDADE INCOMPATÍVEL,COLISÃO COM OBJETO,COM VÍTIMAS FERIDAS,PLENA NOITE,Crescente,NUBLADO,DUPLA,Curva,Sim,1,0,1,0,0,0,1,1,-22.76365068,-42.90223623,SPRF-RJ,DEL02-RJ,UOP02-DEL02-RJ,2022,,20,,,,1.0
415616.0,2022-01-21,,18:15:00,RJ,101,319,NITEROI,MANOBRA DE MUDANÇA DE FAIXA,COLISÃO LATERAL MESMO SENTIDO,COM VÍTIMAS FERIDAS,ANOITECER,Decrescente,CÉU CLARO,DUPLA,Reta,Sim,2,0,1,0,1,0,1,2,-22.8541177395,-43.1018014031,SPRF-RJ,DEL02-RJ,UOP02-DEL02-RJ,2022,,18,,,,1.0
415704.0,2022-02-18,,16:50:00,RJ,101,322,NITEROI,PEDESTRE CRUZAVA A PISTA FORA DA FAIXA,ATROPELAMENTO DE PEDESTRE,COM VÍTIMAS FERIDAS,PLENO DIA,Crescente,NUBLADO,DUPLA,Reta,Sim,3,0,3,0,0,0,3,2,-22.878923,-43.110676,SPRF-RJ,DEL02-RJ,UOP02-DEL02-RJ,2022,,16,,,,1.0
415979.0,2022-02-20,,01:30:00,RJ,101,283,ITABORAI,INGESTÃO DE ÁLCOOL PELO CONDUTOR,SAÍDA DE LEITO CARROÇÁVEL,COM VÍTIMAS FATAIS,PLENA NOITE,Crescente,CHUVA,DUPLA,Viaduto,Sim,2,1,1,0,0,0,1,1,-22.73591014,-42.80592689,SPRF-RJ,DEL02-RJ,UOP02-DEL02-RJ,2022,,1,,,,2.0
416221.0,2022-02-21,,04:30:00,RJ,101,296,ITABORAI,AUSÊNCIA DE REAÇÃO DO CONDUTOR,EVENTOS ATÍPICOS,SEM VÍTIMAS,PLENA NOITE,Crescente,NEVOEIRO/NEBLINA,DUPLA,Reta,Sim,1,0,0,0,0,1,0,1,-22.7670498,-42.91019601,SPRF-RJ,DEL02-RJ,UOP02-DEL02-RJ,2022,,4,,,,0.0
416343.0,2022-02-21,,14:20:00,RJ,101,298,ITABORAI,MAL SÚBITO DO CONDUTOR,COLISÃO COM OBJETO,COM VÍTIMAS FERIDAS,PLENO DIA,Crescente,NUBLADO,DUPLA,Reta,Sim,1,0,1,0,0,0,1,1,-22.7714,-42.92896,SPRF-RJ,DEL02-RJ,UOP02-DEL02-RJ,2022,,14,,,,1.0
416456.0,2022-01-02,1.0,18:10:00,RJ,493,0,ITABORAI,RETORNO PROIBIDO,COLISÃO TRANSVERSAL,COM VÍTIMAS FERIDAS,PLENO DIA,Crescente,NUBLADO,SIMPLES,Reta,Sim,3,0,1,0,1,1,1,3,-22.77062,-42.92223,SPRF-RJ,DEL02-RJ,UOP02-DEL02-RJ,2022,2022-02-01,18,2022.0,2.0,Terça,1.0
416484.0,2022-02-22,,06:00:00,RJ,101,311,SAO GONCALO,TRAFEGAR COM MOTOCICLETA (OU SIMILAR) ENTRE AS FAIXAS,COLISÃO LATERAL MESMO SENTIDO,COM VÍTIMAS FERIDAS,PLENO DIA,Crescente,CÉU CLARO,DUPLA,Reta,Sim,2,0,1,0,1,0,1,2,-22.80062246,-43.05318779,SPRF-RJ,DEL02-RJ,UOP02-DEL02-RJ,2022,,6,,,,1.0
416556.0,2022-02-22,,19:00:00,RJ,101,300,SAO GONCALO,ACUMULO DE AREIA OU DETRITOS SOBRE O PAVIMENTO,TOMBAMENTO,COM VÍTIMAS FERIDAS,PLENA NOITE,Decrescente,CÉU CLARO,DUPLA,Reta,Não,2,0,2,0,0,0,2,1,-22.77645713,-42.94783697,SPRF-RJ,DEL02-RJ,UOP02-DEL02-RJ,2022,,19,,,,1.0
416592.0,2022-02-23,,07:55:00,RJ,101,307,SAO GONCALO,REAÇÃO TARDIA OU INEFICIENTE DO CONDUTOR,COLISÃO TRASEIRA,COM VÍTIMAS FERIDAS,PLENO DIA,Crescente,CÉU CLARO,DUPLA,Reta,Sim,3,0,0,1,2,0,1,2,-22.79115777,-43.01514205,SPRF-RJ,DEL02-RJ,UOP02-DEL02-RJ,2022,,7,,,,1.0
416617.0,2022-02-23,,10:15:00,RJ,101,305,SAO GONCALO,AUSÊNCIA DE SINALIZAÇÃO,COLISÃO LATERAL MESMO SENTIDO,COM VÍTIMAS FERIDAS,PLENO DIA,Decrescente,SOL,DUPLA,Reta,Sim,2,0,1,0,1,0,1,2,-22.78702832,-42.99589293,SPRF-RJ,DEL02-RJ,UOP02-DEL02-RJ,2022,,10,,,,1.0
416909.0,2022-02-24,,17:25:00,RJ,101,319,NITEROI,DEMAIS FALHAS MECÂNICAS OU ELÉTRICAS,TOMBAMENTO,COM VÍTIMAS FERIDAS,PLENO DIA,Crescente,CÉU CLARO,DUPLA,Reta,Não,2,0,2,0,0,0,2,1,-22.85411774,-43.1018014,SPRF-RJ,DEL02-RJ,UOP02-DEL02-RJ,2022,,17,,,,1.0
417031.0,2022-02-25,,07:10:00,RJ,101,313,SAO GONCALO,CONVERSÃO PROIBIDA,COLISÃO LATERAL MESMO SENTIDO,COM VÍTIMAS FERIDAS,PLENO DIA,Decrescente,CÉU CLARO,DUPLA,Reta,Sim,6,0,1,0,5,0,1,2,-22.81348006,-43.07346582,SPRF-RJ,DEL02-RJ,UOP02-DEL02-RJ,2022,,7,,,,1.0
417058.0,2022-02-25,,08:00:00,RJ,101,322,NITEROI,AUSÊNCIA DE REAÇÃO DO CONDUTOR,COLISÃO TRASEIRA,COM VÍTIMAS FERIDAS,PLENO DIA,Crescente,CÉU CLARO,DUPLA,Reta,Sim,3,0,2,0,1,0,2,2,-22.878923,-43.110676,SPRF-RJ,DEL02-RJ,UOP01-DEL02-RJ,2022,,8,,,,1.0
417105.0,2022-02-09,4.0,14:02:00,RJ,101,321,NITEROI,AUSÊNCIA DE REAÇÃO DO CONDUTOR,COLISÃO TRASEIRA,COM VÍTIMAS FERIDAS,PLENO DIA,Crescente,CHUVA,DUPLA,Reta,Não,2,0,1,0,1,0,1,2,-22.86981096,-43.11046465,SPRF-RJ,DEL02-RJ,UOP02-DEL02-RJ,2022,2022-09-02,14,2022.0,9.0,Sexta,1.0
417218.0,2022-02-25,,20:00:00,RJ,101,318,SAO GONCALO,ULTRAPASSAGEM INDEVIDA,COLISÃO LATERAL MESMO SENTIDO,COM VÍTIMAS FERIDAS,PLENA NOITE,Decrescente,CÉU CLARO,DUPLA,Curva,Sim,4,0,2,0,2,0,2,3,-22.85103536,-43.10007334,SPRF-RJ,DEL02-RJ,UOP02-DEL02-RJ,2022,,20,,,,1.0
417314.0,2022-02-26,,06:00:00,RJ,101,312,SAO GONCALO,AUSÊNCIA DE REAÇÃO DO CONDUTOR,COLISÃO LATERAL MESMO SENTIDO,SEM VÍTIMAS,PLENO DIA,Crescente,CÉU CLARO,DUPLA,Reta,Sim,3,0,0,0,3,0,0,2,-22.80546555,-43.06156967,SPRF-RJ,DEL02-RJ,UOP02-DEL02-RJ,2022,,6,,,,0.0
417410.0,2022-02-26,,15:13:00,RJ,101,307,SAO GONCALO,TRAFEGAR COM MOTOCICLETA (OU SIMILAR) ENTRE AS FAIXAS,COLISÃO LATERAL MESMO SENTIDO,COM VÍTIMAS FERIDAS,PLENO DIA,Decrescente,CÉU CLARO,MÚLTIPLA,Reta,Sim,2,0,1,0,1,0,1,2,-22.79115777,-43.01514205,SPRF-RJ,DEL02-RJ,UOP02-DEL02-RJ,2022,,15,,,,1.0
417588.0,2022-02-27,,07:30:00,RJ,101,306,SAO GONCALO,MANOBRA DE MUDANÇA DE FAIXA,ENGAVETAMENTO,COM VÍTIMAS FERIDAS,PLENO DIA,Decrescente,CÉU CLARO,DUPLA,Reta,Sim,8,0,1,0,7,0,1,3,-22.78913759,-43.00550909,SPRF-RJ,DEL02-RJ,UOP02-DEL02-RJ,2022,,7,,,,1.0
417598.0,2022-02-27,,11:08:00,RJ,101,"304,9",SAO GONCALO,TRAFEGAR COM MOTOCICLETA (OU SIMILAR) ENTRE AS FAIXAS,COLISÃO TRASEIRA,COM VÍTIMAS FERIDAS,PLENO DIA,Decrescente,CÉU CLARO,DUPLA,Reta,Não,3,0,1,0,2,0,1,2,-22.78702832,-42.99589293,SPRF-RJ,DEL02-RJ,UOP02-DEL02-RJ,2022,,11,,,,1.0
417664.0,2022-02-27,,15:50:00,RJ,101,310,SAO GONCALO,AUSÊNCIA DE REAÇÃO DO CONDUTOR,CAPOTAMENTO,COM VÍTIMAS FERIDAS,PLENO DIA,Crescente,CÉU CLARO,DUPLA,Reta,Sim,1,0,1,0,0,0,1,1,-22.79717023,-43.04404993,SPRF-RJ,DEL02-RJ,UOP02-DEL02-RJ,2022,,15,,,,1.0
417666.0,2022-02-27,,18:40:00,RJ,101,"297,5",ITABORAI,ACESSAR A VIA SEM OBSERVAR A PRESENÇA DOS OUTROS VEÍCULOS,COLISÃO LATERAL MESMO SENTIDO,COM VÍTIMAS FERIDAS,PLENA NOITE,Crescente,CÉU CLARO,SIMPLES,Curva,Sim,3,0,0,1,2,0,1,2,-22.76942037,-42.91873581,SPRF-RJ,DEL02-RJ,UOP02-DEL02-RJ,2022,,18,,,,1.0
417910.0,2022-02-28,,21:00:00,RJ,101,292,ITABORAI,AUSÊNCIA DE REAÇÃO DO CONDUTOR,TOMBAMENTO,COM VÍTIMAS FERIDAS,PLENA NOITE,Decrescente,CÉU CLARO,MÚLTIPLA,Reta,Não,1,0,1,0,0,0,1,1,-22.76038215,-42.87856408,SPRF-RJ,DEL02-RJ,UOP02-DEL02-RJ,2022,,21,,,,1.0
418028.0,2022-03-01,0.0,17:40:00,RJ,101,301,SAO GONCALO,ENTRADA INOPINADA DO PEDESTRE,ATROPELAMENTO DE PEDESTRE,COM VÍTIMAS FERIDAS,PLENO DIA,Crescente,CÉU CLARO,DUPLA,Reta,Sim,2,0,0,1,1,0,1,2,-22.77857497,-42.95745101,SPRF-RJ,DEL02-RJ,UOP02-DEL02-RJ,2022,2022-01-03,17,2022.0,1.0,Segunda,1.0