id,data_inversa,dia_semana,horario,uf,br,km,municipio,causa_acidente,tipo_acidente,classificacao_acidente,fase_dia,sentido_via,condicao_metereologica,tipo_pista,tracado_via,uso_solo,pessoas,mortos,feridos_leves,feridos_graves,ilesos,ignorados,feridos,veiculos,latitude,longitude,regional,delegacia,uop,ano_arquivo,data,hora,ano,mes,dia_semana_nome,gravidade
418135.0,2022-03-02,3.0,09:00:00,RJ,493,5,ITABORAI,AUSÊNCIA DE REAÇÃO DO CONDUTOR,COLISÃO TRASEIRA,COM VÍTIMAS FERIDAS,PLENO DIA,Decrescente,CÉU CLARO,SIMPLES,Reta,Não,2,0,1,0,1,0,1,2,-22.73998606,-42.95374823,SPRF-RJ,DEL02-RJ,UOP02-DEL02-RJ,2022,2022-02-03,9,2022.0,2.0,Quinta,1.0
418140.0,2022-03-02,3.0,10:45:00,RJ,101,322,NITEROI,REAÇÃO TARDIA OU INEFICIENTE DO CONDUTOR,ATROPELAMENTO DE PEDESTRE,COM VÍTIMAS FERIDAS,PLENO DIA,Decrescente,CÉU CLARO,SIMPLES,Curva,Sim,2,0,1,0,1,0,1,2,-22.878923,-43.110676,SPRF-RJ,DEL02-RJ,UOP01-DEL02-RJ,2022,2022-02-03,10,2022.0,2.0,Quinta,1.0
418144.0,2022-03-02,3.0,11:00:00,RJ,101,322,NITEROI,MANOBRA DE MUDANÇA DE FAIXA,COLISÃO LATERAL MESMO SENTIDO,COM VÍTIMAS FERIDAS,PLENO DIA,Decrescente,CÉU CLARO,MÚLTIPLA,Reta,Não,2,0,1,0,0,1,1,2,-22.878923,-43.110676,SPRF-RJ,DEL02-RJ,UOP01-DEL02-RJ,2022,2022-02-03,11,2022.0,2.0,Quinta,1.0
418326.0,2022-03-03,3.0,08:50:00,RJ,493,2,ITABORAI,OBSTRUÇÃO NA VIA,ENGAVETAMENTO,COM VÍTIMAS FERIDAS,PLENO DIA,Crescente,SOL,DUPLA,Reta,Sim,4,0,1,0,3,0,1,3,-22.75950214,-42.93544822,SPRF-RJ,DEL02-RJ,UOP02-DEL02-RJ,2022,2022-03-03,8,2022.0,3.0,Quinta,1.0
418343.0,2022-03-03,3.0,11:45:00,RJ,101,282,ITABORAI,CURVA ACENTUADA,SAÍDA DE LEITO CARROÇÁVEL,COM VÍTIMAS FERIDAS,PLENO DIA,Decrescente,CÉU CLARO,DUPLA,Curva,Não,1,0,1,0,0,0,1,1,-22.73534021,-42.80359268,SPRF-RJ,DEL02-RJ,UOP03-DEL02-RJ,2022,2022-03-03,11,2022.0,3.0,Quinta,1.0
418450.0,2022-03-03,3.0,19:10:00,RJ,101,295,ITABORAI,MANOBRA DE MUDANÇA DE FAIXA,COLISÃO LATERAL MESMO SENTIDO,SEM VÍTIMAS,PLENA NOITE,Decrescente,CÉU CLARO,DUPLA,Reta,Sim,2,0,0,0,2,0,0,2,-22.76365068,-42.90223623,SPRF-RJ,DEL02-RJ,UOP02-DEL02-RJ,2022,2022-03-03,19,2022.0,3.0,Quinta,0.0
418713.0,2022-03-05,1.0,06:20:00,RJ,493,"2,6",ITABORAI,REAÇÃO TARDIA OU INEFICIENTE DO CONDUTOR,COLISÃO COM OBJETO,COM VÍTIMAS FERIDAS,PLENO DIA,Crescente,CÉU CLARO,DUPLA,Reta,Sim,1,0,1,0,0,0,1,1,-22.75950214,-42.93544822,SPRF-RJ,DEL02-RJ,UOP02-DEL02-RJ,2022,2022-05-03,6,2022.0,5.0,Terça,1.0
419186.0,2022-03-07,6.0,12:30:00,RJ,101,313,SAO GONCALO,AUSÊNCIA DE REAÇÃO DO CONDUTOR,TOMBAMENTO,COM VÍTIMAS FERIDAS,PLENO DIA,Crescente,CÉU CLARO,DUPLA,Reta,Sim,1,0,1,0,0,0,1,1,-22.81049093,-43.06983304,SPRF-RJ,DEL02-RJ,UOP02-DEL02-RJ,2022,2022-07-03,12,2022.0,7.0,Domingo,1.0
419218.0,2022-03-07,6.0,13:20:00,RJ,101,303,SAO GONCALO,REAÇÃO TARDIA OU INEFICIENTE DO CONDUTOR,QUEDA DE OCUPANTE DE VEÍCULO,COM VÍTIMAS FERIDAS,PLENO DIA,Crescente,SOL,DUPLA,Curva,Sim,1,0,1,0,0,0,1,1,-22.7828205,-42.9766681,SPRF-RJ,DEL02-RJ,UOP02-DEL02-RJ,2022,2022-07-03,13,2022.0,7.0,Domingo,1.0
419395.0,2022-03-08,2.0,15:30:00,RJ,101,325,NITEROI,DEMAIS FALHAS MECÂNICAS OU ELÉTRICAS,TOMBAMENTO,COM VÍTIMAS FERIDAS,PLENO DIA,Decrescente,CÉU CLARO,DUPLA,Reta,Não,2,0,1,1,0,0,2,1,-22.87292569,-43.13625699,SPRF-RJ,DEL02-RJ,UOP01-DEL02-RJ,2022,2022-08-03,15,2022.0,8.0,Quarta,1.0
419433.0,2022-03-08,2.0,21:10:00,RJ,101,321,NITEROI,REAÇÃO TARDIA OU INEFICIENTE DO CONDUTOR,COLISÃO COM OBJETO,COM VÍTIMAS FERIDAS,PLENA NOITE,Decrescente,CÉU CLARO,DUPLA,Reta,Sim,1,0,0,1,0,0,1,1,-22.86981096,-43.11046465,SPRF-RJ,DEL02-RJ,UOP01-DEL02-RJ,2022,2022-08-03,21,2022.0,8.0,Quarta,1.0
419757.0,2022-03-10,0.0,16:00:00,RJ,493,0,ITABORAI,PEDESTRE CRUZAVA A PISTA FORA DA FAIXA,ATROPELAMENTO DE PEDESTRE,COM VÍTIMAS FERIDAS,PLENO DIA,Crescente,CÉU CLARO,SIMPLES,Curva,Sim,2,0,1,0,1,0,1,2,-22.77062,-42.92223,SPRF-RJ,DEL02-RJ,UOP02-DEL02-RJ,2022,2022-10-03,16,2022.0,10.0,Segunda,1.0
419858.0,2022-03-11,3.0,09:00:00,RJ,101,320,NITEROI,AVARIAS E/OU DESGASTE EXCESSIVO NO PNEU,COLISÃO COM OBJETO,COM VÍTIMAS FERIDAS,PLENO DIA,Crescente,CÉU CLARO,DUPLA,Curva,Sim,3,0,0,2,0,1,2,2,-22.86171098,-43.10714015,SPRF-RJ,DEL02-RJ,UOP01-DEL02-RJ,2022,2022-11-03,9,2022.0,11.0,Quinta,1.0
420053.0,2022-03-08,2.0,20:00:00,RJ,101,314,SAO GONCALO,DEMAIS FALHAS MECÂNICAS OU ELÉTRICAS,QUEDA DE OCUPANTE DE VEÍCULO,COM VÍTIMAS FERIDAS,PLENA NOITE,Crescente,CÉU CLARO,DUPLA,Reta,Sim,2,0,1,0,1,0,1,1,-22.81648739,-43.07728467,SPRF-RJ,DEL02-RJ,UOP02-DEL02-RJ,2022,2022-08-03,20,2022.0,8.0,Quarta,1.0
420089.0,2022-03-12,5.0,07:40:00,RJ,101,323,NITEROI,CONDUTOR DEIXOU DE MANTER DISTÂNCIA DO VEÍCULO DA FRENTE,COLISÃO TRASEIRA,COM VÍTIMAS FERIDAS,PLENO DIA,Decrescente,CÉU CLARO,MÚLTIPLA,Ponte,Não,3,0,2,0,1,0,2,2,-22.87684786,-43.11728689,SPRF-RJ,DEL02-RJ,UOP01-DEL02-RJ,2022,2022-12-03,7,2022.0,12.0,Sábado,1.0
420191.0,2022-03-12,5.0,09:08:00,RJ,493,3,ITABORAI,FAIXAS DE TRÂNSITO COM LARGURA INSUFICIENTE,COLISÃO COM OBJETO,COM VÍTIMAS FATAIS,PLENO DIA,Decrescente,CÉU CLARO,DUPLA,Declive,Sim,3,2,0,0,0,1,0,3,-22.7525329,-42.94160092,SPRF-RJ,DEL02-RJ,UOP02-DEL02-RJ,2022,2022-12-03,9,2022.0,12.0,Sábado,2.0
420294.0,2022-03-13,,07:45:00,RJ,101,305,SAO GONCALO,MANOBRA DE MUDANÇA DE FAIXA,TOMBAMENTO,COM VÍTIMAS FERIDAS,PLENO DIA,Decrescente,CÉU CLARO,DUPLA,Reta,Sim,1,0,1,0,0,0,1,1,-22.78702832,-42.99589293,SPRF-RJ,DEL02-RJ,UOP02-DEL02-RJ,2022,,7,,,,1.0
420444.0,2022-03-13,,19:40:00,RJ,101,297,ITABORAI,INGESTÃO DE ÁLCOOL PELO CONDUTOR,COLISÃO LATERAL MESMO SENTIDO,SEM VÍTIMAS,PLENA NOITE,Crescente,NUBLADO,SIMPLES,Declive,Sim,2,0,0,0,2,0,0,2,-22.76942037,-42.91873581,SPRF-RJ,DEL02-RJ,UOP02-DEL02-RJ,2022,,19,,,,0.0
420759.0,2022-03-15,,07:50:00,RJ,101,303,SAO GONCALO,CONDUTOR DORMINDO,COLISÃO COM OBJETO,COM VÍTIMAS FERIDAS,PLENO DIA,Decrescente,CÉU CLARO,DUPLA,Reta,Sim,1,0,1,0,0,0,1,1,-22.7828205,-42.9766681,SPRF-RJ,DEL02-RJ,UOP02-DEL02-RJ,2022,,7,,,,1.0
420824.0,2022-02-13,,20:45:00,RJ,101,303,SAO GONCALO,TRANSITAR NA CONTRAMÃO,COLISÃO FRONTAL,COM VÍTIMAS FERIDAS,PLENA NOITE,Decrescente,CÉU CLARO,DUPLA,Reta,Sim,2,0,1,0,1,0,1,2,-22.7828205,-42.9766681,SPRF-RJ,DEL02-RJ,UOP02-DEL02-RJ,2022,,20,,,,1.0
420907.0,2022-03-16,,05:50:00,RJ,101,306,SAO GONCALO,DEMAIS FALHAS MECÂNICAS OU ELÉTRICAS,QUEDA DE OCUPANTE DE VEÍCULO,COM VÍTIMAS FERIDAS,PLENO DIA,Crescente,CÉU CLARO,DUPLA,Reta,Sim,2,0,0,1,1,0,1,1,-22.78913759,-43.00550909,SPRF-RJ,DEL02-RJ,UOP02-DEL02-RJ,2022,,5,,,,1.0
420940.0,2022-03-16,,09:20:00,RJ,101,323,NITEROI,DEFICIÊNCIA DO SISTEMA DE ILUMINAÇÃO/SINALIZAÇÃO,COLISÃO TRASEIRA,COM VÍTIMAS FERIDAS,PLENO DIA,Crescente,CÉU CLARO,MÚLTIPLA,Ponte,Não,2,0,1,0,1,0,1,2,-22.87684786,-43.11728689,SPRF-RJ,DEL02-RJ,UOP01-DEL02-RJ,2022,,9,,,,1.0
421042.0,2022-03-17,,02:35:00,RJ,101,306,SAO GONCALO,ANIMAIS NA PISTA,ATROPELAMENTO DE ANIMAL,SEM VÍTIMAS,PLENA NOITE,Decrescente,CÉU CLARO,DUPLA,Reta,Sim,1,0,0,0,1,0,0,1,-22.78913759,-43.00550909,SPRF-RJ,DEL02-RJ,UOP02-DEL02-RJ,2022,,2,,,,0.0
421203.0,2022-03-18,,04:05:00,RJ,101,317,SAO GONCALO,AUSÊNCIA DE REAÇÃO DO CONDUTOR,COLISÃO COM OBJETO,COM VÍTIMAS FERIDAS,PLENA NOITE,Decrescente,CÉU CLARO,DUPLA,Reta,Não,2,0,2,0,0,0,2,1,-22.83707798,-43.09492006,SPRF-RJ,DEL02-RJ,UOP02-DEL02-RJ,2022,,4,,,,1.0
421262.0,2022-03-18,,07:50:00,RJ,101,310,SAO GONCALO,MANOBRA DE MUDANÇA DE FAIXA,COLISÃO LATERAL MESMO SENTIDO,COM VÍTIMAS FERIDAS,PLENO DIA,Crescente,SOL,DUPLA,Reta,Sim,2,0,1,0,1,0,1,2,-22.79717023,-43.04404993,SPRF-RJ,DEL02-RJ,UOP02-DEL02-RJ,2022,,7,,,,1.0
421268.0,2022-03-18,,06:50:00,RJ,101,299,SAO GONCALO,REAÇÃO TARDIA OU INEFICIENTE DO CONDUTOR,COLISÃO LATERAL MESMO SENTIDO,COM VÍTIMAS FERIDAS,PLENO DIA,Decrescente,CÉU CLARO,DUPLA,Reta,Não,2,0,1,0,1,0,1,2,-22.77432673,-42.93823207,SPRF-RJ,DEL02-RJ,UOP02-DEL02-RJ,2022,,6,,,,1.0
421532.0,2022-03-19,,14:30:00,RJ,101,313,SAO GONCALO,AVARIAS E/OU DESGASTE EXCESSIVO NO PNEU,TOMBAMENTO,COM VÍTIMAS FERIDAS,PLENO DIA,Crescente,CÉU CLARO,DUPLA,Reta,Sim,2,0,1,0,1,0,1,1,-22.81049093,-43.06983304,SPRF-RJ,DEL02-RJ,UOP02-DEL02-RJ,2022,,14,,,,1.0
421607.0,2022-03-19,,20:29:00,RJ,101,262,RIO BONITO,CONDUTOR DORMINDO,CAPOTAMENTO,COM VÍTIMAS FERIDAS,PLENA NOITE,Decrescente,CÉU CLARO,DUPLA,Reta,Não,1,0,0,1,0,0,1,1,-22.71367506,-42.62052996,SPRF-RJ,DEL02-RJ,UOP03-DEL02-RJ,2022,,20,,,,1.0
421829.0,2022-03-20,,22:27:00,RJ,101,257,RIO BONITO,ANIMAIS NA PISTA,SAÍDA DE LEITO CARROÇÁVEL,COM VÍTIMAS FERIDAS,PLENA NOITE,Crescente,CHUVA,DUPLA,Reta,Sim,3,0,3,0,0,0,3,1,-22.69819894,-42.57804701,SPRF-RJ,DEL02-RJ,UOP03-DEL02-RJ,2022,,22,,,,1.0
421891.0,2022-03-21,,08:50:00,RJ,101,314,SAO GONCALO,MANOBRA DE MUDANÇA DE FAIXA,COLISÃO LATERAL MESMO SENTIDO,COM VÍTIMAS FERIDAS,AMANHECER,Crescente,CHUVA,DUPLA,Reta,Sim,2,0,1,0,1,0,1,2,-22.81648739,-43.07728467,SPRF-RJ,DEL02-RJ,UOP02-DEL02-RJ,2022,,8,,,,1.0
421966.0,2022-03-21,,07:30:00,RJ,101,328,NITEROI,CONDUTOR DORMINDO,COLISÃO COM OBJETO,COM VÍTIMAS FERIDAS,PLENO DIA,Decrescente,GAROA/CHUVISCO,MÚLTIPLA,Reta,Não,1,0,1,0,0,0,1,1,-22.87028692,-43.16579699,SPRF-RJ,DEL02-RJ,UOP01-DEL02-RJ,2022,,7,,,,1.0
422136.0,2022-03-22,,16:30:00,RJ,101,322,NITEROI,CONDUTOR DEIXOU DE MANTER DISTÂNCIA DO VEÍCULO DA FRENTE,COLISÃO TRASEIRA,COM VÍTIMAS FERIDAS,PLENO DIA,Crescente,CÉU CLARO,SIMPLES,Curva,Sim,2,0,1,0,1,0,1,2,-22.878923,-43.110676,SPRF-RJ,DEL02-RJ,UOP01-DEL02-RJ,2022,,16,,,,1.0
422367.0,2022-03-24,,01:15:00,RJ,101,311,SAO GONCALO,REAÇÃO TARDIA OU INEFICIENTE DO CONDUTOR,TOMBAMENTO,COM VÍTIMAS FERIDAS,PLENA NOITE,Decrescente,CÉU CLARO,DUPLA,Reta,Sim,1,0,0,1,0,0,1,1,-22.80062246,-43.05318779,SPRF-RJ,DEL02-RJ,UOP02-DEL02-RJ,2022,,1,,,,1.0
422585.0,2022-03-25,,08:10:00,RJ,101,316,SAO GONCALO,REAÇÃO TARDIA OU INEFICIENTE DO CONDUTOR,COLISÃO LATERAL MESMO SENTIDO,COM VÍTIMAS FERIDAS,PLENO DIA,Crescente,CÉU CLARO,DUPLA,Curva,Sim,3,0,2,0,1,0,2,2,-22.82835879,-43.09208739,SPRF-RJ,DEL02-RJ,UOP02-DEL02-RJ,2022,,8,,,,1.0
422626.0,2022-03-25,,11:35:00,RJ,101,327,NITEROI,CONDUTOR DEIXOU DE MANTER DISTÂNCIA DO VEÍCULO DA FRENTE,COLISÃO LATERAL MESMO SENTIDO,COM VÍTIMAS FERIDAS,PLENO DIA,Crescente,CÉU CLARO,DUPLA,Reta;Ponte,Não,2,0,1,0,1,0,1,2,-22.87117393,-43.15595099,SPRF-RJ,DEL02-RJ,UOP01-DEL02-RJ,2022,,11,,,,1.0
422687.0,2022-03-25,,04:50:00,RJ,101,321,NITEROI,INGESTÃO DE ÁLCOOL PELO CONDUTOR,COLISÃO TRASEIRA,SEM VÍTIMAS,AMANHECER,Decrescente,CÉU CLARO,MÚLTIPLA,Reta,Sim,4,0,0,0,4,0,0,2,-22.86981096,-43.11046465,SPRF-RJ,DEL02-RJ,UOP01-DEL02-RJ,2022,,4,,,,0.0
423274.0,2022-03-28,,08:00:00,RJ,101,322,NITEROI,CONDUTOR DEIXOU DE MANTER DISTÂNCIA DO VEÍCULO DA FRENTE,COLISÃO TRASEIRA,COM VÍTIMAS FERIDAS,PLENO DIA,Crescente,CÉU CLARO,MÚLTIPLA,Ponte,Não,3,0,1,0,2,0,1,3,-22.878923,-43.110676,SPRF-RJ,DEL02-RJ,UOP01-DEL02-RJ,2022,,8,,,,1.0
423338.0,2022-03-28,,20:00:00,RJ,101,321,NITEROI,AVARIAS E/OU DESGASTE EXCESSIVO NO PNEU,QUEDA DE OCUPANTE DE VEÍCULO,COM VÍTIMAS FERIDAS,PLENA NOITE,Decrescente,NUBLADO,MÚLTIPLA,Reta,Sim,1,0,1,0,0,0,1,1,-22.86981096,-43.11046465,SPRF-RJ,DEL02-RJ,UOP01-DEL02-RJ,2022,,20,,,,1.0
423447.0,2022-03-29,,18:57:00,RJ,101,317,SAO GONCALO,TRANSITAR NO ACOSTAMENTO,COLISÃO TRASEIRA,COM VÍTIMAS FERIDAS,PLENA NOITE,Decrescente,NUBLADO,DUPLA,Reta,Sim,2,0,1,0,1,0,1,2,-22.83707798,-43.09492006,SPRF-RJ,DEL02-RJ,UOP02-DEL02-RJ,2022,,18,,,,1.0
423610.0,2022-01-17,,17:40:00,RJ,101,318,NITEROI,AUSÊNCIA DE REAÇÃO DO CONDUTOR,ENGAVETAMENTO,COM VÍTIMAS FERIDAS,PLENO DIA,Decrescente,CÉU CLARO,DUPLA,Reta,Sim,5,0,1,0,4,0,1,5,-22.84562994,-43.09841211,SPRF-RJ,DEL02-RJ,UOP02-DEL02-RJ,2022,,17,,,,1.0
424076.0,2022-04-02,4.0,04:00:00,RJ,101,320,NITEROI,CONDUTOR DORMINDO,SAÍDA DE LEITO CARROÇÁVEL,COM VÍTIMAS FERIDAS,AMANHECER,Decrescente,GAROA/CHUVISCO,MÚLTIPLA,Curva,Sim,1,0,1,0,0,0,1,1,-22.86055602,-43.10666084,SPRF-RJ,DEL02-RJ,UOP01-DEL02-RJ,2022,2022-02-04,4,2022.0,2.0,Sexta,1.0
424252.0,2022-04-02,4.0,22:00:00,RJ,101,294,ITABORAI,MANOBRA DE MUDANÇA DE FAIXA,TOMBAMENTO,COM VÍTIMAS FERIDAS,PLENA NOITE,Decrescente,GAROA/CHUVISCO,DUPLA,Reta,Sim,2,0,2,0,0,0,2,1,-22.7584434,-42.89502344,SPRF-RJ,DEL02-RJ,UOP02-DEL02-RJ,2022,2022-02-04,22,2022.0,2.0,Sexta,1.0
424523.0,2022-04-04,0.0,08:36:00,RJ,101,282,ITABORAI,AUSÊNCIA DE REAÇÃO DO CONDUTOR,QUEDA DE OCUPANTE DE VEÍCULO,COM VÍTIMAS FERIDAS,PLENO DIA,Decrescente,SOL,MÚLTIPLA,Curva;Declive;Viaduto,Não,1,0,1,0,0,0,1,1,-22.73534021,-42.8041935,SPRF-RJ,DEL02-RJ,UOP03-DEL02-RJ,2022,2022-04-04,8,2022.0,4.0,Segunda,1.0
424553.0,2022-04-04,0.0,06:00:00,RJ,101,305,SAO GONCALO,REAÇÃO TARDIA OU INEFICIENTE DO CONDUTOR,SAÍDA DE LEITO CARROÇÁVEL,COM VÍTIMAS FERIDAS,AMANHECER,Decrescente,CÉU CLARO,DUPLA,Reta,Sim,4,0,4,0,0,0,4,1,-22.78702832,-42.99589293,SPRF-RJ,DEL02-RJ,UOP02-DEL02-RJ,2022,2022-04-04,6,2022.0,4.0,Segunda,1.0
424930.0,2022-04-06,5.0,15:40:00,RJ,493,2,ITABORAI,FALTA DE ACOSTAMENTO,COLISÃO TRASEIRA,COM VÍTIMAS FERIDAS,PLENO DIA,Crescente,NUBLADO,DUPLA,Reta,Sim,2,0,1,0,1,0,1,2,-22.75950214,-42.93544822,SPRF-RJ,DEL02-RJ,UOP02-DEL02-RJ,2022,2022-06-04,15,2022.0,6.0,Sábado,1.0
426093.0,2022-04-07,0.0,16:10:00,RJ,101,322,NITEROI,AUSÊNCIA DE REAÇÃO DO CONDUTOR,TOMBAMENTO,COM VÍTIMAS FERIDAS,PLENO DIA,Crescente,CÉU CLARO,SIMPLES,Reta,Sim,1,0,1,0,0,0,1,1,-22.878923,-43.110676,SPRF-RJ,DEL02-RJ,UOP01-DEL02-RJ,2022,2022-07-04,16,2022.0,7.0,Segunda,1.0
429454.0,2022-04-08,3.0,12:49:00,RJ,101,262,RIO BONITO,VELOCIDADE INCOMPATÍVEL,SAÍDA DE LEITO CARROÇÁVEL,COM VÍTIMAS FERIDAS,PLENO DIA,Crescente,SOL,DUPLA,Aclive;Curva;Viaduto,Sim,2,0,0,2,0,0,2,1,-22.71367506,-42.62052996,SPRF-RJ,DEL02-RJ,UOP03-DEL02-RJ,2022,2022-08-04,12,2022.0,8.0,Quinta,1.0
442714.0,2022-04-10,1.0,09:00:00,RJ,101,282,ITABORAI,CONDUTOR DORMINDO,COLISÃO COM OBJETO,COM VÍTIMAS FERIDAS,PLENO DIA,Decrescente,CÉU CLARO,DUPLA,Curva;Declive,Sim,1,0,0,1,0,0,1,1,-22.7371391,-42.79664601,SPRF-RJ,DEL02-RJ,UOP03-DEL02-RJ,2022,2022-10-04,9,2022.0,10.0,Terça,1.0
442746.0,2022-04-11,4.0,01:40:00,RJ,101,310,SAO GONCALO,AUSÊNCIA DE REAÇÃO DO CONDUTOR,COLISÃO FRONTAL,COM VÍTIMAS FERIDAS,PLENA NOITE,Decrescente,NUBLADO,DUPLA,Reta,Sim,2,0,1,0,1,0,1,1,-22.79717023,-43.04404993,SPRF-RJ,DEL02-RJ,UOP02-DEL02-RJ,2022,2022-11-04,1,2022.0,11.0,Sexta,1.0
442839.0,2022-04-11,4.0,08:35:00,RJ,101,313,SAO GONCALO,MANOBRA DE MUDANÇA DE FAIXA,COLISÃO TRASEIRA,COM VÍTIMAS FERIDAS,PLENO DIA,Crescente,CÉU CLARO,DUPLA,Reta,Sim,3,0,1,0,2,0,1,2,-22.81049093,-43.06983304,SPRF-RJ,DEL02-RJ,UOP02-DEL02-RJ,2022,2022-11-04,8,2022.0,11.0,Sexta,1.0
442950.0,2022-04-08,3.0,23:00:00,RJ,101,322,NITEROI,MANOBRA DE MUDANÇA DE FAIXA,COLISÃO TRASEIRA,SEM VÍTIMAS,PLENA NOITE,Decrescente,CÉU CLARO,DUPLA,Reta,Sim,6,0,0,0,5,1,0,3,-22.878923,-43.110676,SPRF-RJ,DEL02-RJ,UOP01-DEL02-RJ,2022,2022-08-04,23,2022.0,8.0,Quinta,0.0
443281.0,2022-04-12,6.0,18:20:00,RJ,493,2,ITABORAI,ENTRADA INOPINADA DO PEDESTRE,ATROPELAMENTO DE PEDESTRE,COM VÍTIMAS FATAIS,PLENA NOITE,Decrescente,CÉU CLARO,DUPLA,Reta,Sim,2,1,0,0,0,1,0,2,-22.75950214,-42.93544822,SPRF-RJ,DEL02-RJ,UOP02-DEL02-RJ,2022,2022-12-04,18,2022.0,12.0,Domingo,2.0
443658.0,2022-04-13,,05:10:00,RJ,101,322,NITEROI,PEDESTRE CRUZAVA A PISTA FORA DA FAIXA,ATROPELAMENTO DE PEDESTRE,COM VÍTIMAS FERIDAS,AMANHECER,Crescente,CÉU CLARO,DUPLA,Curva,Sim,2,0,0,1,1,0,1,2,-22.87815218,-43.110888,SPRF-RJ,DEL02-RJ,UOP01-DEL02-RJ,2022,,5,,,,1.0
443775.0,2022-04-14,,20:00:00,RJ,101,295,ITABORAI,TRAFEGAR COM MOTOCICLETA (OU SIMILAR) ENTRE AS FAIXAS,COLISÃO LATERAL MESMO SENTIDO,COM VÍTIMAS FERIDAS,PLENA NOITE,Decrescente,CHUVA,DUPLA,Reta,Sim,2,0,0,1,1,0,1,2,-22.76365068,-42.90223623,SPRF-RJ,DEL02-RJ,UOP02-DEL02-RJ,2022,,20,,,,1.0
443954.0,2022-04-15,,13:46:00,RJ,101,316,SAO GONCALO,ACESSAR A VIA SEM OBSERVAR A PRESENÇA DOS OUTROS VEÍCULOS,COLISÃO TRANSVERSAL,COM VÍTIMAS FERIDAS,PLENO DIA,Crescente,NUBLADO,DUPLA,Reta,Sim,2,0,1,0,1,0,1,2,-22.82835879,-43.09208739,SPRF-RJ,DEL02-RJ,UOP02-DEL02-RJ,2022,,13,,,,1.0
444384.0,2022-04-17,,18:40:00,RJ,101,321,NITEROI,VELOCIDADE INCOMPATÍVEL,TOMBAMENTO,COM VÍTIMAS FERIDAS,ANOITECER,Decrescente,IGNORADO,DUPLA,Curva,Sim,2,0,0,2,0,0,2,1,-22.86981096,-43.11046465,SPRF-RJ,DEL02-RJ,UOP01-DEL02-RJ,2022,,18,,,,1.0
444426.0,2022-04-17,,21:00:00,RJ,101,312,SAO GONCALO,PEDESTRE CRUZAVA A PISTA FORA DA FAIXA,ATROPELAMENTO DE PEDESTRE,COM VÍTIMAS FERIDAS,PLENA NOITE,Crescente,CÉU CLARO,DUPLA,Reta,Sim,3,0,1,0,1,1,1,2,-22.80546555,-43.06156967,SPRF-RJ,DEL02-RJ,UOP02-DEL02-RJ,2022,,21,,,,1.0
444428.0,2022-04-17,,22:30:00,RJ,101,308,SAO GONCALO,CONDUTOR DEIXOU DE MANTER DISTÂNCIA DO VEÍCULO DA FRENTE,COLISÃO TRASEIRA,COM VÍTIMAS FERIDAS,PLENA NOITE,Crescente,CÉU CLARO,DUPLA,Reta,Sim,2,0,0,1,1,0,1,2,-22.79309326,-43.02479595,SPRF-RJ,DEL02-RJ,UOP02-DEL02-RJ,2022,,22,,,,1.0
444568.0,2022-04-18,,14:30:00,RJ,101,326,NITEROI,AUSÊNCIA DE REAÇÃO DO CONDUTOR,COLISÃO TRASEIRA,COM VÍTIMAS FERIDAS,PLENO DIA,Crescente,CÉU CLARO,DUPLA,Ponte,Sim,4,0,0,1,3,0,1,2,-22.87206203,-43.146105,SPRF-RJ,DEL02-RJ,UOP01-DEL02-RJ,2022,,14,,,,1.0
444580.0,2022-04-18,,11:00:00,RJ,101,328,NITEROI,AUSÊNCIA DE REAÇÃO DO CONDUTOR,TOMBAMENTO,COM VÍTIMAS FERIDAS,PLENO DIA,Decrescente,CÉU CLARO,DUPLA,Reta,Não,1,0,1,0,0,0,1,1,-22.87028692,-43.16579699,SPRF-RJ,DEL02-RJ,UOP01-DEL02-RJ,2022,,11,,,,1.0
444616.0,2022-04-18,,19:15:00,RJ,101,311,SAO GONCALO,AUSÊNCIA DE REAÇÃO DO CONDUTOR,ENGAVETAMENTO,SEM VÍTIMAS,PLENA NOITE,Crescente,NUBLADO,DUPLA,Reta,Sim,6,0,0,0,6,0,0,6,-22.80062246,-43.05318779,SPRF-RJ,DEL02-RJ,UOP02-DEL02-RJ,2022,,19,,,,0.0
444629.0,2022-04-18,,19:00:00,RJ,101,311,SAO GONCALO,DEMAIS FALHAS MECÂNICAS OU ELÉTRICAS,INCÊNDIO,SEM VÍTIMAS,PLENA NOITE,Decrescente,CÉU CLARO,DUPLA,Reta,Sim,4,0,0,0,4,0,0,1,-22.80062246,-43.05318779,SPRF-RJ,DEL02-RJ,UOP02-DEL02-RJ,2022,,19,,,,0.0
444647.0,2022-04-18,,20:40:00,RJ,101,324,NITEROI,AUSÊNCIA DE REAÇÃO DO CONDUTOR,COLISÃO TRASEIRA,COM VÍTIMAS FERIDAS,PLENA NOITE,Decrescente,CÉU CLARO,MÚLTIPLA,Reta,Não,2,0,1,0,1,0,1,2,-22.87381074,-43.12640997,SPRF-RJ,DEL02-RJ,UOP01-DEL02-RJ,2022,,20,,,,1.0
444797.0,2022-04-19,,16:30:00,RJ,101,326,NITEROI,CONDUTOR DEIXOU DE MANTER DISTÂNCIA DO VEÍCULO DA FRENTE,COLISÃO TRASEIRA,SEM VÍTIMAS,ANOITECER,Decrescente,CÉU CLARO,DUPLA,Reta,Sim,2,0,0,0,2,0,0,2,-22.87206203,-43.146105,SPRF-RJ,DEL02-RJ,UOP01-DEL02-RJ,2022,,16,,,,0.0