id,data_inversa,dia_semana,horario,uf,br,km,municipio,causa_acidente,tipo_acidente,classificacao_acidente,fase_dia,sentido_via,condicao_metereologica,tipo_pista,tracado_via,uso_solo,pessoas,mortos,feridos_leves,feridos_graves,ilesos,ignorados,feridos,veiculos,latitude,longitude,regional,delegacia,uop,ano_arquivo,data,hora,ano,mes,dia_semana_nome,gravidade
444996.0,2022-04-20,,16:30:00,RJ,101,325,NITEROI,MAL SÚBITO DO CONDUTOR,COLISÃO TRASEIRA,COM VÍTIMAS FERIDAS,ANOITECER,Decrescente,CÉU CLARO,MÚLTIPLA,Reta,Sim,2,0,1,0,1,0,1,2,-22.87292569,-43.13625699,SPRF-RJ,DEL02-RJ,UOP01-DEL02-RJ,2022,,16,,,,1.0
445181.0,2022-04-21,,10:30:00,RJ,101,303,SAO GONCALO,AUSÊNCIA DE REAÇÃO DO CONDUTOR,ENGAVETAMENTO,COM VÍTIMAS FERIDAS,PLENO DIA,Decrescente,NUBLADO,DUPLA,Reta,Não,6,0,1,0,5,0,1,3,-22.7828205,-42.9766681,SPRF-RJ,DEL02-RJ,UOP02-DEL02-RJ,2022,,10,,,,1.0
445540.0,2022-04-23,,10:40:00,RJ,101,328,NITEROI,CONDUTOR DEIXOU DE MANTER DISTÂNCIA DO VEÍCULO DA FRENTE,COLISÃO TRASEIRA,COM VÍTIMAS FERIDAS,PLENO DIA,Decrescente,CÉU CLARO,DUPLA,Reta,Sim,3,0,1,0,1,1,1,3,-22.87028692,-43.16579699,SPRF-RJ,DEL02-RJ,UOP01-DEL02-RJ,2022,,10,,,,1.0
445785.0,2022-04-24,,14:30:00,RJ,101,303,SAO GONCALO,DEMAIS FALHAS MECÂNICAS OU ELÉTRICAS,COLISÃO COM OBJETO,COM VÍTIMAS FERIDAS,PLENO DIA,Decrescente,SOL,DUPLA,Reta,Sim,2,0,1,1,0,0,2,1,-22.7828205,-42.9766681,SPRF-RJ,DEL02-RJ,UOP02-DEL02-RJ,2022,,14,,,,1.0
445987.0,2022-04-25,,10:00:00,RJ,101,282,ITABORAI,ACUMULO DE AREIA OU DETRITOS SOBRE O PAVIMENTO,CAPOTAMENTO,COM VÍTIMAS FERIDAS,PLENO DIA,Crescente,SOL,SIMPLES,Retorno Regulamentado,Não,3,0,2,0,1,0,2,1,-22.73591014,-42.80592689,SPRF-RJ,DEL02-RJ,UOP03-DEL02-RJ,2022,,10,,,,1.0
446030.0,2022-04-25,,17:10:00,RJ,101,296,ITABORAI,REAÇÃO TARDIA OU INEFICIENTE DO CONDUTOR,COLISÃO COM OBJETO,COM VÍTIMAS FERIDAS,PLENO DIA,Decrescente,CÉU CLARO,DUPLA,Reta,Sim,1,0,1,0,0,0,1,1,-22.7670498,-42.91019601,SPRF-RJ,DEL02-RJ,UOP02-DEL02-RJ,2022,,17,,,,1.0
446063.0,2022-04-25,,19:00:00,RJ,493,"1,5",ITABORAI,AUSÊNCIA DE SINALIZAÇÃO,CAPOTAMENTO,COM VÍTIMAS FERIDAS,PLENA NOITE,Crescente,CÉU CLARO,DUPLA,Reta,Sim,1,0,1,0,0,0,1,1,-22.76398788,-42.92731895,SPRF-RJ,DEL02-RJ,UOP02-DEL02-RJ,2022,,19,,,,1.0
446166.0,2022-04-26,,08:05:00,RJ,101,319,SAO GONCALO,AUSÊNCIA DE REAÇÃO DO CONDUTOR,COLISÃO LATERAL MESMO SENTIDO,COM VÍTIMAS FERIDAS,PLENO DIA,Crescente,CÉU CLARO,DUPLA,Reta,Sim,3,0,2,0,1,0,2,2,-22.85411774,-43.1018014,SPRF-RJ,DEL02-RJ,UOP02-DEL02-RJ,2022,,8,,,,1.0
446172.0,2022-04-26,,12:40:00,RJ,493,"2,5",ITABORAI,AUSÊNCIA DE REAÇÃO DO CONDUTOR,ATROPELAMENTO DE PEDESTRE,COM VÍTIMAS FERIDAS,PLENO DIA,Crescente,CÉU CLARO,DUPLA,Reta,Sim,3,0,0,1,1,1,1,2,-22.75950214,-42.93544822,SPRF-RJ,DEL02-RJ,UOP02-DEL02-RJ,2022,,12,,,,1.0
446317.0,2022-04-27,,09:20:00,RJ,101,309,SAO GONCALO,AUSÊNCIA DE REAÇÃO DO CONDUTOR,COLISÃO TRASEIRA,COM VÍTIMAS FERIDAS,PLENO DIA,Crescente,CÉU CLARO,DUPLA,Reta,Sim,2,0,1,0,1,0,1,2,-22.79498873,-43.03446105,SPRF-RJ,DEL02-RJ,UOP02-DEL02-RJ,2022,,9,,,,1.0
446333.0,2022-04-27,,13:30:00,RJ,101,321,NITEROI,AUSÊNCIA DE REAÇÃO DO CONDUTOR,COLISÃO TRASEIRA,COM VÍTIMAS FERIDAS,PLENO DIA,Crescente,CÉU CLARO,SIMPLES,Reta,Sim,2,0,1,0,1,0,1,2,-22.86981096,-43.11046465,SPRF-RJ,DEL02-RJ,UOP01-DEL02-RJ,2022,,13,,,,1.0
446919.0,2022-04-30,,15:00:00,RJ,101,271,RIO BONITO,ACUMULO DE ÁGUA SOBRE O PAVIMENTO,COLISÃO COM OBJETO,COM VÍTIMAS FERIDAS,PLENO DIA,Crescente,CHUVA,DUPLA,Reta,Sim,1,0,1,0,0,0,1,1,-22.72443147,-42.69368143,SPRF-RJ,DEL02-RJ,UOP03-DEL02-RJ,2022,,15,,,,1.0
446974.0,2022-04-30,,20:45:00,RJ,101,270,RIO BONITO,CONDUTOR DORMINDO,COLISÃO COM OBJETO,COM VÍTIMAS FERIDAS,PLENA NOITE,Decrescente,GAROA/CHUVISCO,DUPLA,Reta,Sim,1,0,1,0,0,0,1,1,-22.720381,-42.690736,SPRF-RJ,DEL02-RJ,UOP03-DEL02-RJ,2022,,20,,,,1.0
447033.0,2022-04-30,,19:05:00,RJ,493,"1,7",ITABORAI,PEDESTRE ANDAVA NA PISTA,ATROPELAMENTO DE PEDESTRE,COM VÍTIMAS FERIDAS,PLENA NOITE,Crescente,CHUVA,SIMPLES,Reta,Sim,4,0,1,0,2,1,1,3,-22.76398788,-42.92731895,SPRF-RJ,DEL02-RJ,UOP02-DEL02-RJ,2022,,19,,,,1.0
447300.0,2022-05-02,5.0,06:42:00,RJ,101,296,ITABORAI,AUSÊNCIA DE REAÇÃO DO CONDUTOR,CAPOTAMENTO,SEM VÍTIMAS,PLENO DIA,Decrescente,CÉU CLARO,DUPLA,Curva,Sim,1,0,0,0,1,0,0,1,-22.7670498,-42.91019601,SPRF-RJ,DEL02-RJ,UOP02-DEL02-RJ,2022,2022-02-05,6,2022.0,2.0,Sábado,0.0
447451.0,2022-05-02,5.0,17:20:00,RJ,101,306,SAO GONCALO,PEDESTRE CRUZAVA A PISTA FORA DA FAIXA,ATROPELAMENTO DE PEDESTRE,COM VÍTIMAS FATAIS,PLENA NOITE,Decrescente,CÉU CLARO,DUPLA,Reta,Sim,2,1,0,0,1,0,0,2,-22.78913759,-43.00550909,SPRF-RJ,DEL02-RJ,UOP02-DEL02-RJ,2022,2022-02-05,17,2022.0,2.0,Sábado,2.0
447452.0,2022-05-02,5.0,06:30:00,RJ,101,297,ITABORAI,MANOBRA DE MUDANÇA DE FAIXA,COLISÃO TRANSVERSAL,COM VÍTIMAS FERIDAS,PLENO DIA,Crescente,CÉU CLARO,SIMPLES,Curva,Sim,2,0,1,0,1,0,1,2,-22.76942037,-42.91873581,SPRF-RJ,DEL02-RJ,UOP02-DEL02-RJ,2022,2022-02-05,6,2022.0,2.0,Sábado,1.0
447460.0,2022-05-02,5.0,22:23:00,RJ,101,321,NITEROI,VELOCIDADE INCOMPATÍVEL,COLISÃO LATERAL MESMO SENTIDO,COM VÍTIMAS FERIDAS,PLENA NOITE,Decrescente,CÉU CLARO,DUPLA,Curva,Sim,2,0,1,0,0,1,1,2,-22.86981096,-43.11046465,SPRF-RJ,DEL02-RJ,UOP01-DEL02-RJ,2022,2022-02-05,22,2022.0,2.0,Sábado,1.0
447461.0,2022-05-02,5.0,22:28:00,RJ,101,312,SAO GONCALO,AUSÊNCIA DE REAÇÃO DO CONDUTOR,COLISÃO TRASEIRA,COM VÍTIMAS FERIDAS,PLENA NOITE,Decrescente,CÉU CLARO,DUPLA,Reta,Sim,5,0,0,2,3,0,2,2,-22.80546555,-43.06156967,SPRF-RJ,DEL02-RJ,UOP02-DEL02-RJ,2022,2022-02-05,22,2022.0,2.0,Sábado,1.0
447502.0,2022-05-03,5.0,06:45:00,RJ,101,315,SAO GONCALO,REAÇÃO TARDIA OU INEFICIENTE DO CONDUTOR,COLISÃO COM OBJETO,COM VÍTIMAS FERIDAS,PLENO DIA,Crescente,CÉU CLARO,DUPLA,Reta,Sim,3,0,1,0,2,0,1,1,-22.82262092,-43.08460805,SPRF-RJ,DEL02-RJ,UOP02-DEL02-RJ,2022,2022-03-05,6,2022.0,3.0,Sábado,1.0
447573.0,2022-05-03,5.0,10:00:00,RJ,101,308,SAO GONCALO,CONDUTOR DEIXOU DE MANTER DISTÂNCIA DO VEÍCULO DA FRENTE,COLISÃO TRASEIRA,COM VÍTIMAS FERIDAS,PLENO DIA,Crescente,SOL,DUPLA,Reta,Sim,3,0,1,0,2,0,1,2,-22.79309326,-43.02479595,SPRF-RJ,DEL02-RJ,UOP02-DEL02-RJ,2022,2022-03-05,10,2022.0,3.0,Sábado,1.0
447938.0,2022-05-05,3.0,18:00:00,RJ,101,313,SAO GONCALO,MANOBRA DE MUDANÇA DE FAIXA,COLISÃO LATERAL MESMO SENTIDO,COM VÍTIMAS FERIDAS,PLENA NOITE,Decrescente,CÉU CLARO,DUPLA,Reta,Não,2,0,1,0,1,0,1,2,-22.81049093,-43.06983304,SPRF-RJ,DEL02-RJ,UOP02-DEL02-RJ,2022,2022-05-05,18,2022.0,5.0,Quinta,1.0
448454.0,2022-05-08,4.0,04:10:00,RJ,101,262,RIO BONITO,AUSÊNCIA DE REAÇÃO DO CONDUTOR,QUEDA DE OCUPANTE DE VEÍCULO,COM VÍTIMAS FERIDAS,PLENA NOITE,Decrescente,NUBLADO,DUPLA,Curva,Sim,2,0,1,1,0,0,2,1,-22.71367506,-42.62052996,SPRF-RJ,DEL02-RJ,UOP03-DEL02-RJ,2022,2022-08-05,4,2022.0,8.0,Sexta,1.0
448463.0,2022-05-08,4.0,06:30:00,RJ,101,293,ITABORAI,INGESTÃO DE ÁLCOOL PELO CONDUTOR,COLISÃO TRASEIRA,COM VÍTIMAS FERIDAS,PLENO DIA,Crescente,NUBLADO,DUPLA,Curva,Sim,4,0,1,0,3,0,1,2,-22.756203,-42.88724,SPRF-RJ,DEL02-RJ,UOP02-DEL02-RJ,2022,2022-08-05,6,2022.0,8.0,Sexta,1.0
448724.0,2022-05-09,0.0,10:20:00,RJ,101,297,ITABORAI,OBJETO ESTÁTICO SOBRE O LEITO CARROÇÁVEL,COLISÃO COM OBJETO,COM VÍTIMAS FERIDAS,PLENO DIA,Decrescente,CÉU CLARO,SIMPLES,Reta,Sim,2,0,0,2,0,0,2,1,-22.76942037,-42.91873581,SPRF-RJ,DEL02-RJ,UOP02-DEL02-RJ,2022,2022-09-05,10,2022.0,9.0,Segunda,1.0
448781.0,2022-05-09,0.0,16:10:00,RJ,101,269,RIO BONITO,ACESSO IRREGULAR,TOMBAMENTO,COM VÍTIMAS FERIDAS,PLENO DIA,Decrescente,CÉU CLARO,DUPLA,Reta,Sim,1,0,1,0,0,0,1,1,-22.71495082,-42.67804708,SPRF-RJ,DEL02-RJ,UOP03-DEL02-RJ,2022,2022-09-05,16,2022.0,9.0,Segunda,1.0
448834.0,2022-05-09,0.0,15:10:00,RJ,493,2,ITABORAI,CONVERSÃO PROIBIDA,COLISÃO TRANSVERSAL,COM VÍTIMAS FERIDAS,PLENO DIA,Decrescente,CÉU CLARO,SIMPLES,Curva,Sim,2,0,1,0,1,0,1,2,-22.75950214,-42.93544822,SPRF-RJ,DEL02-RJ,UOP02-DEL02-RJ,2022,2022-09-05,15,2022.0,9.0,Segunda,1.0
448836.0,2022-05-09,0.0,22:00:00,RJ,101,305,SAO GONCALO,ANIMAIS NA PISTA,ATROPELAMENTO DE ANIMAL,COM VÍTIMAS FERIDAS,PLENA NOITE,Crescente,CÉU CLARO,DUPLA,Reta,Sim,1,0,1,0,0,0,1,1,-22.78702832,-42.99589293,SPRF-RJ,DEL02-RJ,UOP02-DEL02-RJ,2022,2022-09-05,22,2022.0,9.0,Segunda,1.0
448936.0,2022-05-10,2.0,07:00:00,RJ,101,312,SAO GONCALO,ENTRADA INOPINADA DO PEDESTRE,ATROPELAMENTO DE PEDESTRE,COM VÍTIMAS FERIDAS,PLENO DIA,Decrescente,CÉU CLARO,SIMPLES,Reta,Sim,2,0,1,0,1,0,1,2,-22.80546555,-43.06156967,SPRF-RJ,DEL02-RJ,UOP02-DEL02-RJ,2022,2022-10-05,7,2022.0,10.0,Quarta,1.0
448994.0,2022-05-10,2.0,15:45:00,RJ,101,302,SAO GONCALO,MAL SÚBITO DO CONDUTOR,CAPOTAMENTO,COM VÍTIMAS FERIDAS,PLENO DIA,Decrescente,NUBLADO,DUPLA,Viaduto,Sim,1,0,1,0,0,0,1,1,-22.78069318,-42.96706396,SPRF-RJ,DEL02-RJ,UOP02-DEL02-RJ,2022,2022-10-05,15,2022.0,10.0,Quarta,1.0
449031.0,2022-05-10,2.0,22:30:00,RJ,101,285,ITABORAI,PEDESTRE ANDAVA NA PISTA,ATROPELAMENTO DE PEDESTRE,COM VÍTIMAS FATAIS,PLENA NOITE,Decrescente,CÉU CLARO,DUPLA,Reta,Sim,2,1,0,0,0,1,0,2,-22.7498742,-42.81644087,SPRF-RJ,DEL02-RJ,UOP02-DEL02-RJ,2022,2022-10-05,22,2022.0,10.0,Quarta,2.0
449136.0,2022-02-13,,18:10:00,RJ,101,319,NITEROI,AUSÊNCIA DE REAÇÃO DO CONDUTOR,COLISÃO COM OBJETO,COM VÍTIMAS FERIDAS,PLENO DIA,Crescente,CÉU CLARO,DUPLA,Reta,Não,1,0,1,0,0,0,1,1,-22.85411774,-43.1018014,SPRF-RJ,DEL02-RJ,UOP02-DEL02-RJ,2022,,18,,,,1.0
449138.0,2022-02-13,,21:45:00,RJ,101,322,NITEROI,REAÇÃO TARDIA OU INEFICIENTE DO CONDUTOR,COLISÃO COM OBJETO,SEM VÍTIMAS,PLENA NOITE,Decrescente,CÉU CLARO,SIMPLES,Curva,Sim,2,0,0,0,2,0,0,2,-22.878923,-43.110676,SPRF-RJ,DEL02-RJ,UOP01-DEL02-RJ,2022,,21,,,,0.0
449170.0,2022-02-17,,07:00:00,RJ,101,294,ITABORAI,REAÇÃO TARDIA OU INEFICIENTE DO CONDUTOR,COLISÃO TRASEIRA,COM VÍTIMAS FERIDAS,PLENO DIA,Crescente,CÉU CLARO,DUPLA,Reta,Sim,3,0,2,0,1,0,2,2,-22.76334077,-42.90231943,SPRF-RJ,DEL02-RJ,UOP02-DEL02-RJ,2022,,7,,,,1.0
449189.0,2022-02-18,,22:10:00,RJ,101,293,ITABORAI,AUSÊNCIA DE REAÇÃO DO CONDUTOR,SAÍDA DE LEITO CARROÇÁVEL,COM VÍTIMAS FERIDAS,PLENA NOITE,Decrescente,GAROA/CHUVISCO,SIMPLES,Viaduto,Sim,2,0,2,0,0,0,2,1,-22.756203,-42.88724,SPRF-RJ,DEL02-RJ,UOP02-DEL02-RJ,2022,,22,,,,1.0
449192.0,2022-02-19,,15:30:00,RJ,101,232,NITEROI,DEMAIS FALHAS MECÂNICAS OU ELÉTRICAS,COLISÃO FRONTAL,COM VÍTIMAS FERIDAS,PLENO DIA,Decrescente,NUBLADO,MÚLTIPLA,Reta,Não,2,0,1,1,0,0,2,1,-22.87554255,-43.12030792,SPRF-RJ,DEL02-RJ,UOP03-DEL02-RJ,2022,,15,,,,1.0
449206.0,2022-05-11,5.0,06:20:00,RJ,101,311,SAO GONCALO,ANIMAIS NA PISTA,ATROPELAMENTO DE ANIMAL,COM VÍTIMAS FERIDAS,PLENO DIA,Crescente,CÉU CLARO,DUPLA,Reta,Sim,2,0,1,0,0,1,1,2,-22.80062246,-43.05318779,SPRF-RJ,DEL02-RJ,UOP02-DEL02-RJ,2022,2022-11-05,6,2022.0,11.0,Sábado,1.0
449421.0,2022-05-12,0.0,06:45:00,RJ,101,321,NITEROI,AUSÊNCIA DE REAÇÃO DO CONDUTOR,TOMBAMENTO,COM VÍTIMAS FERIDAS,PLENO DIA,Crescente,CHUVA,DUPLA,Reta,Não,1,0,1,0,0,0,1,1,-22.86981096,-43.11046465,SPRF-RJ,DEL02-RJ,UOP01-DEL02-RJ,2022,2022-12-05,6,2022.0,12.0,Segunda,1.0
449661.0,2022-05-13,,17:15:00,RJ,101,313,SAO GONCALO,MANOBRA DE MUDANÇA DE FAIXA,COLISÃO LATERAL MESMO SENTIDO,COM VÍTIMAS FERIDAS,ANOITECER,Decrescente,NUBLADO,DUPLA,Reta,Sim,2,0,1,0,1,0,1,2,-22.81049093,-43.06983304,SPRF-RJ,DEL02-RJ,UOP02-DEL02-RJ,2022,,17,,,,1.0
449673.0,2022-05-13,,16:30:00,RJ,101,305,SAO GONCALO,REAÇÃO TARDIA OU INEFICIENTE DO CONDUTOR,COLISÃO TRASEIRA,COM VÍTIMAS FERIDAS,PLENO DIA,Crescente,NUBLADO,DUPLA,Reta,Não,2,0,0,1,0,1,1,2,-22.78702832,-42.99589293,SPRF-RJ,DEL02-RJ,UOP02-DEL02-RJ,2022,,16,,,,1.0
449900.0,2022-05-14,,16:45:00,RJ,101,297,ITABORAI,CONVERSÃO PROIBIDA,COLISÃO TRANSVERSAL,COM VÍTIMAS FERIDAS,PLENO DIA,Crescente,CÉU CLARO,MÚLTIPLA,Curva,Sim,3,0,1,0,2,0,1,2,-22.76942037,-42.91873581,SPRF-RJ,DEL02-RJ,UOP02-DEL02-RJ,2022,,16,,,,1.0
449956.0,2022-05-15,,05:30:00,RJ,101,320,NITEROI,INGESTÃO DE ÁLCOOL PELO CONDUTOR,COLISÃO LATERAL MESMO SENTIDO,COM VÍTIMAS FERIDAS,PLENA NOITE,Decrescente,CÉU CLARO,DUPLA,Curva,Sim,1,0,0,1,0,0,1,1,-22.86171098,-43.10714015,SPRF-RJ,DEL02-RJ,UOP01-DEL02-RJ,2022,,5,,,,1.0
450108.0,2022-05-15,,20:30:00,RJ,101,281,ITABORAI,AUSÊNCIA DE REAÇÃO DO CONDUTOR,COLISÃO TRASEIRA,COM VÍTIMAS FERIDAS,PLENA NOITE,Decrescente,NUBLADO,DUPLA,Reta,Não,3,0,1,0,1,1,1,2,-22.73786208,-42.78692501,SPRF-RJ,DEL02-RJ,UOP03-DEL02-RJ,2022,,20,,,,1.0
450216.0,2022-05-16,,09:00:00,RJ,101,"318,6",SAO GONCALO,CONDUTOR DEIXOU DE MANTER DISTÂNCIA DO VEÍCULO DA FRENTE,COLISÃO TRASEIRA,COM VÍTIMAS FERIDAS,PLENO DIA,Crescente,GAROA/CHUVISCO,DUPLA,Reta,Sim,2,0,1,0,1,0,1,2,-22.84562994,-43.09841211,SPRF-RJ,DEL02-RJ,UOP02-DEL02-RJ,2022,,9,,,,1.0
450224.0,2022-05-16,,09:20:00,RJ,101,318,SAO GONCALO,TRAFEGAR COM MOTOCICLETA (OU SIMILAR) ENTRE AS FAIXAS,COLISÃO LATERAL MESMO SENTIDO,COM VÍTIMAS FERIDAS,PLENO DIA,Crescente,NUBLADO,DUPLA,Reta,Sim,1,0,1,0,0,0,1,1,-22.83707798,-43.09492006,SPRF-RJ,DEL02-RJ,UOP02-DEL02-RJ,2022,,9,,,,1.0
450291.0,2022-05-16,,17:15:00,RJ,101,324,NITEROI,TRAFEGAR COM MOTOCICLETA (OU SIMILAR) ENTRE AS FAIXAS,COLISÃO LATERAL MESMO SENTIDO,COM VÍTIMAS FERIDAS,PLENA NOITE,Decrescente,GAROA/CHUVISCO,MÚLTIPLA,Reta,Não,3,0,1,0,2,0,1,3,-22.87381074,-43.12640997,SPRF-RJ,DEL02-RJ,UOP01-DEL02-RJ,2022,,17,,,,1.0
450480.0,2022-05-17,,19:40:00,RJ,101,322,NITEROI,CONDUTOR DEIXOU DE MANTER DISTÂNCIA DO VEÍCULO DA FRENTE,COLISÃO TRASEIRA,COM VÍTIMAS FERIDAS,PLENA NOITE,Decrescente,NUBLADO,SIMPLES,Reta,Sim,3,0,2,0,1,0,2,2,-22.878923,-43.110676,SPRF-RJ,DEL02-RJ,UOP01-DEL02-RJ,2022,,19,,,,1.0
450544.0,2022-05-18,,11:45:00,RJ,101,322,NITEROI,DEMAIS FALHAS MECÂNICAS OU ELÉTRICAS,COLISÃO TRASEIRA,COM VÍTIMAS FERIDAS,PLENO DIA,Crescente,SOL,DUPLA,Ponte,Não,2,0,0,1,1,0,1,2,-22.878923,-43.110676,SPRF-RJ,DEL02-RJ,UOP01-DEL02-RJ,2022,,11,,,,1.0
450902.0,2022-05-20,,01:30:00,RJ,101,321,NITEROI,ANIMAIS NA PISTA,ATROPELAMENTO DE ANIMAL,SEM VÍTIMAS,PLENA NOITE,Crescente,GAROA/CHUVISCO,DUPLA,Reta,Não,1,0,0,0,1,0,0,1,-22.86981096,-43.11046465,SPRF-RJ,DEL02-RJ,UOP01-DEL02-RJ,2022,,1,,,,0.0
451118.0,2022-05-21,,11:25:00,RJ,101,"271,3",RIO BONITO,AUSÊNCIA DE REAÇÃO DO CONDUTOR,ATROPELAMENTO DE PEDESTRE,COM VÍTIMAS FERIDAS,PLENO DIA,Crescente,CÉU CLARO,DUPLA,Reta,Não,2,0,1,0,0,1,1,2,-22.726914,-42.695555,SPRF-RJ,DEL02-RJ,UOP03-DEL02-RJ,2022,,11,,,,1.0
451525.0,2022-05-23,,10:00:00,RJ,101,318,SAO GONCALO,CONDUTOR DEIXOU DE MANTER DISTÂNCIA DO VEÍCULO DA FRENTE,COLISÃO TRASEIRA,SEM VÍTIMAS,PLENO DIA,Decrescente,SOL,DUPLA,Reta,Sim,2,0,0,0,2,0,0,2,-22.84562994,-43.09841211,SPRF-RJ,DEL02-RJ,UOP02-DEL02-RJ,2022,,10,,,,0.0
451600.0,2022-05-23,,17:45:00,RJ,493,3,ITABORAI,PEDESTRE CRUZAVA A PISTA FORA DA FAIXA,ATROPELAMENTO DE PEDESTRE,COM VÍTIMAS FERIDAS,PLENA NOITE,Crescente,NUBLADO,DUPLA,Reta,Sim,2,0,0,1,1,0,1,2,-22.7525329,-42.94160092,SPRF-RJ,DEL02-RJ,UOP02-DEL02-RJ,2022,,17,,,,1.0
451873.0,2022-05-25,,09:00:00,RJ,101,322,NITEROI,CONDUTOR DEIXOU DE MANTER DISTÂNCIA DO VEÍCULO DA FRENTE,COLISÃO LATERAL MESMO SENTIDO,COM VÍTIMAS FERIDAS,PLENO DIA,Decrescente,CÉU CLARO,DUPLA,Reta,Sim,3,0,2,0,1,0,2,2,-22.878923,-43.110676,SPRF-RJ,DEL02-RJ,UOP01-DEL02-RJ,2022,,9,,,,1.0
451899.0,2022-05-25,,11:35:00,RJ,101,322,NITEROI,CONDUTOR DEIXOU DE MANTER DISTÂNCIA DO VEÍCULO DA FRENTE,COLISÃO TRANSVERSAL,COM VÍTIMAS FERIDAS,PLENO DIA,Crescente,CÉU CLARO,SIMPLES,Reta,Não,2,0,1,0,0,1,1,2,-22.878923,-43.110676,SPRF-RJ,DEL02-RJ,UOP01-DEL02-RJ,2022,,11,,,,1.0
452077.0,2022-05-26,,07:00:00,RJ,101,0,NITEROI,CONDUTOR DEIXOU DE MANTER DISTÂNCIA DO VEÍCULO DA FRENTE,COLISÃO TRASEIRA,COM VÍTIMAS FERIDAS,PLENO DIA,Crescente,CÉU CLARO,SIMPLES,Reta;Viaduto,Sim,2,0,1,0,1,0,1,2,-22.88015428,-43.11161952,SPRF-RJ,DEL02-RJ,UOP01-DEL02-RJ,2022,,7,,,,1.0
452196.0,2022-03-15,,09:35:00,RJ,101,322,NITEROI,REAÇÃO TARDIA OU INEFICIENTE DO CONDUTOR,COLISÃO COM OBJETO,COM VÍTIMAS FERIDAS,PLENO DIA,Decrescente,CÉU CLARO,DUPLA,Curva,Sim,1,0,1,0,0,0,1,1,-22.87932599,-43.11207086,SPRF-RJ,DEL02-RJ,UOP01-DEL02-RJ,2022,,9,,,,1.0
452297.0,2022-05-27,,12:00:00,RJ,101,319,SAO GONCALO,DEMAIS FALHAS MECÂNICAS OU ELÉTRICAS,INCÊNDIO,SEM VÍTIMAS,PLENO DIA,Crescente,CÉU CLARO,SIMPLES,Curva,Sim,1,0,0,0,1,0,0,1,-22.85411774,-43.1018014,SPRF-RJ,DEL02-RJ,UOP02-DEL02-RJ,2022,,12,,,,0.0
453038.0,2022-05-30,,19:45:00,RJ,101,303,SAO GONCALO,PEDESTRE CRUZAVA A PISTA FORA DA FAIXA,ATROPELAMENTO DE PEDESTRE,COM VÍTIMAS FATAIS,PLENA NOITE,Decrescente,CÉU CLARO,DUPLA,Reta,Sim,2,1,0,0,1,0,0,2,-22.7828205,-42.9766681,SPRF-RJ,DEL02-RJ,UOP02-DEL02-RJ,2022,,19,,,,2.0
453372.0,2022-06-01,3.0,22:15:00,RJ,101,308,SAO GONCALO,OBJETO ESTÁTICO SOBRE O LEITO CARROÇÁVEL,COLISÃO COM OBJETO,SEM VÍTIMAS,PLENA NOITE,Crescente,CÉU CLARO,SIMPLES,Reta,Sim,3,0,0,0,1,2,0,2,-22.79309326,-43.02479595,SPRF-RJ,DEL02-RJ,UOP02-DEL02-RJ,2022,2022-01-06,22,2022.0,1.0,Quinta,0.0
453467.0,2022-06-02,6.0,12:45:00,RJ,101,322,NITEROI,REAÇÃO TARDIA OU INEFICIENTE DO CONDUTOR,COLISÃO LATERAL MESMO SENTIDO,COM VÍTIMAS FERIDAS,PLENO DIA,Crescente,NUBLADO,MÚLTIPLA,Reta,Não,2,0,1,0,0,1,1,2,-22.8787848,-43.11460018,SPRF-RJ,DEL02-RJ,UOP01-DEL02-RJ,2022,2022-02-06,12,2022.0,2.0,Domingo,1.0
453629.0,2022-06-03,6.0,11:30:00,RJ,101,299,ITABORAI,CHUVA,COLISÃO TRASEIRA,SEM VÍTIMAS,PLENO DIA,Crescente,CHUVA,DUPLA,Reta,Sim,2,0,0,0,2,0,0,2,-22.77432673,-42.93823207,SPRF-RJ,DEL02-RJ,UOP02-DEL02-RJ,2022,2022-03-06,11,2022.0,3.0,Domingo,0.0
453789.0,2022-06-04,2.0,02:30:00,RJ,101,299,ITABORAI,ACUMULO DE ÁGUA SOBRE O PAVIMENTO,COLISÃO COM OBJETO,COM VÍTIMAS FERIDAS,PLENA NOITE,Decrescente,CHUVA,DUPLA,Curva,Sim,5,0,4,0,1,0,4,2,-22.77432673,-42.93823207,SPRF-RJ,DEL02-RJ,UOP02-DEL02-RJ,2022,2022-04-06,2,2022.0,4.0,Quarta,1.0
453949.0,2022-06-04,2.0,18:00:00,RJ,101,317,SAO GONCALO,TRANSITAR NO ACOSTAMENTO,COLISÃO COM OBJETO,COM VÍTIMAS FERIDAS,ANOITECER,Crescente,GAROA/CHUVISCO,MÚLTIPLA,Reta,Sim,2,0,1,0,0,1,1,2,-22.83707798,-43.09492006,SPRF-RJ,DEL02-RJ,UOP02-DEL02-RJ,2022,2022-04-06,18,2022.0,4.0,Quarta,1.0