id,data_inversa,dia_semana,horario,uf,br,km,municipio,causa_acidente,tipo_acidente,classificacao_acidente,fase_dia,sentido_via,condicao_metereologica,tipo_pista,tracado_via,uso_solo,pessoas,mortos,feridos_leves,feridos_graves,ilesos,ignorados,feridos,veiculos,latitude,longitude,regional,delegacia,uop,ano_arquivo,data,hora,ano,mes,dia_semana_nome,gravidade
462631.0,2022-07-19,,18:05:00,RJ,101,311,SAO GONCALO,AVARIAS E/OU DESGASTE EXCESSIVO NO PNEU,QUEDA DE OCUPANTE DE VEÍCULO,COM VÍTIMAS FERIDAS,PLENA NOITE,Crescente,CÉU CLARO,DUPLA,Reta,Sim,2,0,2,0,0,0,2,1,-22.80546555,-43.06156967,SPRF-RJ,DEL02-RJ,UOP02-DEL02-RJ,2022,,18,,,,1.0
462635.0,2022-07-19,,18:40:00,RJ,101,313,SAO GONCALO,AVARIAS E/OU DESGASTE EXCESSIVO NO PNEU,COLISÃO TRASEIRA,COM VÍTIMAS FERIDAS,PLENA NOITE,Decrescente,CÉU CLARO,DUPLA,Reta,Sim,4,0,1,0,3,0,1,2,-22.81049093,-43.06983304,SPRF-RJ,DEL02-RJ,UOP02-DEL02-RJ,2022,,18,,,,1.0
462660.0,2022-07-19,,18:48:00,RJ,101,324,NITEROI,AUSÊNCIA DE REAÇÃO DO CONDUTOR,COLISÃO TRASEIRA,COM VÍTIMAS FERIDAS,PLENA NOITE,Decrescente,CÉU CLARO,DUPLA,Reta,Não,3,0,1,0,2,0,1,3,-22.87381074,-43.12640997,SPRF-RJ,DEL02-RJ,UOP01-DEL02-RJ,2022,,18,,,,1.0
462998.0,2022-07-21,,12:20:00,RJ,101,324,NITEROI,AUSÊNCIA DE REAÇÃO DO CONDUTOR,INCÊNDIO,SEM VÍTIMAS,PLENO DIA,Crescente,CÉU CLARO,DUPLA,Reta,Não,1,0,0,0,1,0,0,1,-22.87381074,-43.12640997,SPRF-RJ,DEL02-RJ,UOP01-DEL02-RJ,2022,,12,,,,0.0
463122.0,2022-07-22,,05:20:00,RJ,101,322,NITEROI,PEDESTRE CRUZAVA A PISTA FORA DA FAIXA,ATROPELAMENTO DE PEDESTRE,COM VÍTIMAS FERIDAS,AMANHECER,Crescente,CÉU CLARO,DUPLA,Curva,Sim,2,0,1,1,0,0,2,2,-22.87858711,-43.11110258,SPRF-RJ,DEL02-RJ,UOP01-DEL02-RJ,2022,,5,,,,1.0
463229.0,2022-07-22,,13:00:00,RJ,101,318,SAO GONCALO,CONDUTOR DEIXOU DE MANTER DISTÂNCIA DO VEÍCULO DA FRENTE,COLISÃO TRASEIRA,COM VÍTIMAS FERIDAS,PLENO DIA,Crescente,CÉU CLARO,MÚLTIPLA,Curva,Sim,4,0,1,0,3,0,1,2,-22.84562994,-43.09841211,SPRF-RJ,DEL02-RJ,UOP02-DEL02-RJ,2022,,13,,,,1.0
463335.0,2022-07-22,,19:20:00,RJ,101,318,SAO GONCALO,TRANSITAR NA CONTRAMÃO,COLISÃO FRONTAL,SEM VÍTIMAS,PLENA NOITE,Decrescente,NUBLADO,DUPLA,Curva,Sim,2,0,0,0,2,0,0,2,-22.84562994,-43.09841211,SPRF-RJ,DEL02-RJ,UOP02-DEL02-RJ,2022,,19,,,,0.0
463357.0,2022-07-22,,20:50:00,RJ,101,327,NITEROI,REAÇÃO TARDIA OU INEFICIENTE DO CONDUTOR,QUEDA DE OCUPANTE DE VEÍCULO,COM VÍTIMAS FERIDAS,PLENA NOITE,Decrescente,CÉU CLARO,MÚLTIPLA,Reta;Ponte,Sim,1,0,1,0,0,0,1,1,-22.87117393,-43.15595099,SPRF-RJ,DEL02-RJ,UOP01-DEL02-RJ,2022,,20,,,,1.0
463421.0,2022-07-23,,07:15:00,RJ,101,322,NITEROI,MANOBRA DE MUDANÇA DE FAIXA,COLISÃO LATERAL MESMO SENTIDO,SEM VÍTIMAS,PLENO DIA,Decrescente,CÉU CLARO,DUPLA,Reta,Não,3,0,0,0,3,0,0,3,-22.878923,-43.110676,SPRF-RJ,DEL02-RJ,UOP01-DEL02-RJ,2022,,7,,,,0.0
463905.0,2022-07-25,,07:30:00,RJ,101,321,NITEROI,TRAFEGAR COM MOTOCICLETA (OU SIMILAR) ENTRE AS FAIXAS,COLISÃO LATERAL MESMO SENTIDO,COM VÍTIMAS FERIDAS,PLENO DIA,Crescente,CÉU CLARO,DUPLA,Curva,Sim,2,0,1,0,1,0,1,2,-22.86981096,-43.11046465,SPRF-RJ,DEL02-RJ,UOP01-DEL02-RJ,2022,,7,,,,1.0
464018.0,2022-07-25,,09:30:00,RJ,101,321,NITEROI,REAÇÃO TARDIA OU INEFICIENTE DO CONDUTOR,QUEDA DE OCUPANTE DE VEÍCULO,COM VÍTIMAS FERIDAS,PLENO DIA,Crescente,CÉU CLARO,DUPLA,Reta,Sim,2,0,2,0,0,0,2,1,-22.8733876,-43.11012626,SPRF-RJ,DEL02-RJ,UOP01-DEL02-RJ,2022,,9,,,,1.0
464628.0,2022-07-25,,20:20:00,RJ,493,"2,9",ITABORAI,ANIMAIS NA PISTA,ATROPELAMENTO DE ANIMAL,SEM VÍTIMAS,PLENA NOITE,Crescente,CÉU CLARO,SIMPLES,Reta,Sim,1,0,0,0,1,0,0,1,-22.75950214,-42.93544822,SPRF-RJ,DEL02-RJ,UOP02-DEL02-RJ,2022,,20,,,,0.0
464761.0,2022-07-29,,19:05:00,RJ,101,312,SAO GONCALO,CHUVA,COLISÃO TRASEIRA,COM VÍTIMAS FERIDAS,PLENA NOITE,Decrescente,CHUVA,DUPLA,Reta,Sim,1,0,1,0,0,0,1,1,-22.80546555,-43.06156967,SPRF-RJ,DEL02-RJ,UOP02-DEL02-RJ,2022,,19,,,,1.0
464887.0,2022-07-30,,15:00:00,RJ,101,303,SAO GONCALO,ACESSAR A VIA SEM OBSERVAR A PRESENÇA DOS OUTROS VEÍCULOS,COLISÃO TRASEIRA,COM VÍTIMAS FERIDAS,PLENO DIA,Decrescente,CÉU CLARO,DUPLA,Reta,Sim,3,0,2,0,1,0,2,2,-22.7828205,-42.9766681,SPRF-RJ,DEL02-RJ,UOP02-DEL02-RJ,2022,,15,,,,1.0
464894.0,2022-07-30,,08:40:00,RJ,101,260,RIO BONITO,REAÇÃO TARDIA OU INEFICIENTE DO CONDUTOR,COLISÃO LATERAL MESMO SENTIDO,COM VÍTIMAS FERIDAS,PLENO DIA,Crescente,CÉU CLARO,DUPLA,Curva,Sim,2,0,1,0,0,1,1,2,-22.70520044,-42.60578664,SPRF-RJ,DEL02-RJ,UOP03-DEL02-RJ,2022,,8,,,,1.0
465056.0,2022-07-31,,09:16:00,RJ,101,"282,9",ITABORAI,VELOCIDADE INCOMPATÍVEL,COLISÃO COM OBJETO,COM VÍTIMAS FERIDAS,PLENO DIA,Crescente,NUBLADO,DUPLA,Curva;Aclive,Sim,2,0,1,1,0,0,2,1,-22.7371391,-42.79664601,SPRF-RJ,DEL02-RJ,UOP02-DEL02-RJ,2022,,9,,,,1.0
465520.0,2022-07-30,,11:10:00,RJ,101,327,NITEROI,AUSÊNCIA DE REAÇÃO DO CONDUTOR,COLISÃO TRASEIRA,COM VÍTIMAS FERIDAS,PLENO DIA,Crescente,NUBLADO,DUPLA,Reta,Não,3,0,1,0,1,1,1,3,-22.87117393,-43.15595099,SPRF-RJ,DEL02-RJ,UOP01-DEL02-RJ,2022,,11,,,,1.0
465534.0,2022-08-02,1.0,18:28:00,RJ,493,3,ITABORAI,ENTRADA INOPINADA DO PEDESTRE,ATROPELAMENTO DE PEDESTRE,COM VÍTIMAS FERIDAS,PLENA NOITE,Crescente,CÉU CLARO,DUPLA,Reta,Sim,3,0,1,0,2,0,1,3,-22.7525329,-42.94160092,SPRF-RJ,DEL02-RJ,UOP02-DEL02-RJ,2022,2022-02-08,18,2022.0,2.0,Terça,1.0
465636.0,2022-08-03,1.0,07:10:00,RJ,101,321,NITEROI,MANOBRA DE MUDANÇA DE FAIXA,COLISÃO TRASEIRA,COM VÍTIMAS FERIDAS,PLENO DIA,Decrescente,CÉU CLARO,DUPLA,Reta,Sim,3,0,1,0,1,1,1,3,-22.86981096,-43.11046465,SPRF-RJ,DEL02-RJ,UOP01-DEL02-RJ,2022,2022-03-08,7,2022.0,3.0,Terça,1.0
465664.0,2022-03-01,0.0,14:00:00,RJ,101,304,SAO GONCALO,REAÇÃO TARDIA OU INEFICIENTE DO CONDUTOR,COLISÃO COM OBJETO,COM VÍTIMAS FATAIS,PLENO DIA,Decrescente,CÉU CLARO,DUPLA,Reta,Sim,2,1,1,0,0,0,1,1,-22.78491869,-42.98627706,SPRF-RJ,DEL02-RJ,UOP02-DEL02-RJ,2022,2022-01-03,14,2022.0,1.0,Segunda,2.0
465819.0,2022-08-04,4.0,07:50:00,RJ,101,307,SAO GONCALO,CONDUTOR DEIXOU DE MANTER DISTÂNCIA DO VEÍCULO DA FRENTE,COLISÃO LATERAL MESMO SENTIDO,COM VÍTIMAS FERIDAS,PLENO DIA,Crescente,CÉU CLARO,DUPLA,Reta,Sim,3,0,1,0,2,0,1,2,-22.79115777,-43.01514205,SPRF-RJ,DEL02-RJ,UOP02-DEL02-RJ,2022,2022-04-08,7,2022.0,4.0,Sexta,1.0
466151.0,2022-08-05,6.0,19:20:00,RJ,101,297,ITABORAI,REAÇÃO TARDIA OU INEFICIENTE DO CONDUTOR,TOMBAMENTO,COM VÍTIMAS FERIDAS,PLENA NOITE,Decrescente,CÉU CLARO,DUPLA,Viaduto,Sim,1,0,1,0,0,0,1,1,-22.76942037,-42.91873581,SPRF-RJ,DEL02-RJ,UOP02-DEL02-RJ,2022,2022-05-08,19,2022.0,5.0,Domingo,1.0
466379.0,2022-08-06,2.0,18:39:00,RJ,101,256,RIO BONITO,PEDESTRE ANDAVA NA PISTA,ATROPELAMENTO DE PEDESTRE,COM VÍTIMAS FATAIS,PLENA NOITE,Crescente,NUBLADO,DUPLA,Reta,Não,2,1,0,0,1,0,0,2,-22.69621133,-42.56854493,SPRF-RJ,DEL02-RJ,UOP03-DEL02-RJ,2022,2022-06-08,18,2022.0,6.0,Quarta,2.0
466559.0,2022-08-07,4.0,17:00:00,RJ,101,311,SAO GONCALO,FALTA DE ACOSTAMENTO,COLISÃO LATERAL MESMO SENTIDO,COM VÍTIMAS FERIDAS,ANOITECER,Crescente,CÉU CLARO,MÚLTIPLA,Reta,Sim,6,0,1,0,5,0,1,2,-22.80062246,-43.05318779,SPRF-RJ,DEL02-RJ,UOP02-DEL02-RJ,2022,2022-07-08,17,2022.0,7.0,Sexta,1.0
466618.0,2022-08-07,4.0,19:15:00,RJ,101,303,SAO GONCALO,CONDUTOR DEIXOU DE MANTER DISTÂNCIA DO VEÍCULO DA FRENTE,ATROPELAMENTO DE PEDESTRE,COM VÍTIMAS FERIDAS,PLENA NOITE,Crescente,CÉU CLARO,DUPLA,Reta,Não,2,0,1,0,1,0,1,2,-22.7828205,-42.9766681,SPRF-RJ,DEL02-RJ,UOP02-DEL02-RJ,2022,2022-07-08,19,2022.0,7.0,Sexta,1.0
466731.0,2022-08-07,4.0,20:30:00,RJ,101,298,SAO GONCALO,MANOBRA DE MUDANÇA DE FAIXA,COLISÃO TRASEIRA,COM VÍTIMAS FERIDAS,PLENA NOITE,Crescente,CÉU CLARO,DUPLA,Reta,Sim,2,0,1,0,1,0,1,1,-22.7714,-42.92896,SPRF-RJ,DEL02-RJ,UOP02-DEL02-RJ,2022,2022-07-08,20,2022.0,7.0,Sexta,1.0
466800.0,2022-08-08,0.0,17:55:00,RJ,101,319,SAO GONCALO,AUSÊNCIA DE REAÇÃO DO CONDUTOR,COLISÃO FRONTAL,COM VÍTIMAS FERIDAS,PLENA NOITE,Decrescente,NUBLADO,DUPLA,Reta,Sim,3,0,2,0,1,0,2,2,-22.85411774,-43.1018014,SPRF-RJ,DEL02-RJ,UOP02-DEL02-RJ,2022,2022-08-08,17,2022.0,8.0,Segunda,1.0
466815.0,2022-08-04,4.0,19:00:00,RJ,101,320,NITEROI,CONDUTOR DEIXOU DE MANTER DISTÂNCIA DO VEÍCULO DA FRENTE,COLISÃO TRASEIRA,COM VÍTIMAS FERIDAS,PLENA NOITE,Decrescente,CÉU CLARO,MÚLTIPLA,Reta,Sim,2,0,1,0,1,0,1,2,-22.86171098,-43.10714015,SPRF-RJ,DEL02-RJ,UOP01-DEL02-RJ,2022,2022-04-08,19,2022.0,4.0,Sexta,1.0
466963.0,2022-08-09,3.0,14:40:00,RJ,101,283,ITABORAI,DEMAIS FALHAS MECÂNICAS OU ELÉTRICAS,INCÊNDIO,SEM VÍTIMAS,PLENO DIA,Crescente,CÉU CLARO,SIMPLES,Reta,Não,1,0,0,0,1,0,0,1,-22.73591014,-42.80592689,SPRF-RJ,DEL02-RJ,UOP02-DEL02-RJ,2022,2022-09-08,14,2022.0,9.0,Quinta,0.0
467050.0,2022-08-10,5.0,01:50:00,RJ,101,320,NITEROI,CURVA ACENTUADA,CAPOTAMENTO,COM VÍTIMAS FERIDAS,PLENA NOITE,Decrescente,GAROA/CHUVISCO,DUPLA,Curva,Sim,1,0,1,0,0,0,1,1,-22.86171098,-43.10714015,SPRF-RJ,DEL02-RJ,UOP01-DEL02-RJ,2022,2022-10-08,1,2022.0,10.0,Sábado,1.0
467405.0,2022-08-11,1.0,20:27:00,RJ,101,321,NITEROI,TRANSITAR NO ACOSTAMENTO,COLISÃO LATERAL MESMO SENTIDO,SEM VÍTIMAS,PLENO DIA,Decrescente,CHUVA,DUPLA,Curva,Sim,4,0,0,0,4,0,0,4,-22.86981096,-43.11046465,SPRF-RJ,DEL02-RJ,UOP01-DEL02-RJ,2022,2022-11-08,20,2022.0,11.0,Terça,0.0
467481.0,2022-08-12,3.0,07:30:00,RJ,493,1,ITABORAI,ACESSO IRREGULAR,COLISÃO LATERAL MESMO SENTIDO,COM VÍTIMAS FERIDAS,PLENO DIA,Crescente,NUBLADO,DUPLA,Reta,Sim,2,0,1,0,1,0,1,2,-22.76398788,-42.92731895,SPRF-RJ,DEL02-RJ,UOP02-DEL02-RJ,2022,2022-12-08,7,2022.0,12.0,Quinta,1.0
467987.0,2022-08-14,,07:10:00,RJ,101,310,SAO GONCALO,ANIMAIS NA PISTA,COLISÃO TRASEIRA,COM VÍTIMAS FERIDAS,PLENO DIA,Crescente,CÉU CLARO,DUPLA,Reta,Sim,3,0,1,0,2,0,1,2,-22.79717023,-43.04404993,SPRF-RJ,DEL02-RJ,UOP02-DEL02-RJ,2022,,7,,,,1.0
468058.0,2022-08-14,,08:50:00,RJ,101,321,NITEROI,REAÇÃO TARDIA OU INEFICIENTE DO CONDUTOR,QUEDA DE OCUPANTE DE VEÍCULO,COM VÍTIMAS FERIDAS,PLENO DIA,Crescente,CÉU CLARO,DUPLA,Curva,Sim,1,0,1,0,0,0,1,1,-22.86712025,-43.11022282,SPRF-RJ,DEL02-RJ,UOP01-DEL02-RJ,2022,,8,,,,1.0
468113.0,2022-08-14,,19:00:00,RJ,101,318,NITEROI,ULTRAPASSAGEM INDEVIDA,COLISÃO TRANSVERSAL,COM VÍTIMAS FERIDAS,PLENA NOITE,Decrescente,CÉU CLARO,DUPLA,Reta,Sim,3,0,2,0,1,0,2,2,-22.84562994,-43.09841211,SPRF-RJ,DEL02-RJ,UOP02-DEL02-RJ,2022,,19,,,,1.0
468147.0,2022-08-14,,20:00:00,RJ,101,267,RIO BONITO,CONDUTOR USANDO CELULAR,SAÍDA DE LEITO CARROÇÁVEL,SEM VÍTIMAS,PLENA NOITE,Decrescente,CÉU CLARO,DUPLA,Reta,Não,1,0,0,0,1,0,0,1,-22.72935968,-42.70112512,SPRF-RJ,DEL02-RJ,UOP03-DEL02-RJ,2022,,20,,,,0.0
468257.0,2022-08-15,,08:48:00,RJ,101,314,SAO GONCALO,MANOBRA DE MUDANÇA DE FAIXA,COLISÃO TRASEIRA,COM VÍTIMAS FERIDAS,PLENO DIA,Crescente,SOL,DUPLA,Reta,Não,3,0,2,0,1,0,2,2,-22.81648739,-43.07728467,SPRF-RJ,DEL02-RJ,UOP02-DEL02-RJ,2022,,8,,,,1.0
468805.0,2022-08-18,,10:30:00,RJ,101,314,SAO GONCALO,CONDUTOR DEIXOU DE MANTER DISTÂNCIA DO VEÍCULO DA FRENTE,TOMBAMENTO,COM VÍTIMAS FERIDAS,PLENO DIA,Decrescente,CÉU CLARO,DUPLA,Reta,Sim,1,0,1,0,0,0,1,1,-22.81648739,-43.07728467,SPRF-RJ,DEL02-RJ,UOP02-DEL02-RJ,2022,,10,,,,1.0
469383.0,2022-08-21,,04:20:00,RJ,101,"263,8",RIO BONITO,AUSÊNCIA DE REAÇÃO DO CONDUTOR,SAÍDA DE LEITO CARROÇÁVEL,COM VÍTIMAS FATAIS,PLENA NOITE,Decrescente,NUBLADO,DUPLA,Reta,Não,1,1,0,0,0,0,0,1,-22.718333,-42.634852,SPRF-RJ,DEL02-RJ,UOP03-DEL02-RJ,2022,,4,,,,2.0
469497.0,2022-08-21,,17:00:00,RJ,493,2,ITABORAI,AUSÊNCIA DE REAÇÃO DO CONDUTOR,COLISÃO TRASEIRA,COM VÍTIMAS FERIDAS,PLENO DIA,Decrescente,NUBLADO,DUPLA,Reta,Sim,2,0,0,1,1,0,1,2,-22.75950214,-42.93544822,SPRF-RJ,DEL02-RJ,UOP02-DEL02-RJ,2022,,17,,,,1.0
469503.0,2022-08-21,,15:40:00,RJ,101,289,ITABORAI,DESRESPEITAR A PREFERÊNCIA NO CRUZAMENTO,COLISÃO TRANSVERSAL,COM VÍTIMAS FERIDAS,PLENO DIA,Decrescente,CÉU CLARO,SIMPLES,Viaduto,Não,2,0,0,1,0,1,1,2,-22.76596243,-42.85659313,SPRF-RJ,DEL02-RJ,UOP02-DEL02-RJ,2022,,15,,,,1.0
469549.0,2022-08-21,,21:30:00,RJ,101,321,NITEROI,ACUMULO DE ÓLEO SOBRE O PAVIMENTO,TOMBAMENTO,COM VÍTIMAS FERIDAS,PLENA NOITE,Decrescente,CÉU CLARO,SIMPLES,Curva,Sim,1,0,1,0,0,0,1,1,-22.86981096,-43.11046465,SPRF-RJ,DEL02-RJ,UOP01-DEL02-RJ,2022,,21,,,,1.0
469714.0,2022-08-22,,17:18:00,RJ,101,"317,1",SAO GONCALO,AUSÊNCIA DE REAÇÃO DO CONDUTOR,COLISÃO TRASEIRA,COM VÍTIMAS FERIDAS,ANOITECER,Decrescente,NUBLADO,DUPLA,Reta,Sim,3,0,0,2,1,0,2,2,-22.83707798,-43.09492006,SPRF-RJ,DEL02-RJ,UOP02-DEL02-RJ,2022,,17,,,,1.0
469758.0,2022-08-23,,04:00:00,RJ,101,324,NITEROI,DEMAIS FALHAS MECÂNICAS OU ELÉTRICAS,INCÊNDIO,SEM VÍTIMAS,PLENA NOITE,Decrescente,CÉU CLARO,DUPLA,Reta,Não,1,0,0,0,1,0,0,1,-22.87381074,-43.12640997,SPRF-RJ,DEL02-RJ,UOP01-DEL02-RJ,2022,,4,,,,0.0
469806.0,2022-08-23,,08:00:00,RJ,101,317,SAO GONCALO,REAÇÃO TARDIA OU INEFICIENTE DO CONDUTOR,ENGAVETAMENTO,COM VÍTIMAS FERIDAS,PLENO DIA,Crescente,CÉU CLARO,SIMPLES,Reta,Sim,5,0,1,0,4,0,1,4,-22.83707798,-43.09492006,SPRF-RJ,DEL02-RJ,UOP02-DEL02-RJ,2022,,8,,,,1.0
470661.0,2022-08-23,,23:40:00,RJ,101,328,NITEROI,CONDUTOR DEIXOU DE MANTER DISTÂNCIA DO VEÍCULO DA FRENTE,COLISÃO TRASEIRA,COM VÍTIMAS FERIDAS,PLENA NOITE,Crescente,CÉU CLARO,MÚLTIPLA,Reta,Sim,3,0,0,1,2,0,1,2,-22.87269563,-43.14228058,SPRF-RJ,DEL02-RJ,UOP01-DEL02-RJ,2022,,23,,,,1.0
470771.0,2022-08-24,,18:30:00,RJ,101,329,NITEROI,DEMAIS FALHAS MECÂNICAS OU ELÉTRICAS,INCÊNDIO,SEM VÍTIMAS,PLENA NOITE,Decrescente,CÉU CLARO,MÚLTIPLA,Reta,Sim,1,0,0,0,1,0,0,1,-22.86939305,-43.175642,SPRF-RJ,DEL02-RJ,UOP01-DEL02-RJ,2022,,18,,,,0.0
470937.0,2022-08-28,,21:35:00,RJ,101,"304,5",SAO GONCALO,AUSÊNCIA DE REAÇÃO DO CONDUTOR,COLISÃO TRASEIRA,COM VÍTIMAS FERIDAS,PLENA NOITE,Decrescente,CÉU CLARO,DUPLA,Reta,Sim,4,0,3,0,1,0,3,2,-22.78491869,-42.98627706,SPRF-RJ,DEL02-RJ,UOP02-DEL02-RJ,2022,,21,,,,1.0
471054.0,2022-08-29,,10:09:00,RJ,101,297,ITABORAI,REAÇÃO TARDIA OU INEFICIENTE DO CONDUTOR,COLISÃO TRASEIRA,COM VÍTIMAS FERIDAS,PLENO DIA,Crescente,CHUVA,DUPLA,Aclive,Sim,4,0,2,0,2,0,2,2,-22.76942037,-42.91873581,SPRF-RJ,DEL02-RJ,UOP02-DEL02-RJ,2022,,10,,,,1.0
471143.0,2022-08-29,,19:00:00,RJ,101,262,RIO BONITO,ACESSO IRREGULAR,CAPOTAMENTO,SEM VÍTIMAS,PLENA NOITE,Crescente,CHUVA,DUPLA,Curva,Sim,1,0,0,0,1,0,0,1,-22.71367506,-42.62052996,SPRF-RJ,DEL02-RJ,UOP03-DEL02-RJ,2022,,19,,,,0.0
471314.0,2022-08-30,,08:00:00,RJ,101,329,NITEROI,PISTA ESCORREGADIA,TOMBAMENTO,COM VÍTIMAS FERIDAS,PLENO DIA,Crescente,GAROA/CHUVISCO,DUPLA,Reta,Sim,1,0,1,0,0,0,1,1,-22.86939305,-43.175642,SPRF-RJ,DEL02-RJ,UOP01-DEL02-RJ,2022,,8,,,,1.0
471565.0,2022-09-01,6.0,07:30:00,RJ,101,316,SAO GONCALO,CONDUTOR DEIXOU DE MANTER DISTÂNCIA DO VEÍCULO DA FRENTE,COLISÃO LATERAL MESMO SENTIDO,COM VÍTIMAS FERIDAS,PLENO DIA,Crescente,SOL,DUPLA,Reta,Sim,3,0,1,0,2,0,1,2,-22.82835879,-43.09208739,SPRF-RJ,DEL02-RJ,UOP02-DEL02-RJ,2022,2022-01-09,7,2022.0,1.0,Domingo,1.0
471659.0,2022-09-01,6.0,17:20:00,RJ,101,320,NITEROI,ACESSAR A VIA SEM OBSERVAR A PRESENÇA DOS OUTROS VEÍCULOS,COLISÃO LATERAL MESMO SENTIDO,COM VÍTIMAS FERIDAS,PLENO DIA,Decrescente,CÉU CLARO,DUPLA,Reta,Não,2,0,1,0,1,0,1,2,-22.86171098,-43.10714015,SPRF-RJ,DEL02-RJ,UOP01-DEL02-RJ,2022,2022-01-09,17,2022.0,1.0,Domingo,1.0
471852.0,2022-09-02,2.0,13:10:00,RJ,101,286,ITABORAI,MAL SÚBITO DO CONDUTOR,SAÍDA DE LEITO CARROÇÁVEL,COM VÍTIMAS FERIDAS,PLENO DIA,Decrescente,CÉU CLARO,DUPLA,Reta,Sim,1,0,1,0,0,0,1,1,-22.75409331,-42.82491696,SPRF-RJ,DEL02-RJ,UOP02-DEL02-RJ,2022,2022-02-09,13,2022.0,2.0,Quarta,1.0
472354.0,2022-09-04,5.0,19:00:00,RJ,101,282,ITABORAI,PEDESTRE ANDAVA NA PISTA,ATROPELAMENTO DE PEDESTRE,COM VÍTIMAS FERIDAS,PLENA NOITE,Decrescente,CHUVA,DUPLA,Reta,Sim,3,0,1,1,0,1,2,2,-22.7371391,-42.79664601,SPRF-RJ,DEL02-RJ,UOP03-DEL02-RJ,2022,2022-04-09,19,2022.0,4.0,Sábado,1.0
472828.0,2022-09-06,3.0,19:30:00,RJ,101,318,SAO GONCALO,MANOBRA DE MUDANÇA DE FAIXA,COLISÃO LATERAL MESMO SENTIDO,COM VÍTIMAS FERIDAS,PLENA NOITE,Decrescente,CÉU CLARO,DUPLA,Reta,Não,2,0,1,0,1,0,1,2,-22.84562994,-43.09841211,SPRF-RJ,DEL02-RJ,UOP02-DEL02-RJ,2022,2022-06-09,19,2022.0,6.0,Quinta,1.0
473040.0,2022-09-08,1.0,01:40:00,RJ,101,305,SAO GONCALO,ANIMAIS NA PISTA,ATROPELAMENTO DE ANIMAL,COM VÍTIMAS FERIDAS,PLENA NOITE,Decrescente,CÉU CLARO,DUPLA,Reta,Sim,2,0,1,0,1,0,1,1,-22.78702832,-42.99589293,SPRF-RJ,DEL02-RJ,UOP02-DEL02-RJ,2022,2022-08-09,1,2022.0,8.0,Terça,1.0
473067.0,2022-09-08,1.0,06:25:00,RJ,101,312,SAO GONCALO,MANOBRA DE MUDANÇA DE FAIXA,COLISÃO LATERAL MESMO SENTIDO,COM VÍTIMAS FERIDAS,PLENO DIA,Crescente,CÉU CLARO,SIMPLES,Reta,Sim,2,0,2,0,0,0,2,2,-22.80546555,-43.06156967,SPRF-RJ,DEL02-RJ,UOP02-DEL02-RJ,2022,2022-08-09,6,2022.0,8.0,Terça,1.0
473124.0,2022-09-08,1.0,09:40:00,RJ,101,291,ITABORAI,DEMAIS FALHAS MECÂNICAS OU ELÉTRICAS,TOMBAMENTO,COM VÍTIMAS FERIDAS,PLENO DIA,Crescente,CÉU CLARO,MÚLTIPLA,Reta,Não,2,0,2,0,0,0,2,1,-22.76457445,-42.86989322,SPRF-RJ,DEL02-RJ,UOP02-DEL02-RJ,2022,2022-08-09,9,2022.0,8.0,Terça,1.0
473357.0,2022-09-09,4.0,17:43:00,RJ,101,294,ITABORAI,TRANSITAR NO ACOSTAMENTO,ATROPELAMENTO DE PEDESTRE,COM VÍTIMAS FERIDAS,ANOITECER,Decrescente,CÉU CLARO,DUPLA,Reta,Sim,3,0,1,0,2,0,1,2,-22.7584434,-42.89502344,SPRF-RJ,DEL02-RJ,UOP02-DEL02-RJ,2022,2022-09-09,17,2022.0,9.0,Sexta,1.0
473526.0,2022-09-10,6.0,14:20:00,RJ,101,310,SAO GONCALO,REAÇÃO TARDIA OU INEFICIENTE DO CONDUTOR,COLISÃO LATERAL MESMO SENTIDO,COM VÍTIMAS FERIDAS,PLENO DIA,Crescente,CÉU CLARO,DUPLA,Declive,Não,3,0,1,0,2,0,1,2,-22.79717023,-43.04404993,SPRF-RJ,DEL02-RJ,UOP02-DEL02-RJ,2022,2022-10-09,14,2022.0,10.0,Domingo,1.0
473688.0,2022-09-11,2.0,06:30:00,RJ,101,298,ITABORAI,REAÇÃO TARDIA OU INEFICIENTE DO CONDUTOR,COLISÃO COM OBJETO,COM VÍTIMAS FERIDAS,PLENO DIA,Crescente,NUBLADO,DUPLA,Viaduto,Sim,1,0,1,0,0,0,1,1,-22.77130454,-42.92419553,SPRF-RJ,DEL02-RJ,UOP02-DEL02-RJ,2022,2022-11-09,6,2022.0,11.0,Quarta,1.0
473701.0,2022-09-11,2.0,06:45:00,RJ,101,294,ITABORAI,ACUMULO DE ÓLEO SOBRE O PAVIMENTO,COLISÃO COM OBJETO,SEM VÍTIMAS,PLENO DIA,Crescente,GAROA/CHUVISCO,DUPLA,Reta,Sim,1,0,0,0,1,0,0,1,-22.7584434,-42.89502344,SPRF-RJ,DEL02-RJ,UOP02-DEL02-RJ,2022,2022-11-09,6,2022.0,11.0,Quarta,0.0