id,data_inversa,dia_semana,horario,uf,br,km,municipio,causa_acidente,tipo_acidente,classificacao_acidente,fase_dia,sentido_via,condicao_metereologica,tipo_pista,tracado_via,uso_solo,pessoas,mortos,feridos_leves,feridos_graves,ilesos,ignorados,feridos,veiculos,latitude,longitude,regional,delegacia,uop,ano_arquivo,data,hora,ano,mes,dia_semana_nome,gravidade
491579.0,2022-12-05,3.0,16:00:00,RJ,101,318,SAO GONCALO,MANOBRA DE MUDANÇA DE FAIXA,COLISÃO LATERAL MESMO SENTIDO,COM VÍTIMAS FERIDAS,PLENO DIA,Decrescente,CÉU CLARO,MÚLTIPLA,Reta,Sim,2,0,1,0,1,0,1,2,-22.84562994,-43.09841211,SPRF-RJ,DEL02-RJ,UOP02-DEL02-RJ,2022,2022-05-12,16,2022.0,5.0,Quinta,1.0
491929.0,2022-12-10,2.0,11:15:00,RJ,493,5,ITABORAI,RETORNO PROIBIDO,COLISÃO TRANSVERSAL,COM VÍTIMAS FERIDAS,PLENO DIA,Crescente,CÉU CLARO,SIMPLES,Reta;Declive,Sim,3,0,1,0,2,0,1,2,-22.73998606,-42.95374823,SPRF-RJ,DEL02-RJ,UOP02-DEL02-RJ,2022,2022-10-12,11,2022.0,10.0,Quarta,1.0
492277.0,2022-12-11,5.0,22:00:00,RJ,101,323,NITEROI,AUSÊNCIA DE REAÇÃO DO CONDUTOR,COLISÃO TRASEIRA,SEM VÍTIMAS,PLENA NOITE,Crescente,CÉU CLARO,DUPLA,Ponte,Não,4,0,0,0,4,0,0,3,-22.87684786,-43.11728689,SPRF-RJ,DEL02-RJ,UOP01-DEL02-RJ,2022,2022-11-12,22,2022.0,11.0,Sábado,0.0
492316.0,2022-12-12,0.0,03:25:00,RJ,101,288,ITABORAI,ANIMAIS NA PISTA,ATROPELAMENTO DE ANIMAL,COM VÍTIMAS FATAIS,AMANHECER,Decrescente,CÉU CLARO,DUPLA,Reta,Não,1,1,0,0,0,0,0,1,-22.75933747,-42.84321275,SPRF-RJ,DEL02-RJ,UOP02-DEL02-RJ,2022,2022-12-12,3,2022.0,12.0,Segunda,2.0
492492.0,2022-12-12,0.0,15:50:00,RJ,101,324,NITEROI,REAÇÃO TARDIA OU INEFICIENTE DO CONDUTOR,ENGAVETAMENTO,COM VÍTIMAS FERIDAS,PLENO DIA,Decrescente,CÉU CLARO,DUPLA,Reta,Sim,6,0,1,0,5,0,1,5,-22.87381074,-43.12640997,SPRF-RJ,DEL02-RJ,UOP01-DEL02-RJ,2022,2022-12-12,15,2022.0,12.0,Segunda,1.0
492502.0,2022-12-13,,01:00:00,RJ,101,306,SAO GONCALO,REAÇÃO TARDIA OU INEFICIENTE DO CONDUTOR,CAPOTAMENTO,COM VÍTIMAS FERIDAS,PLENA NOITE,Decrescente,CÉU CLARO,SIMPLES,Reta,Sim,1,0,1,0,0,0,1,1,-22.78913759,-43.00550909,SPRF-RJ,DEL02-RJ,UOP02-DEL02-RJ,2022,,1,,,,1.0
492663.0,2022-12-13,,21:00:00,RJ,101,263,RIO BONITO,ACESSAR A VIA SEM OBSERVAR A PRESENÇA DOS OUTROS VEÍCULOS,COLISÃO FRONTAL,COM VÍTIMAS FERIDAS,PLENA NOITE,Decrescente,CHUVA,DUPLA,Reta,Sim,2,0,2,0,0,0,2,2,-22.71887266,-42.62637498,SPRF-RJ,DEL02-RJ,UOP03-DEL02-RJ,2022,,21,,,,1.0
493210.0,2022-12-16,,18:00:00,RJ,101,303,SAO GONCALO,CONDUTOR DEIXOU DE MANTER DISTÂNCIA DO VEÍCULO DA FRENTE,COLISÃO TRASEIRA,COM VÍTIMAS FERIDAS,ANOITECER,Decrescente,NUBLADO,DUPLA,Reta,Sim,2,0,1,0,1,0,1,2,-22.7828205,-42.9766681,SPRF-RJ,DEL02-RJ,UOP02-DEL02-RJ,2022,,18,,,,1.0
493425.0,2022-12-17,,15:32:00,RJ,101,319,SAO GONCALO,REAÇÃO TARDIA OU INEFICIENTE DO CONDUTOR,COLISÃO COM OBJETO,COM VÍTIMAS FERIDAS,PLENO DIA,Crescente,NUBLADO,DUPLA,Reta,Não,1,0,1,0,0,0,1,1,-22.85411774,-43.1018014,SPRF-RJ,DEL02-RJ,UOP02-DEL02-RJ,2022,,15,,,,1.0
493568.0,2022-12-18,,00:00:00,RJ,101,261,RIO BONITO,MAL SÚBITO DO CONDUTOR,COLISÃO COM OBJETO,COM VÍTIMAS FERIDAS,PLENA NOITE,Crescente,CHUVA,DUPLA,Curva,Não,1,0,1,0,0,0,1,1,-22.71139378,-42.61157199,SPRF-RJ,DEL02-RJ,UOP03-DEL02-RJ,2022,,0,,,,1.0
493758.0,2022-12-19,,01:10:00,RJ,101,293,ITABORAI,VELOCIDADE INCOMPATÍVEL,COLISÃO COM OBJETO,SEM VÍTIMAS,PLENA NOITE,Crescente,CÉU CLARO,DUPLA,Interseção de Vias,Sim,1,0,0,0,0,1,0,1,-22.756203,-42.88724,SPRF-RJ,DEL02-RJ,UOP02-DEL02-RJ,2022,,1,,,,0.0
493870.0,2022-12-19,,06:25:00,RJ,101,"314,8",SAO GONCALO,AUSÊNCIA DE REAÇÃO DO CONDUTOR,COLISÃO LATERAL MESMO SENTIDO,COM VÍTIMAS FERIDAS,PLENO DIA,Crescente,NUBLADO,DUPLA,Reta,Não,1,0,1,0,0,0,1,1,-22.81648739,-43.07728467,SPRF-RJ,DEL02-RJ,UOP02-DEL02-RJ,2022,,6,,,,1.0
493886.0,2022-12-15,,23:25:00,RJ,101,297,ITABORAI,TRANSITAR NA CONTRAMÃO,COLISÃO LATERAL SENTIDO OPOSTO,SEM VÍTIMAS,PLENA NOITE,Crescente,CÉU CLARO,DUPLA,Curva,Sim,3,0,0,0,3,0,0,2,-22.76942037,-42.91873581,SPRF-RJ,DEL02-RJ,UOP02-DEL02-RJ,2022,,23,,,,0.0
494067.0,2022-12-20,,10:20:00,RJ,101,232,NITEROI,MANOBRA DE MUDANÇA DE FAIXA,COLISÃO TRASEIRA,SEM VÍTIMAS,PLENO DIA,Crescente,CHUVA,MÚLTIPLA,Reta,Sim,2,0,0,0,2,0,0,2,-22.87556364,-43.12030792,SPRF-RJ,DEL02-RJ,UOP03-DEL02-RJ,2022,,10,,,,0.0
494648.0,2022-12-19,,07:55:00,RJ,101,314,SAO GONCALO,ULTRAPASSAGEM INDEVIDA,COLISÃO LATERAL MESMO SENTIDO,COM VÍTIMAS FERIDAS,PLENO DIA,Crescente,NUBLADO,DUPLA,Reta,Sim,3,0,1,0,2,0,1,2,-22.81648739,-43.07728467,SPRF-RJ,DEL02-RJ,UOP02-DEL02-RJ,2022,,7,,,,1.0
495374.0,2022-12-26,,12:00:00,RJ,101,267,RIO BONITO,MANOBRA DE MUDANÇA DE FAIXA,QUEDA DE OCUPANTE DE VEÍCULO,COM VÍTIMAS FERIDAS,PLENO DIA,Crescente,CÉU CLARO,DUPLA,Reta,Sim,2,0,1,0,1,0,1,1,-22.70728329,-42.66059086,SPRF-RJ,DEL02-RJ,UOP03-DEL02-RJ,2022,,12,,,,1.0
495470.0,2022-12-26,,15:20:00,RJ,101,293,ITABORAI,ACESSAR A VIA SEM OBSERVAR A PRESENÇA DOS OUTROS VEÍCULOS,TOMBAMENTO,SEM VÍTIMAS,PLENO DIA,Decrescente,NUBLADO,DUPLA,Reta,Sim,1,0,0,0,1,0,0,1,-22.756203,-42.88724,SPRF-RJ,DEL02-RJ,UOP02-DEL02-RJ,2022,,15,,,,0.0
495513.0,2022-05-12,0.0,10:20:00,RJ,101,325,NITEROI,CONDUTOR DEIXOU DE MANTER DISTÂNCIA DO VEÍCULO DA FRENTE,QUEDA DE OCUPANTE DE VEÍCULO,COM VÍTIMAS FERIDAS,PLENO DIA,Decrescente,IGNORADO,DUPLA,Ponte;Declive,Não,1,0,0,1,0,0,1,1,-22.87406593,-43.12447555,SPRF-RJ,DEL02-RJ,UOP01-DEL02-RJ,2022,2022-12-05,10,2022.0,12.0,Segunda,1.0
495680.0,2022-12-27,,16:55:00,RJ,101,300,ITABORAI,ACESSO IRREGULAR,COLISÃO TRASEIRA,COM VÍTIMAS FERIDAS,PLENO DIA,Decrescente,CÉU CLARO,DUPLA,Reta,Sim,2,0,1,0,1,0,1,2,-22.77645713,-42.94783697,SPRF-RJ,DEL02-RJ,UOP02-DEL02-RJ,2022,,16,,,,1.0
495762.0,2022-12-28,,06:40:00,RJ,101,325,NITEROI,AUSÊNCIA DE REAÇÃO DO CONDUTOR,COLISÃO TRASEIRA,COM VÍTIMAS FERIDAS,PLENO DIA,Crescente,CÉU CLARO,DUPLA,Reta,Não,2,0,1,0,1,0,1,2,-22.87292569,-43.13625699,SPRF-RJ,DEL02-RJ,UOP01-DEL02-RJ,2022,,6,,,,1.0
496033.0,2022-12-29,,14:50:00,RJ,101,311,SAO GONCALO,CHUVA,COLISÃO TRASEIRA,COM VÍTIMAS FERIDAS,PLENO DIA,Decrescente,CHUVA,DUPLA,Reta,Sim,2,0,1,0,1,0,1,2,-22.80062246,-43.05318779,SPRF-RJ,DEL02-RJ,UOP02-DEL02-RJ,2022,,14,,,,1.0
496064.0,2022-12-29,,17:30:00,RJ,101,312,SAO GONCALO,MANOBRA DE MUDANÇA DE FAIXA,COLISÃO LATERAL MESMO SENTIDO,COM VÍTIMAS FERIDAS,ANOITECER,Decrescente,GAROA/CHUVISCO,SIMPLES,Reta,Sim,2,0,1,0,1,0,1,2,-22.80546555,-43.06156967,SPRF-RJ,DEL02-RJ,UOP02-DEL02-RJ,2022,,17,,,,1.0
496344.0,2022-12-27,,19:30:00,RJ,101,296,ITABORAI,DEMAIS FALHAS MECÂNICAS OU ELÉTRICAS,INCÊNDIO,SEM VÍTIMAS,PLENA NOITE,Decrescente,CHUVA,DUPLA,Reta,Sim,1,0,0,0,1,0,0,1,-22.7670498,-42.91019601,SPRF-RJ,DEL02-RJ,UOP02-DEL02-RJ,2022,,19,,,,0.0
496385.0,2022-12-27,,13:20:00,RJ,101,316,SAO GONCALO,AUSÊNCIA DE REAÇÃO DO CONDUTOR,TOMBAMENTO,COM VÍTIMAS FERIDAS,PLENO DIA,Decrescente,CÉU CLARO,DUPLA,Reta,Não,1,0,1,0,0,0,1,1,-22.82835879,-43.09208739,SPRF-RJ,DEL02-RJ,UOP02-DEL02-RJ,2022,,13,,,,1.0
496487.0,2022-12-31,,18:35:00,RJ,101,314,SAO GONCALO,AVARIAS E/OU DESGASTE EXCESSIVO NO PNEU,SAÍDA DE LEITO CARROÇÁVEL,SEM VÍTIMAS,ANOITECER,Crescente,NUBLADO,DUPLA,Reta,Sim,1,0,0,0,1,0,0,1,-22.81648739,-43.07728467,SPRF-RJ,DEL02-RJ,UOP02-DEL02-RJ,2022,,18,,,,0.0
499666.0,2022-09-05,0.0,23:30:00,RJ,101,294,ITABORAI,DEMAIS FALHAS MECÂNICAS OU ELÉTRICAS,INCÊNDIO,SEM VÍTIMAS,PLENA NOITE,Decrescente,CÉU CLARO,DUPLA,Reta,Sim,1,0,0,0,1,0,0,1,-22.7584434,-42.89502344,SPRF-RJ,DEL02-RJ,UOP02-DEL02-RJ,2022,2022-05-09,23,2022.0,5.0,Segunda,0.0
501529.0,2022-08-25,,11:25:00,RJ,101,293,ITABORAI,CONDUTOR DEIXOU DE MANTER DISTÂNCIA DO VEÍCULO DA FRENTE,COLISÃO LATERAL MESMO SENTIDO,SEM VÍTIMAS,PLENO DIA,Crescente,CÉU CLARO,DUPLA,Reta,Não,1,0,0,0,0,1,0,1,-22.756203,-42.88724,SPRF-RJ,DEL02-RJ,UOP02-DEL02-RJ,2022,,11,,,,0.0
509411.0,2022-09-10,6.0,18:40:00,RJ,493,6,ITABORAI,AUSÊNCIA DE REAÇÃO DO CONDUTOR,TOMBAMENTO,COM VÍTIMAS FERIDAS,ANOITECER,Decrescente,CÉU CLARO,SIMPLES,Reta,Não,3,0,1,0,0,2,1,2,-22.73124198,-42.95145305,SPRF-RJ,DEL02-RJ,UOP02-DEL02-RJ,2022,2022-10-09,18,2022.0,10.0,Domingo,1.0
529794.0,2022-06-12,1.0,12:15:00,RJ,101,297,ITABORAI,REAÇÃO TARDIA OU INEFICIENTE DO CONDUTOR,COLISÃO TRASEIRA,SEM VÍTIMAS,PLENO DIA,Decrescente,CÉU CLARO,SIMPLES,Reta,Não,2,0,0,0,1,1,0,2,-22.76942037,-42.91873581,SPRF-RJ,DEL02-RJ,UOP02-DEL02-RJ,2022,2022-12-06,12,2022.0,12.0,Terça,0.0
585174.0,2022-03-20,,21:30:00,RJ,101,267,RIO BONITO,AUSÊNCIA DE REAÇÃO DO CONDUTOR,COLISÃO TRASEIRA,COM VÍTIMAS FERIDAS,PLENA NOITE,Crescente,CHUVA,DUPLA,Reta,Sim,3,0,1,1,1,0,2,2,-22.70728329,-42.66059086,SPRF-RJ,DEL02-RJ,UOP03-DEL02-RJ,2022,,21,,,,1.0
497003.0,2023-01-03,2.0,07:10:00,RJ,101,321,NITEROI,AUSÊNCIA DE REAÇÃO DO CONDUTOR,COLISÃO COM OBJETO,COM VÍTIMAS FERIDAS,PLENO DIA,Decrescente,CÉU CLARO,DUPLA,Curva,Sim,2,0,1,0,0,1,1,2,-22.86981096,-43.11046465,SPRF-RJ,DEL02-RJ,UOP01-DEL02-RJ,2023,2023-03-01,7,2023.0,3.0,Quarta,1.0
498194.0,2023-01-09,4.0,11:30:00,RJ,101,268,RIO BONITO,REAÇÃO TARDIA OU INEFICIENTE DO CONDUTOR,ENGAVETAMENTO,COM VÍTIMAS FERIDAS,PLENO DIA,Crescente,CHUVA,DUPLA,Reta,Não,4,0,1,0,3,0,1,3,-22.7112997,-42.66922613,SPRF-RJ,DEL02-RJ,UOP03-DEL02-RJ,2023,2023-09-01,11,2023.0,9.0,Sexta,1.0
498444.0,2023-01-10,6.0,21:00:00,RJ,101,"295,9",ITABORAI,CONDUTOR DEIXOU DE MANTER DISTÂNCIA DO VEÍCULO DA FRENTE,COLISÃO TRASEIRA,COM VÍTIMAS FERIDAS,PLENA NOITE,Decrescente,NUBLADO,MÚLTIPLA,Reta,Sim,4,0,0,1,2,1,1,4,-22.76365068,-42.90223623,SPRF-RJ,DEL02-RJ,UOP02-DEL02-RJ,2023,2023-10-01,21,2023.0,10.0,Domingo,1.0
500685.0,2023-01-23,,22:30:00,RJ,101,310,SAO GONCALO,MANOBRA DE MUDANÇA DE FAIXA,COLISÃO LATERAL SENTIDO OPOSTO,COM VÍTIMAS FERIDAS,PLENA NOITE,Decrescente,GAROA/CHUVISCO,DUPLA,Reta,Não,2,0,0,1,0,1,1,2,-22.79717023,-43.04404993,SPRF-RJ,DEL02-RJ,UOP02-DEL02-RJ,2023,,22,,,,1.0
500871.0,2023-01-24,,17:45:00,RJ,101,326,NITEROI,MANOBRA DE MUDANÇA DE FAIXA,COLISÃO LATERAL MESMO SENTIDO,SEM VÍTIMAS,ANOITECER,Crescente,NUBLADO,DUPLA,Reta,Sim,3,0,0,0,2,1,0,3,-22.87206203,-43.146105,SPRF-RJ,DEL02-RJ,UOP01-DEL02-RJ,2023,,17,,,,0.0
501718.0,2023-01-28,,11:35:00,RJ,101,304,SAO GONCALO,AUSÊNCIA DE REAÇÃO DO CONDUTOR,ENGAVETAMENTO,COM VÍTIMAS FERIDAS,PLENO DIA,Decrescente,CÉU CLARO,DUPLA,Reta,Não,6,0,3,0,2,2,3,6,-22.78491869,-42.98627706,SPRF-RJ,DEL02-RJ,UOP02-DEL02-RJ,2023,,11,,,,1.0
503323.0,2023-02-05,1.0,05:55:00,RJ,101,310,SAO GONCALO,AUSÊNCIA DE REAÇÃO DO CONDUTOR,COLISÃO TRASEIRA,SEM VÍTIMAS,PLENO DIA,Decrescente,CÉU CLARO,DUPLA,Reta,Sim,3,0,0,0,2,1,0,3,-22.79717023,-43.04404993,SPRF-RJ,DEL02-RJ,UOP02-DEL02-RJ,2023,2023-05-02,5,2023.0,5.0,Terça,0.0
505031.0,2023-01-25,,17:30:00,RJ,101,293,ITABORAI,AUSÊNCIA DE REAÇÃO DO CONDUTOR,ENGAVETAMENTO,COM VÍTIMAS FERIDAS,ANOITECER,Crescente,CÉU CLARO,DUPLA,Viaduto,Não,6,0,3,0,3,0,3,4,-22.756203,-42.88724,SPRF-RJ,DEL02-RJ,UOP02-DEL02-RJ,2023,,17,,,,1.0
505306.0,2023-02-15,,10:00:00,RJ,493,3,ITABORAI,REAÇÃO TARDIA OU INEFICIENTE DO CONDUTOR,COLISÃO TRASEIRA,COM VÍTIMAS FERIDAS,PLENO DIA,Crescente,CÉU CLARO,SIMPLES,Reta,Sim,2,0,1,0,1,0,1,2,-22.7525329,-42.94160092,SPRF-RJ,DEL02-RJ,UOP02-DEL02-RJ,2023,,10,,,,1.0
507691.0,2023-02-28,,15:40:00,RJ,101,"268,8",RIO BONITO,CONDUTOR DEIXOU DE MANTER DISTÂNCIA DO VEÍCULO DA FRENTE,COLISÃO LATERAL MESMO SENTIDO,SEM VÍTIMAS,PLENO DIA,Decrescente,CÉU CLARO,DUPLA,Reta,Sim,4,0,0,0,4,0,0,2,-22.7112997,-42.66922613,SPRF-RJ,DEL02-RJ,UOP03-DEL02-RJ,2023,,15,,,,0.0
507695.0,2023-02-28,,16:40:00,RJ,101,262,RIO BONITO,ENTRADA INOPINADA DO PEDESTRE,ATROPELAMENTO DE PEDESTRE,COM VÍTIMAS FERIDAS,PLENO DIA,Crescente,SOL,DUPLA,Reta,Não,4,0,1,0,1,2,1,3,-22.71367506,-42.62052996,SPRF-RJ,DEL02-RJ,UOP03-DEL02-RJ,2023,,16,,,,1.0
508859.0,2023-03-06,5.0,13:30:00,RJ,101,312,SAO GONCALO,DEMAIS FALHAS MECÂNICAS OU ELÉTRICAS,COLISÃO LATERAL MESMO SENTIDO,SEM VÍTIMAS,PLENO DIA,Decrescente,CÉU CLARO,DUPLA,Reta,Sim,3,0,0,0,3,0,0,3,-22.80546555,-43.06156967,SPRF-RJ,DEL02-RJ,UOP02-DEL02-RJ,2023,2023-06-03,13,2023.0,6.0,Sábado,0.0
510341.0,2023-03-01,1.0,17:00:00,RJ,101,324,NITEROI,AUSÊNCIA DE REAÇÃO DO CONDUTOR,COLISÃO TRASEIRA,COM VÍTIMAS FERIDAS,PLENO DIA,Crescente,CÉU CLARO,DUPLA,Reta,Não,3,0,1,0,2,0,1,2,-22.87381074,-43.12640997,SPRF-RJ,DEL02-RJ,UOP01-DEL02-RJ,2023,2023-01-03,17,2023.0,1.0,Terça,1.0
510808.0,2023-03-15,,23:30:00,RJ,101,288,ITABORAI,ANIMAIS NA PISTA,ATROPELAMENTO DE ANIMAL,SEM VÍTIMAS,PLENA NOITE,Crescente,CÉU CLARO,DUPLA,Reta,Sim,1,0,0,0,1,0,0,1,-22.75933747,-42.84321275,SPRF-RJ,DEL02-RJ,UOP02-DEL02-RJ,2023,,23,,,,0.0
511581.0,2023-03-19,,16:25:00,RJ,101,252,RIO BONITO,REAÇÃO TARDIA OU INEFICIENTE DO CONDUTOR,COLISÃO LATERAL MESMO SENTIDO,COM VÍTIMAS FATAIS,PLENO DIA,Decrescente,CÉU CLARO,DUPLA,Reta,Não,4,1,1,0,1,1,1,3,-22.68214756,-42.53377419,SPRF-RJ,DEL02-RJ,UOP03-DEL02-RJ,2023,,16,,,,2.0
512000.0,2023-03-21,,14:50:00,RJ,101,"256,9",RIO BONITO,CONDUTOR DORMINDO,TOMBAMENTO,COM VÍTIMAS FERIDAS,PLENO DIA,Crescente,CÉU CLARO,DUPLA,Reta,Não,2,0,1,0,1,0,1,1,-22.69621133,-42.56854493,SPRF-RJ,DEL02-RJ,UOP03-DEL02-RJ,2023,,14,,,,1.0
513750.0,2023-03-30,,15:30:00,RJ,101,280,ITABORAI,VELOCIDADE INCOMPATÍVEL,COLISÃO LATERAL MESMO SENTIDO,COM VÍTIMAS FERIDAS,PLENO DIA,Crescente,CÉU CLARO,DUPLA,Reta,Não,3,0,1,0,2,0,1,2,-22.73840017,-42.77718501,SPRF-RJ,DEL02-RJ,UOP03-DEL02-RJ,2023,,15,,,,1.0
513822.0,2023-03-31,,02:10:00,RJ,101,319,NITEROI,MAL SÚBITO DO CONDUTOR,SAÍDA DE LEITO CARROÇÁVEL,COM VÍTIMAS FERIDAS,PLENA NOITE,Decrescente,GAROA/CHUVISCO,DUPLA,Reta,Não,1,0,1,0,0,0,1,1,-22.85411774,-43.1018014,SPRF-RJ,DEL02-RJ,UOP02-DEL02-RJ,2023,,2,,,,1.0
514297.0,2023-03-29,,19:24:00,RJ,101,311,SAO GONCALO,AUSÊNCIA DE REAÇÃO DO CONDUTOR,COLISÃO TRASEIRA,COM VÍTIMAS FERIDAS,PLENA NOITE,Decrescente,CÉU CLARO,DUPLA,Reta,Não,3,0,2,0,1,0,2,2,-22.80062246,-43.05318779,SPRF-RJ,DEL02-RJ,UOP02-DEL02-RJ,2023,,19,,,,1.0
515165.0,2023-04-06,6.0,13:50:00,RJ,101,319,NITEROI,CONDUTOR DORMINDO,COLISÃO TRASEIRA,COM VÍTIMAS FERIDAS,PLENO DIA,Crescente,CÉU CLARO,DUPLA,Reta,Sim,3,0,1,0,1,1,1,3,-22.85411774,-43.1018014,SPRF-RJ,DEL02-RJ,UOP02-DEL02-RJ,2023,2023-06-04,13,2023.0,6.0,Domingo,1.0
518015.0,2023-04-20,,12:00:00,RJ,101,294,ITABORAI,AUSÊNCIA DE REAÇÃO DO CONDUTOR,COLISÃO TRASEIRA,COM VÍTIMAS FERIDAS,PLENO DIA,Decrescente,CÉU CLARO,DUPLA,Reta,Não,3,0,1,0,1,1,1,3,-22.7584434,-42.89502344,SPRF-RJ,DEL02-RJ,UOP02-DEL02-RJ,2023,,12,,,,1.0
518205.0,2023-04-19,,22:00:00,RJ,101,315,SAO GONCALO,MANOBRA DE MUDANÇA DE FAIXA,COLISÃO LATERAL MESMO SENTIDO,COM VÍTIMAS FERIDAS,PLENA NOITE,Crescente,NUBLADO,DUPLA,Reta,Sim,2,0,1,0,1,0,1,2,-22.82262092,-43.08460805,SPRF-RJ,DEL02-RJ,UOP02-DEL02-RJ,2023,,22,,,,1.0
519119.0,2023-04-25,,12:40:00,RJ,493,"3,5",ITABORAI,REAÇÃO TARDIA OU INEFICIENTE DO CONDUTOR,COLISÃO COM OBJETO,SEM VÍTIMAS,PLENO DIA,Decrescente,CÉU CLARO,DUPLA,Reta,Sim,1,0,0,0,1,0,0,1,-22.749852,-42.9457,SPRF-RJ,DEL02-RJ,UOP02-DEL02-RJ,2023,,12,,,,0.0
521030.0,2023-05-04,2.0,19:30:00,RJ,101,322,NITEROI,MANOBRA DE MUDANÇA DE FAIXA,COLISÃO TRANSVERSAL,SEM VÍTIMAS,PLENA NOITE,Decrescente,CÉU CLARO,DUPLA,Reta,Não,2,0,0,0,2,0,0,2,-22.878923,-43.110676,SPRF-RJ,DEL02-RJ,UOP01-DEL02-RJ,2023,2023-04-05,19,2023.0,4.0,Quarta,0.0
523377.0,2023-05-16,,04:25:00,RJ,101,"297,5",ITABORAI,ENTRADA INOPINADA DO PEDESTRE,ATROPELAMENTO DE PEDESTRE,COM VÍTIMAS FERIDAS,PLENA NOITE,Decrescente,CÉU CLARO,MÚLTIPLA,Declive;Reta,Sim,2,0,0,1,1,0,1,2,-22.771487,-42.923804,SPRF-RJ,DEL02-RJ,UOP02-DEL02-RJ,2023,,4,,,,1.0
523726.0,2023-05-18,,05:30:00,RJ,101,261,RIO BONITO,VELOCIDADE INCOMPATÍVEL,COLISÃO TRASEIRA,COM VÍTIMAS FERIDAS,AMANHECER,Crescente,GAROA/CHUVISCO,DUPLA,Reta,Sim,3,0,1,0,1,1,1,2,-22.71139378,-42.61157199,SPRF-RJ,DEL02-RJ,UOP03-DEL02-RJ,2023,,5,,,,1.0
525000.0,2023-05-24,,09:00:00,RJ,101,328,NITEROI,REAÇÃO TARDIA OU INEFICIENTE DO CONDUTOR,COLISÃO TRASEIRA,COM VÍTIMAS FATAIS,PLENO DIA,Decrescente,CÉU CLARO,DUPLA,Reta,Sim,2,1,0,0,1,0,0,2,-22.87028692,-43.16579699,SPRF-RJ,DEL02-RJ,UOP01-DEL02-RJ,2023,,9,,,,2.0
525439.0,2023-05-26,,16:00:00,RJ,101,284,ITABORAI,PROBLEMA COM O FREIO,SAÍDA DE LEITO CARROÇÁVEL,COM VÍTIMAS FERIDAS,PLENO DIA,Decrescente,CÉU CLARO,DUPLA,Declive,Sim,2,0,1,0,1,0,1,1,-22.74431564,-42.80870139,SPRF-RJ,DEL02-RJ,UOP02-DEL02-RJ,2023,,16,,,,1.0
525685.0,2023-05-27,,15:20:00,RJ,101,328,NITEROI,AUSÊNCIA DE REAÇÃO DO CONDUTOR,COLISÃO TRASEIRA,COM VÍTIMAS FERIDAS,PLENO DIA,Crescente,CÉU CLARO,DUPLA,Reta,Não,4,0,1,0,3,0,1,4,-22.87028692,-43.16579699,SPRF-RJ,DEL02-RJ,UOP01-DEL02-RJ,2023,,15,,,,1.0
526233.0,2023-05-30,,08:02:00,RJ,493,7,ITABORAI,MAL SÚBITO DO CONDUTOR,COLISÃO LATERAL SENTIDO OPOSTO,COM VÍTIMAS FERIDAS,PLENO DIA,Crescente,NUBLADO,SIMPLES,Reta,Não,4,0,0,1,2,1,1,4,-22.72223999,-42.95160296,SPRF-RJ,DEL02-RJ,UOP02-DEL02-RJ,2023,,8,,,,1.0
527824.0,2023-06-06,1.0,22:20:00,RJ,101,317,SAO GONCALO,REAÇÃO TARDIA OU INEFICIENTE DO CONDUTOR,COLISÃO TRASEIRA,COM VÍTIMAS FERIDAS,PLENA NOITE,Crescente,NEVOEIRO/NEBLINA,DUPLA,Reta,Sim,2,0,0,1,0,1,1,2,-22.83707798,-43.09492006,SPRF-RJ,DEL02-RJ,UOP02-DEL02-RJ,2023,2023-06-06,22,2023.0,6.0,Terça,1.0
528483.0,2023-06-09,2.0,22:16:00,RJ,101,292,ITABORAI,REAÇÃO TARDIA OU INEFICIENTE DO CONDUTOR,COLISÃO TRASEIRA,COM VÍTIMAS FERIDAS,PLENA NOITE,Decrescente,CÉU CLARO,DUPLA,Reta,Não,2,0,0,1,1,0,1,2,-22.76038215,-42.87856408,SPRF-RJ,DEL02-RJ,UOP02-DEL02-RJ,2023,2023-09-06,22,2023.0,9.0,Quarta,1.0
529511.0,2023-06-07,3.0,11:30:00,RJ,101,325,NITEROI,REAÇÃO TARDIA OU INEFICIENTE DO CONDUTOR,COLISÃO TRASEIRA,SEM VÍTIMAS,PLENO DIA,Decrescente,CÉU CLARO,DUPLA,Reta,Não,2,0,0,0,2,0,0,2,-22.87292569,-43.13625699,SPRF-RJ,DEL02-RJ,UOP01-DEL02-RJ,2023,2023-07-06,11,2023.0,7.0,Quinta,0.0
529793.0,2023-06-16,,08:40:00,RJ,101,285,ITABORAI,MANOBRA DE MUDANÇA DE FAIXA,COLISÃO LATERAL MESMO SENTIDO,SEM VÍTIMAS,PLENO DIA,Crescente,CÉU CLARO,DUPLA,Reta,Sim,3,0,0,0,2,1,0,3,-22.7498742,-42.81644087,SPRF-RJ,DEL02-RJ,UOP02-DEL02-RJ,2023,,8,,,,0.0
530135.0,2023-06-17,,12:20:00,RJ,101,264,RIO BONITO,ACESSAR A VIA SEM OBSERVAR A PRESENÇA DOS OUTROS VEÍCULOS,COLISÃO LATERAL MESMO SENTIDO,SEM VÍTIMAS,PLENO DIA,Decrescente,CÉU CLARO,DUPLA,Reta,Não,3,0,0,0,1,2,0,3,-22.71818337,-42.63600702,SPRF-RJ,DEL02-RJ,UOP03-DEL02-RJ,2023,,12,,,,0.0