id,data_inversa,dia_semana,horario,uf,br,km,municipio,causa_acidente,tipo_acidente,classificacao_acidente,fase_dia,sentido_via,condicao_metereologica,tipo_pista,tracado_via,uso_solo,pessoas,mortos,feridos_leves,feridos_graves,ilesos,ignorados,feridos,veiculos,latitude,longitude,regional,delegacia,uop,ano_arquivo,data,hora,ano,mes,dia_semana_nome,gravidade
499095.0,2023-01-14,,10:40:00,RJ,101,311,SAO GONCALO,VELOCIDADE INCOMPATÍVEL,COLISÃO TRASEIRA,COM VÍTIMAS FERIDAS,PLENO DIA,Crescente,CÉU CLARO,MÚLTIPLA,Reta,Sim,3,0,2,0,1,0,2,2,-22.80062246,-43.05318779,SPRF-RJ,DEL02-RJ,UOP02-DEL02-RJ,2023,,10,,,,1.0
499133.0,2023-01-14,,12:30:00,RJ,101,304,SAO GONCALO,REAÇÃO TARDIA OU INEFICIENTE DO CONDUTOR,COLISÃO TRASEIRA,COM VÍTIMAS FERIDAS,PLENO DIA,Crescente,CÉU CLARO,SIMPLES,Reta,Sim,1,0,1,0,0,0,1,1,-22.78491869,-42.98627706,SPRF-RJ,DEL02-RJ,UOP02-DEL02-RJ,2023,,12,,,,1.0
499142.0,2023-01-14,,16:20:00,RJ,101,327,NITEROI,DEMAIS FALHAS MECÂNICAS OU ELÉTRICAS,INCÊNDIO,SEM VÍTIMAS,PLENO DIA,Decrescente,CÉU CLARO,MÚLTIPLA,Reta,Sim,1,0,0,0,1,0,0,1,-22.87117393,-43.15595099,SPRF-RJ,DEL02-RJ,UOP01-DEL02-RJ,2023,,16,,,,0.0
499328.0,2023-01-15,,12:40:00,RJ,101,291,ITABORAI,MANOBRA DE MUDANÇA DE FAIXA,COLISÃO TRASEIRA,COM VÍTIMAS FERIDAS,PLENO DIA,Crescente,CÉU CLARO,DUPLA,Reta,Não,6,0,1,0,5,0,1,5,-22.76457445,-42.86989322,SPRF-RJ,DEL02-RJ,UOP02-DEL02-RJ,2023,,12,,,,1.0
499388.0,2023-01-15,,18:40:00,RJ,101,"321,5",NITEROI,CONDUTOR DEIXOU DE MANTER DISTÂNCIA DO VEÍCULO DA FRENTE,COLISÃO TRASEIRA,COM VÍTIMAS FERIDAS,ANOITECER,Crescente,CÉU CLARO,MÚLTIPLA,Reta,Sim,3,0,1,0,1,1,1,2,-22.86981096,-43.11046465,SPRF-RJ,DEL02-RJ,UOP01-DEL02-RJ,2023,,18,,,,1.0
499558.0,2023-01-16,,14:25:00,RJ,101,283,ITABORAI,ACUMULO DE AREIA OU DETRITOS SOBRE O PAVIMENTO,QUEDA DE OCUPANTE DE VEÍCULO,COM VÍTIMAS FERIDAS,PLENO DIA,Crescente,CÉU CLARO,SIMPLES,Curva,Sim,2,0,2,0,0,0,2,1,-22.73591014,-42.80592689,SPRF-RJ,DEL02-RJ,UOP02-DEL02-RJ,2023,,14,,,,1.0
499571.0,2023-01-16,,13:20:00,RJ,101,283,ITABORAI,MANOBRA DE MUDANÇA DE FAIXA,COLISÃO LATERAL MESMO SENTIDO,COM VÍTIMAS FERIDAS,PLENO DIA,Decrescente,CÉU CLARO,DUPLA,Curva,Sim,2,0,1,0,1,0,1,2,-22.73591014,-42.80592689,SPRF-RJ,DEL02-RJ,UOP02-DEL02-RJ,2023,,13,,,,1.0
499726.0,2023-01-17,,08:45:00,RJ,101,325,NITEROI,AUSÊNCIA DE REAÇÃO DO CONDUTOR,QUEDA DE OCUPANTE DE VEÍCULO,COM VÍTIMAS FERIDAS,PLENO DIA,Crescente,CÉU CLARO,DUPLA,Reta,Não,1,0,1,0,0,0,1,1,-22.87292569,-43.13625699,SPRF-RJ,DEL02-RJ,UOP01-DEL02-RJ,2023,,8,,,,1.0
499734.0,2023-01-17,,12:40:00,RJ,101,325,NITEROI,REAÇÃO TARDIA OU INEFICIENTE DO CONDUTOR,TOMBAMENTO,COM VÍTIMAS FERIDAS,PLENO DIA,Decrescente,CÉU CLARO,DUPLA,Declive;Ponte;Reta,Sim,2,0,2,0,0,0,2,2,-22.87292569,-43.13625699,SPRF-RJ,DEL02-RJ,UOP01-DEL02-RJ,2023,,12,,,,1.0
499799.0,2023-01-17,,21:20:00,RJ,101,316,SAO GONCALO,ACUMULO DE AREIA OU DETRITOS SOBRE O PAVIMENTO,QUEDA DE OCUPANTE DE VEÍCULO,COM VÍTIMAS FERIDAS,PLENA NOITE,Crescente,CÉU CLARO,DUPLA,Reta,Não,2,0,2,0,0,0,2,1,-22.82835879,-43.09208739,SPRF-RJ,DEL02-RJ,UOP02-DEL02-RJ,2023,,21,,,,1.0
500010.0,2023-01-15,,20:30:00,RJ,101,296,ITABORAI,ACESSAR A VIA SEM OBSERVAR A PRESENÇA DOS OUTROS VEÍCULOS,ATROPELAMENTO DE PEDESTRE,COM VÍTIMAS FATAIS,PLENA NOITE,Decrescente,CÉU CLARO,DUPLA,Reta,Sim,2,1,0,0,1,0,0,2,-22.7670498,-42.91019601,SPRF-RJ,DEL02-RJ,UOP02-DEL02-RJ,2023,,20,,,,2.0
500037.0,2023-01-19,,09:06:00,RJ,493,2,ITABORAI,MANOBRA DE MUDANÇA DE FAIXA,CAPOTAMENTO,COM VÍTIMAS FERIDAS,PLENO DIA,Decrescente,CÉU CLARO,DUPLA,Reta,Sim,1,0,1,0,0,0,1,1,-22.75950214,-42.93544822,SPRF-RJ,DEL02-RJ,UOP02-DEL02-RJ,2023,,9,,,,1.0
500060.0,2023-01-19,,12:25:00,RJ,101,322,NITEROI,AUSÊNCIA DE REAÇÃO DO CONDUTOR,TOMBAMENTO,COM VÍTIMAS FERIDAS,PLENO DIA,Decrescente,CÉU CLARO,DUPLA,Reta,Sim,1,0,1,0,0,0,1,1,-22.878923,-43.110676,SPRF-RJ,DEL02-RJ,UOP01-DEL02-RJ,2023,,12,,,,1.0
500097.0,2023-01-19,,17:00:00,RJ,101,272,RIO BONITO,VELOCIDADE INCOMPATÍVEL,ENGAVETAMENTO,COM VÍTIMAS FERIDAS,PLENO DIA,Decrescente,CÉU CLARO,DUPLA,Reta,Não,7,0,1,0,6,0,1,3,-22.72935968,-42.70112512,SPRF-RJ,DEL02-RJ,UOP03-DEL02-RJ,2023,,17,,,,1.0
500130.0,2023-01-19,,19:00:00,RJ,101,319,NITEROI,TRAFEGAR COM MOTOCICLETA (OU SIMILAR) ENTRE AS FAIXAS,COLISÃO LATERAL MESMO SENTIDO,COM VÍTIMAS FERIDAS,PLENA NOITE,Decrescente,CÉU CLARO,DUPLA,Reta,Não,3,0,1,0,2,0,1,3,-22.85411774,-43.1018014,SPRF-RJ,DEL02-RJ,UOP02-DEL02-RJ,2023,,19,,,,1.0
500255.0,2023-01-20,,13:35:00,RJ,101,307,SAO GONCALO,AUSÊNCIA DE REAÇÃO DO CONDUTOR,COLISÃO TRASEIRA,COM VÍTIMAS FERIDAS,PLENO DIA,Decrescente,CÉU CLARO,DUPLA,Reta,Sim,2,0,1,0,1,0,1,2,-22.79115777,-43.01514205,SPRF-RJ,DEL02-RJ,UOP02-DEL02-RJ,2023,,13,,,,1.0
500415.0,2023-01-19,,20:46:00,RJ,101,313,SAO GONCALO,AUSÊNCIA DE REAÇÃO DO CONDUTOR,COLISÃO TRASEIRA,COM VÍTIMAS FERIDAS,PLENA NOITE,Decrescente,CÉU CLARO,SIMPLES,Reta,Sim,2,0,1,0,1,0,1,2,-22.81049093,-43.06983304,SPRF-RJ,DEL02-RJ,UOP02-DEL02-RJ,2023,,20,,,,1.0
500684.0,2023-01-19,,21:40:00,RJ,101,293,ITABORAI,MAL SÚBITO DO CONDUTOR,QUEDA DE OCUPANTE DE VEÍCULO,COM VÍTIMAS FERIDAS,PLENA NOITE,Decrescente,CÉU CLARO,DUPLA,Curva,Sim,1,0,1,0,0,0,1,1,-22.756203,-42.88724,SPRF-RJ,DEL02-RJ,UOP02-DEL02-RJ,2023,,21,,,,1.0
501092.0,2023-01-22,,17:00:00,RJ,101,297,ITABORAI,CONVERSÃO PROIBIDA,COLISÃO LATERAL MESMO SENTIDO,COM VÍTIMAS FERIDAS,PLENO DIA,Crescente,CÉU CLARO,SIMPLES,Reta,Sim,3,0,2,0,1,0,2,2,-22.76942037,-42.91873581,SPRF-RJ,DEL02-RJ,UOP02-DEL02-RJ,2023,,17,,,,1.0
501201.0,2023-01-25,,14:40:00,RJ,101,322,NITEROI,MANOBRA DE MUDANÇA DE FAIXA,COLISÃO LATERAL MESMO SENTIDO,COM VÍTIMAS FERIDAS,PLENO DIA,Crescente,CÉU CLARO,MÚLTIPLA,Reta,Sim,2,0,1,0,1,0,1,2,-22.878923,-43.110676,SPRF-RJ,DEL02-RJ,UOP01-DEL02-RJ,2023,,14,,,,1.0
501207.0,2023-01-22,,18:10:00,RJ,101,323,NITEROI,DEMAIS FALHAS MECÂNICAS OU ELÉTRICAS,COLISÃO TRASEIRA,COM VÍTIMAS FERIDAS,ANOITECER,Crescente,CÉU CLARO,MÚLTIPLA,Ponte;Reta,Sim,3,0,1,0,2,0,1,2,-22.87585887,-43.11848402,SPRF-RJ,DEL02-RJ,UOP01-DEL02-RJ,2023,,18,,,,1.0
501208.0,2023-01-22,,12:00:00,RJ,493,1,ITABORAI,ACESSO IRREGULAR,COLISÃO FRONTAL,COM VÍTIMAS FERIDAS,PLENO DIA,Crescente,SOL,SIMPLES,Em Obras,Não,3,0,1,2,0,0,3,2,-22.76398788,-42.92731895,SPRF-RJ,DEL02-RJ,UOP02-DEL02-RJ,2023,,12,,,,1.0
501238.0,2023-01-26,,07:25:00,RJ,101,309,SAO GONCALO,ACESSAR A VIA SEM OBSERVAR A PRESENÇA DOS OUTROS VEÍCULOS,COLISÃO TRASEIRA,COM VÍTIMAS FERIDAS,PLENO DIA,Decrescente,SOL,DUPLA,Reta,Sim,2,0,1,0,1,0,1,2,-22.79498873,-43.03446105,SPRF-RJ,DEL02-RJ,UOP02-DEL02-RJ,2023,,7,,,,1.0
501242.0,2023-01-22,,20:20:00,RJ,101,315,SAO GONCALO,CONDUTOR DEIXOU DE MANTER DISTÂNCIA DO VEÍCULO DA FRENTE,COLISÃO TRASEIRA,COM VÍTIMAS FERIDAS,PLENO DIA,Decrescente,NUBLADO,MÚLTIPLA,Reta,Sim,2,0,2,0,0,0,2,1,-22.82262092,-43.08460805,SPRF-RJ,DEL02-RJ,UOP02-DEL02-RJ,2023,,20,,,,1.0
501305.0,2023-01-23,,04:30:00,RJ,101,290,ITABORAI,ANIMAIS NA PISTA,ATROPELAMENTO DE ANIMAL,COM VÍTIMAS FERIDAS,AMANHECER,Crescente,CÉU CLARO,DUPLA,Reta,Não,3,0,2,0,1,0,2,2,-22.76708384,-42.86081305,SPRF-RJ,DEL02-RJ,UOP02-DEL02-RJ,2023,,4,,,,1.0
501331.0,2023-01-22,,20:00:00,RJ,101,321,NITEROI,ACESSAR A VIA SEM OBSERVAR A PRESENÇA DOS OUTROS VEÍCULOS,COLISÃO TRASEIRA,COM VÍTIMAS FERIDAS,PLENA NOITE,Decrescente,CÉU CLARO,DUPLA,Reta,Não,1,0,0,1,0,0,1,1,-22.86981096,-43.11046465,SPRF-RJ,DEL02-RJ,UOP01-DEL02-RJ,2023,,20,,,,1.0
501461.0,2023-01-27,,06:00:00,RJ,101,305,SAO GONCALO,AUSÊNCIA DE REAÇÃO DO CONDUTOR,ATROPELAMENTO DE ANIMAL,COM VÍTIMAS FERIDAS,AMANHECER,Crescente,CÉU CLARO,DUPLA,Reta,Sim,2,0,1,0,1,0,1,1,-22.78702832,-42.99589293,SPRF-RJ,DEL02-RJ,UOP02-DEL02-RJ,2023,,6,,,,1.0
501658.0,2023-01-08,1.0,10:30:00,RJ,101,"302,6",SAO GONCALO,AUSÊNCIA DE REAÇÃO DO CONDUTOR,CAPOTAMENTO,COM VÍTIMAS FERIDAS,PLENO DIA,Crescente,NUBLADO,DUPLA,Reta,Não,2,0,2,0,0,0,2,1,-22.78069318,-42.96706396,SPRF-RJ,DEL02-RJ,UOP02-DEL02-RJ,2023,2023-08-01,10,2023.0,8.0,Terça,1.0
501664.0,2023-01-28,,08:40:00,RJ,101,323,NITEROI,CONDUTOR DEIXOU DE MANTER DISTÂNCIA DO VEÍCULO DA FRENTE,ENGAVETAMENTO,COM VÍTIMAS FERIDAS,PLENO DIA,Decrescente,CÉU CLARO,DUPLA,Reta,Sim,3,0,1,0,2,0,1,3,-22.87684786,-43.11728689,SPRF-RJ,DEL02-RJ,UOP01-DEL02-RJ,2023,,8,,,,1.0
501877.0,2023-01-29,,06:50:00,RJ,101,271,RIO BONITO,CONDUTOR DORMINDO,SAÍDA DE LEITO CARROÇÁVEL,SEM VÍTIMAS,AMANHECER,Decrescente,CÉU CLARO,DUPLA,Curva,Não,1,0,0,0,1,0,0,1,-22.7244314684,-42.6936814311,SPRF-RJ,DEL02-RJ,UOP03-DEL02-RJ,2023,,6,,,,0.0
501955.0,2023-01-29,,15:12:00,RJ,101,325,NITEROI,CONDUTOR DORMINDO,COLISÃO LATERAL MESMO SENTIDO,COM VÍTIMAS FERIDAS,PLENO DIA,Decrescente,CÉU CLARO,DUPLA,Reta;Ponte,Não,2,0,1,0,1,0,1,2,-22.87292569,-43.13625699,SPRF-RJ,DEL02-RJ,UOP01-DEL02-RJ,2023,,15,,,,1.0
502143.0,2023-01-30,,13:30:00,RJ,101,270,RIO BONITO,CONDUTOR DORMINDO,SAÍDA DE LEITO CARROÇÁVEL,COM VÍTIMAS FERIDAS,PLENO DIA,Crescente,CÉU CLARO,DUPLA,Reta,Sim,1,0,1,0,0,0,1,1,-22.71852325,-42.68689289,SPRF-RJ,DEL02-RJ,UOP03-DEL02-RJ,2023,,13,,,,1.0
502294.0,2023-01-31,,08:50:00,RJ,101,319,NITEROI,MANOBRA DE MUDANÇA DE FAIXA,COLISÃO LATERAL MESMO SENTIDO,COM VÍTIMAS FERIDAS,PLENO DIA,Crescente,CÉU CLARO,DUPLA,Reta,Sim,3,0,2,0,1,0,2,2,-22.85411774,-43.1018014,SPRF-RJ,DEL02-RJ,UOP02-DEL02-RJ,2023,,8,,,,1.0
502422.0,2023-01-31,,21:50:00,RJ,101,313,SAO GONCALO,REAÇÃO TARDIA OU INEFICIENTE DO CONDUTOR,CAPOTAMENTO,COM VÍTIMAS FERIDAS,PLENA NOITE,Crescente,CÉU CLARO,SIMPLES,Reta,Sim,1,0,0,1,0,0,1,1,-22.81049093,-43.06983304,SPRF-RJ,DEL02-RJ,UOP02-DEL02-RJ,2023,,21,,,,1.0
502455.0,2023-02-01,0.0,07:20:00,RJ,101,322,NITEROI,REAÇÃO TARDIA OU INEFICIENTE DO CONDUTOR,COLISÃO TRASEIRA,COM VÍTIMAS FERIDAS,PLENO DIA,Crescente,CÉU CLARO,SIMPLES,Reta;Ponte,Sim,3,0,1,0,2,0,1,2,-22.878923,-43.110676,SPRF-RJ,DEL02-RJ,UOP01-DEL02-RJ,2023,2023-01-02,7,2023.0,1.0,Segunda,1.0
502526.0,2023-01-12,4.0,07:10:00,RJ,101,324,NITEROI,TRAFEGAR COM MOTOCICLETA (OU SIMILAR) ENTRE AS FAIXAS,COLISÃO LATERAL MESMO SENTIDO,COM VÍTIMAS FERIDAS,PLENO DIA,Crescente,NUBLADO,DUPLA,Reta,Não,4,0,1,0,3,0,1,2,-22.87381074,-43.12640997,SPRF-RJ,DEL02-RJ,UOP01-DEL02-RJ,2023,2023-12-01,7,2023.0,12.0,Sexta,1.0
502551.0,2023-02-01,0.0,19:30:00,RJ,101,265,RIO BONITO,AVARIAS E/OU DESGASTE EXCESSIVO NO PNEU,TOMBAMENTO,COM VÍTIMAS FERIDAS,PLENA NOITE,Crescente,NUBLADO,DUPLA,Reta,Não,2,0,2,0,0,0,2,1,-22.71359987,-42.64391188,SPRF-RJ,DEL02-RJ,UOP03-DEL02-RJ,2023,2023-01-02,19,2023.0,1.0,Segunda,1.0
502608.0,2023-02-02,3.0,08:20:00,RJ,101,322,NITEROI,CONDUTOR DEIXOU DE MANTER DISTÂNCIA DO VEÍCULO DA FRENTE,COLISÃO TRASEIRA,COM VÍTIMAS FERIDAS,PLENO DIA,Crescente,NUBLADO,DUPLA,Reta,Sim,2,0,1,0,1,0,1,2,-22.87844872,-43.11072707,SPRF-RJ,DEL02-RJ,UOP01-DEL02-RJ,2023,2023-02-02,8,2023.0,2.0,Quinta,1.0
502642.0,2023-02-02,3.0,09:30:00,RJ,101,296,ITABORAI,OBJETO ESTÁTICO SOBRE O LEITO CARROÇÁVEL,QUEDA DE OCUPANTE DE VEÍCULO,COM VÍTIMAS FERIDAS,PLENO DIA,Decrescente,CÉU CLARO,DUPLA,Curva,Sim,1,0,1,0,0,0,1,1,-22.7670498,-42.91019601,SPRF-RJ,DEL02-RJ,UOP02-DEL02-RJ,2023,2023-02-02,9,2023.0,2.0,Quinta,1.0
502845.0,2023-01-30,,16:40:00,RJ,101,311,SAO GONCALO,DEMAIS FALHAS MECÂNICAS OU ELÉTRICAS,QUEDA DE OCUPANTE DE VEÍCULO,COM VÍTIMAS FERIDAS,PLENO DIA,Decrescente,SOL,DUPLA,Reta,Sim,2,0,1,0,1,0,1,1,-22.80062246,-43.05318779,SPRF-RJ,DEL02-RJ,UOP02-DEL02-RJ,2023,,16,,,,1.0
502938.0,2023-02-03,3.0,16:00:00,RJ,101,329,NITEROI,REAÇÃO TARDIA OU INEFICIENTE DO CONDUTOR,COLISÃO TRASEIRA,COM VÍTIMAS FERIDAS,PLENO DIA,Decrescente,CHUVA,MÚLTIPLA,Reta,Não,2,0,1,0,1,0,1,2,-22.86939305,-43.175642,SPRF-RJ,DEL02-RJ,UOP01-DEL02-RJ,2023,2023-03-02,16,2023.0,3.0,Quinta,1.0
503068.0,2023-02-04,6.0,15:10:00,RJ,101,261,RIO BONITO,CONDUTOR USANDO CELULAR,SAÍDA DE LEITO CARROÇÁVEL,COM VÍTIMAS FERIDAS,PLENO DIA,Crescente,CÉU CLARO,DUPLA,Reta,Não,2,0,1,0,1,0,1,1,-22.71139378,-42.61157199,SPRF-RJ,DEL02-RJ,UOP03-DEL02-RJ,2023,2023-04-02,15,2023.0,4.0,Domingo,1.0
503184.0,2023-02-04,6.0,21:00:00,RJ,101,319,SAO GONCALO,ENTRADA INOPINADA DO PEDESTRE,COLISÃO LATERAL MESMO SENTIDO,SEM VÍTIMAS,PLENA NOITE,Decrescente,CÉU CLARO,SIMPLES,Reta,Não,2,0,0,0,2,0,0,2,-22.85411774,-43.1018014,SPRF-RJ,DEL02-RJ,UOP02-DEL02-RJ,2023,2023-04-02,21,2023.0,4.0,Domingo,0.0
503306.0,2023-02-05,1.0,12:20:00,RJ,101,272,RIO BONITO,MANOBRA DE MUDANÇA DE FAIXA,TOMBAMENTO,COM VÍTIMAS FERIDAS,PLENO DIA,Crescente,SOL,DUPLA,Reta;Ponte,Não,1,0,1,0,0,0,1,1,-22.72935968,-42.70112512,SPRF-RJ,DEL02-RJ,UOP03-DEL02-RJ,2023,2023-05-02,12,2023.0,5.0,Terça,1.0
503539.0,2023-02-06,4.0,15:30:00,RJ,101,265,RIO BONITO,REAÇÃO TARDIA OU INEFICIENTE DO CONDUTOR,SAÍDA DE LEITO CARROÇÁVEL,COM VÍTIMAS FERIDAS,PLENO DIA,Decrescente,NUBLADO,DUPLA,Curva,Sim,2,0,1,0,1,0,1,1,-22.71359987,-42.64391188,SPRF-RJ,DEL02-RJ,UOP03-DEL02-RJ,2023,2023-06-02,15,2023.0,6.0,Sexta,1.0
503696.0,2023-02-07,6.0,08:15:00,RJ,101,319,NITEROI,AUSÊNCIA DE REAÇÃO DO CONDUTOR,COLISÃO LATERAL MESMO SENTIDO,COM VÍTIMAS FERIDAS,PLENO DIA,Crescente,CÉU CLARO,DUPLA,Reta,Sim,2,0,1,0,1,0,1,1,-22.85713538,-43.10395718,SPRF-RJ,DEL02-RJ,UOP02-DEL02-RJ,2023,2023-07-02,8,2023.0,7.0,Domingo,1.0
503791.0,2023-02-07,6.0,06:45:00,RJ,101,321,NITEROI,TRAFEGAR COM MOTOCICLETA (OU SIMILAR) ENTRE AS FAIXAS,COLISÃO LATERAL MESMO SENTIDO,COM VÍTIMAS FERIDAS,PLENO DIA,Crescente,CÉU CLARO,DUPLA,Curva,Não,2,0,1,0,1,0,1,2,-22.86981096,-43.11046465,SPRF-RJ,DEL02-RJ,UOP01-DEL02-RJ,2023,2023-07-02,6,2023.0,7.0,Domingo,1.0
503884.0,2023-02-08,2.0,15:00:00,RJ,101,272,RIO BONITO,DEMAIS FALHAS MECÂNICAS OU ELÉTRICAS,QUEDA DE OCUPANTE DE VEÍCULO,COM VÍTIMAS FERIDAS,PLENO DIA,Decrescente,CHUVA,DUPLA,Reta,Sim,2,0,1,0,1,0,1,1,-22.72935968,-42.70112512,SPRF-RJ,DEL02-RJ,UOP03-DEL02-RJ,2023,2023-08-02,15,2023.0,8.0,Quarta,1.0
503983.0,2023-01-17,,16:02:00,RJ,101,297,ITABORAI,ENTRADA INOPINADA DO PEDESTRE,ATROPELAMENTO DE PEDESTRE,COM VÍTIMAS FERIDAS,PLENO DIA,Decrescente,CÉU CLARO,SIMPLES,Curva,Sim,2,0,0,1,1,0,1,2,-22.76942037,-42.91873581,SPRF-RJ,DEL02-RJ,UOP02-DEL02-RJ,2023,,16,,,,1.0
504270.0,2023-02-10,0.0,12:25:00,RJ,101,294,ITABORAI,AUSÊNCIA DE REAÇÃO DO CONDUTOR,COLISÃO TRASEIRA,COM VÍTIMAS FERIDAS,PLENO DIA,Decrescente,CÉU CLARO,DUPLA,Reta,Sim,2,0,1,0,1,0,1,2,-22.7584434,-42.89502344,SPRF-RJ,DEL02-RJ,UOP02-DEL02-RJ,2023,2023-10-02,12,2023.0,10.0,Segunda,1.0
504327.0,2023-02-10,0.0,19:30:00,RJ,101,269,RIO BONITO,ACESSAR A VIA SEM OBSERVAR A PRESENÇA DOS OUTROS VEÍCULOS,ATROPELAMENTO DE PEDESTRE,COM VÍTIMAS FERIDAS,PLENA NOITE,Decrescente,CÉU CLARO,DUPLA,Reta,Sim,2,0,1,0,0,1,1,2,-22.71495082,-42.67804708,SPRF-RJ,DEL02-RJ,UOP03-DEL02-RJ,2023,2023-10-02,19,2023.0,10.0,Segunda,1.0
504464.0,2023-02-11,3.0,11:43:00,RJ,101,"294,3",ITABORAI,CONDUTOR DEIXOU DE MANTER DISTÂNCIA DO VEÍCULO DA FRENTE,COLISÃO TRASEIRA,COM VÍTIMAS FERIDAS,PLENO DIA,Decrescente,SOL,DUPLA,Reta,Sim,5,0,1,0,4,0,1,4,-22.7584434,-42.89502344,SPRF-RJ,DEL02-RJ,UOP02-DEL02-RJ,2023,2023-11-02,11,2023.0,11.0,Quinta,1.0
504626.0,2023-02-08,2.0,11:30:00,RJ,101,284,ITABORAI,AUSÊNCIA DE REAÇÃO DO CONDUTOR,COLISÃO TRASEIRA,COM VÍTIMAS FERIDAS,PLENO DIA,Decrescente,CÉU CLARO,DUPLA,Reta,Não,4,0,1,0,3,0,1,3,-22.74431564,-42.80870139,SPRF-RJ,DEL02-RJ,UOP02-DEL02-RJ,2023,2023-08-02,11,2023.0,8.0,Quarta,1.0
504880.0,2023-02-13,,10:10:00,RJ,101,327,NITEROI,CONDUTOR DEIXOU DE MANTER DISTÂNCIA DO VEÍCULO DA FRENTE,ENGAVETAMENTO,COM VÍTIMAS FERIDAS,PLENO DIA,Decrescente,CÉU CLARO,DUPLA,Reta,Não,4,0,1,0,3,0,1,4,-22.87117393,-43.15595099,SPRF-RJ,DEL02-RJ,UOP01-DEL02-RJ,2023,,10,,,,1.0
504919.0,2023-02-13,,10:50:00,RJ,101,291,ITABORAI,DEMAIS FALHAS NA VIA,TOMBAMENTO,COM VÍTIMAS FERIDAS,PLENO DIA,Crescente,CÉU CLARO,DUPLA,Reta,Não,1,0,1,0,0,0,1,1,-22.76457445,-42.86989322,SPRF-RJ,DEL02-RJ,UOP02-DEL02-RJ,2023,,10,,,,1.0
504953.0,2023-01-19,,17:42:00,RJ,101,295,ITABORAI,CONDUTOR DEIXOU DE MANTER DISTÂNCIA DO VEÍCULO DA FRENTE,TOMBAMENTO,COM VÍTIMAS FERIDAS,PLENO DIA,Decrescente,CÉU CLARO,DUPLA,Reta,Sim,1,0,0,1,0,0,1,1,-22.76365068,-42.90223623,SPRF-RJ,DEL02-RJ,UOP02-DEL02-RJ,2023,,17,,,,1.0
504983.0,2023-02-13,,17:40:00,RJ,101,327,NITEROI,REAÇÃO TARDIA OU INEFICIENTE DO CONDUTOR,COLISÃO TRASEIRA,COM VÍTIMAS FERIDAS,PLENO DIA,Crescente,NUBLADO,MÚLTIPLA,Reta,Não,3,0,1,0,2,0,1,2,-22.87117393,-43.15595099,SPRF-RJ,DEL02-RJ,UOP01-DEL02-RJ,2023,,17,,,,1.0
505275.0,2023-02-15,,12:55:00,RJ,101,300,SAO GONCALO,AUSÊNCIA DE REAÇÃO DO CONDUTOR,COLISÃO LATERAL MESMO SENTIDO,COM VÍTIMAS FERIDAS,PLENO DIA,Decrescente,CÉU CLARO,DUPLA,Reta,Sim,2,0,1,0,1,0,1,2,-22.77645713,-42.94783697,SPRF-RJ,DEL02-RJ,UOP02-DEL02-RJ,2023,,12,,,,1.0
505397.0,2023-02-16,,06:05:00,RJ,101,"306,6",SAO GONCALO,REAÇÃO TARDIA OU INEFICIENTE DO CONDUTOR,COLISÃO TRASEIRA,COM VÍTIMAS FERIDAS,PLENO DIA,Decrescente,CÉU CLARO,DUPLA,Reta;Viaduto,Sim,11,0,7,0,4,0,7,2,-22.790601,-43.012285,SPRF-RJ,DEL02-RJ,UOP02-DEL02-RJ,2023,,6,,,,1.0
505429.0,2023-02-13,,19:14:00,RJ,101,322,NITEROI,MANOBRA DE MUDANÇA DE FAIXA,COLISÃO LATERAL MESMO SENTIDO,SEM VÍTIMAS,PLENA NOITE,Decrescente,GAROA/CHUVISCO,MÚLTIPLA,Reta,Não,2,0,0,0,2,0,0,2,-22.878923,-43.110676,SPRF-RJ,DEL02-RJ,UOP01-DEL02-RJ,2023,,19,,,,0.0
505484.0,2023-02-16,,16:50:00,RJ,101,295,ITABORAI,TRAFEGAR COM MOTOCICLETA (OU SIMILAR) ENTRE AS FAIXAS,COLISÃO LATERAL MESMO SENTIDO,COM VÍTIMAS FERIDAS,PLENO DIA,Decrescente,CÉU CLARO,DUPLA,Reta,Não,2,0,1,0,1,0,1,2,-22.76365068,-42.90223623,SPRF-RJ,DEL02-RJ,UOP02-DEL02-RJ,2023,,16,,,,1.0
505532.0,2023-02-13,,02:30:00,RJ,101,318,SAO GONCALO,INGESTÃO DE ÁLCOOL E/OU SUBSTÂNCIAS PSICOATIVAS PELO PEDESTRE,COLISÃO COM OBJETO,COM VÍTIMAS FERIDAS,PLENA NOITE,Decrescente,CÉU CLARO,DUPLA,Reta,Não,1,0,1,0,0,0,1,1,-22.84562994,-43.09841211,SPRF-RJ,DEL02-RJ,UOP02-DEL02-RJ,2023,,2,,,,1.0
505536.0,2023-02-16,,23:00:00,RJ,101,325,NITEROI,VELOCIDADE INCOMPATÍVEL,COLISÃO TRASEIRA,COM VÍTIMAS FERIDAS,PLENA NOITE,Crescente,CÉU CLARO,MÚLTIPLA,Reta,Não,6,0,5,0,1,0,5,2,-22.87292569,-43.13625699,SPRF-RJ,DEL02-RJ,UOP01-DEL02-RJ,2023,,23,,,,1.0