id,data_inversa,dia_semana,horario,uf,br,km,municipio,causa_acidente,tipo_acidente,classificacao_acidente,fase_dia,sentido_via,condicao_metereologica,tipo_pista,tracado_via,uso_solo,pessoas,mortos,feridos_leves,feridos_graves,ilesos,ignorados,feridos,veiculos,latitude,longitude,regional,delegacia,uop,ano_arquivo,data,hora,ano,mes,dia_semana_nome,gravidade
505847.0,2023-02-18,,08:45:00,RJ,101,300,SAO GONCALO,AUSÊNCIA DE REAÇÃO DO CONDUTOR,ATROPELAMENTO DE PEDESTRE,COM VÍTIMAS FERIDAS,PLENO DIA,Decrescente,CÉU CLARO,DUPLA,Reta,Sim,2,0,1,0,1,0,1,2,-22.77645713,-42.94783697,SPRF-RJ,DEL02-RJ,UOP02-DEL02-RJ,2023,,8,,,,1.0
505862.0,2023-02-18,,07:10:00,RJ,101,304,SAO GONCALO,TRAFEGAR COM MOTOCICLETA (OU SIMILAR) ENTRE AS FAIXAS,COLISÃO TRANSVERSAL,COM VÍTIMAS FERIDAS,PLENO DIA,Decrescente,CÉU CLARO,DUPLA,Reta,Sim,2,0,1,0,1,0,1,2,-22.78491869,-42.98627706,SPRF-RJ,DEL02-RJ,UOP02-DEL02-RJ,2023,,7,,,,1.0
505952.0,2023-02-18,,16:14:00,RJ,101,289,ITABORAI,TRAFEGAR COM MOTOCICLETA (OU SIMILAR) ENTRE AS FAIXAS,COLISÃO LATERAL MESMO SENTIDO,COM VÍTIMAS FERIDAS,PLENO DIA,Decrescente,NUBLADO,DUPLA,Reta;Viaduto,Não,3,0,1,0,2,0,1,2,-22.76376316,-42.85172094,SPRF-RJ,DEL02-RJ,UOP02-DEL02-RJ,2023,,16,,,,1.0
506390.0,2023-02-20,,21:05:00,RJ,101,307,SAO GONCALO,REAÇÃO TARDIA OU INEFICIENTE DO CONDUTOR,COLISÃO TRASEIRA,COM VÍTIMAS FERIDAS,PLENA NOITE,Crescente,CÉU CLARO,DUPLA,Reta,Sim,7,0,4,0,3,0,4,2,-22.79115777,-43.01514205,SPRF-RJ,DEL02-RJ,UOP02-DEL02-RJ,2023,,21,,,,1.0
506401.0,2023-02-20,,13:00:00,RJ,101,298,ITABORAI,INGESTÃO DE SUBSTÂNCIAS PSICOATIVAS PELO CONDUTOR,SAÍDA DE LEITO CARROÇÁVEL,COM VÍTIMAS FERIDAS,PLENO DIA,Crescente,CÉU CLARO,DUPLA,Reta,Sim,2,0,1,0,1,0,1,1,-22.7714,-42.92896,SPRF-RJ,DEL02-RJ,UOP02-DEL02-RJ,2023,,13,,,,1.0
506450.0,2023-02-21,,07:52:00,RJ,101,322,NITEROI,MANOBRA DE MUDANÇA DE FAIXA,COLISÃO LATERAL MESMO SENTIDO,SEM VÍTIMAS,PLENO DIA,Decrescente,CÉU CLARO,SIMPLES,Reta;Ponte,Sim,4,0,0,0,3,1,0,2,-22.878923,-43.110676,SPRF-RJ,DEL02-RJ,UOP01-DEL02-RJ,2023,,7,,,,0.0
506520.0,2023-02-21,,17:58:00,RJ,101,308,SAO GONCALO,ANIMAIS NA PISTA,ATROPELAMENTO DE ANIMAL,COM VÍTIMAS FERIDAS,PLENO DIA,Decrescente,CÉU CLARO,DUPLA,Reta,Não,3,0,0,1,2,0,1,2,-22.79309326,-43.02479595,SPRF-RJ,DEL02-RJ,UOP02-DEL02-RJ,2023,,17,,,,1.0
506535.0,2023-02-21,,20:30:00,RJ,101,322,NITEROI,CONDUTOR DEIXOU DE MANTER DISTÂNCIA DO VEÍCULO DA FRENTE,COLISÃO TRASEIRA,COM VÍTIMAS FERIDAS,PLENA NOITE,Crescente,CÉU CLARO,DUPLA,Reta,Sim,4,0,1,0,3,0,1,4,-22.878923,-43.110676,SPRF-RJ,DEL02-RJ,UOP01-DEL02-RJ,2023,,20,,,,1.0
506648.0,2023-02-22,,11:50:00,RJ,101,318,SAO GONCALO,AVARIAS E/OU DESGASTE EXCESSIVO NO PNEU,QUEDA DE OCUPANTE DE VEÍCULO,COM VÍTIMAS FERIDAS,PLENO DIA,Crescente,NUBLADO,DUPLA,Reta,Sim,1,0,1,0,0,0,1,1,-22.84562994,-43.09841211,SPRF-RJ,DEL02-RJ,UOP02-DEL02-RJ,2023,,11,,,,1.0
506730.0,2023-02-22,,13:30:00,RJ,101,309,SAO GONCALO,DEMAIS FALHAS MECÂNICAS OU ELÉTRICAS,INCÊNDIO,SEM VÍTIMAS,PLENO DIA,Crescente,SOL,DUPLA,Reta,Sim,1,0,0,0,1,0,0,1,-22.79498873,-43.03446105,SPRF-RJ,DEL02-RJ,UOP02-DEL02-RJ,2023,,13,,,,0.0
506756.0,2023-02-23,,07:00:00,RJ,101,"307,8",SAO GONCALO,CONDUTOR DEIXOU DE MANTER DISTÂNCIA DO VEÍCULO DA FRENTE,COLISÃO LATERAL MESMO SENTIDO,SEM VÍTIMAS,PLENO DIA,Crescente,SOL,DUPLA,Reta,Sim,2,0,0,0,2,0,0,2,-22.79115777,-43.01514205,SPRF-RJ,DEL02-RJ,UOP02-DEL02-RJ,2023,,7,,,,0.0
506771.0,2023-02-23,,07:30:00,RJ,101,318,SAO GONCALO,TRAFEGAR COM MOTOCICLETA (OU SIMILAR) ENTRE AS FAIXAS,COLISÃO LATERAL MESMO SENTIDO,COM VÍTIMAS FERIDAS,PLENO DIA,Crescente,CÉU CLARO,MÚLTIPLA,Reta,Sim,2,0,1,0,1,0,1,2,-22.84562994,-43.09841211,SPRF-RJ,DEL02-RJ,UOP02-DEL02-RJ,2023,,7,,,,1.0
506803.0,2023-02-23,,12:40:00,RJ,101,"306,7",SAO GONCALO,REAÇÃO TARDIA OU INEFICIENTE DO CONDUTOR,COLISÃO TRASEIRA,COM VÍTIMAS FERIDAS,PLENO DIA,Crescente,CÉU CLARO,SIMPLES,Reta,Sim,2,0,0,1,1,0,1,2,-22.78913759,-43.00550909,SPRF-RJ,DEL02-RJ,UOP02-DEL02-RJ,2023,,12,,,,1.0
507141.0,2023-02-25,,15:10:00,RJ,101,324,NITEROI,AUSÊNCIA DE REAÇÃO DO CONDUTOR,COLISÃO TRASEIRA,SEM VÍTIMAS,PLENO DIA,Crescente,CÉU CLARO,DUPLA,Reta,Não,2,0,0,0,2,0,0,2,-22.87381074,-43.12640997,SPRF-RJ,DEL02-RJ,UOP01-DEL02-RJ,2023,,15,,,,0.0
507265.0,2023-02-26,,05:30:00,RJ,101,311,SAO GONCALO,AUSÊNCIA DE REAÇÃO DO CONDUTOR,COLISÃO TRASEIRA,COM VÍTIMAS FERIDAS,AMANHECER,Decrescente,CÉU CLARO,DUPLA,Reta,Sim,2,0,1,0,0,1,1,2,-22.80062246,-43.05318779,SPRF-RJ,DEL02-RJ,UOP02-DEL02-RJ,2023,,5,,,,1.0
507320.0,2023-02-26,,11:15:00,RJ,101,283,ITABORAI,ACESSAR A VIA SEM OBSERVAR A PRESENÇA DOS OUTROS VEÍCULOS,QUEDA DE OCUPANTE DE VEÍCULO,COM VÍTIMAS FERIDAS,PLENO DIA,Decrescente,CÉU CLARO,DUPLA,Curva,Sim,2,0,0,2,0,0,2,1,-22.73591014,-42.80592689,SPRF-RJ,DEL02-RJ,UOP02-DEL02-RJ,2023,,11,,,,1.0
507443.0,2023-02-27,,07:20:00,RJ,101,"316,5",SAO GONCALO,CONDUTOR DEIXOU DE MANTER DISTÂNCIA DO VEÍCULO DA FRENTE,COLISÃO TRASEIRA,COM VÍTIMAS FERIDAS,PLENO DIA,Crescente,SOL,DUPLA,Reta,Sim,3,0,2,0,1,0,2,2,-22.82835879,-43.09208739,SPRF-RJ,DEL02-RJ,UOP02-DEL02-RJ,2023,,7,,,,1.0
507620.0,2023-02-28,,08:00:00,RJ,101,319,SAO GONCALO,MANOBRA DE MUDANÇA DE FAIXA,COLISÃO LATERAL MESMO SENTIDO,COM VÍTIMAS FERIDAS,PLENO DIA,Crescente,NUBLADO,DUPLA,Reta,Sim,2,0,1,0,1,0,1,2,-22.85411774,-43.1018014,SPRF-RJ,DEL02-RJ,UOP02-DEL02-RJ,2023,,8,,,,1.0
507645.0,2023-02-28,,09:30:00,RJ,101,311,SAO GONCALO,AVARIAS E/OU DESGASTE EXCESSIVO NO PNEU,QUEDA DE OCUPANTE DE VEÍCULO,COM VÍTIMAS FERIDAS,PLENO DIA,Crescente,CÉU CLARO,DUPLA,Reta,Não,2,0,2,0,0,0,2,1,-22.80062246,-43.05318779,SPRF-RJ,DEL02-RJ,UOP02-DEL02-RJ,2023,,9,,,,1.0
507694.0,2023-02-28,,16:00:00,RJ,101,321,NITEROI,PEDESTRE CRUZAVA A PISTA FORA DA FAIXA,ATROPELAMENTO DE PEDESTRE,COM VÍTIMAS FERIDAS,PLENO DIA,Decrescente,SOL,DUPLA,Reta,Sim,4,0,0,1,3,0,1,4,-22.86981096,-43.11046465,SPRF-RJ,DEL02-RJ,UOP01-DEL02-RJ,2023,,16,,,,1.0
507859.0,2023-03-01,1.0,14:00:00,RJ,101,307,SAO GONCALO,FREAR BRUSCAMENTE,COLISÃO TRASEIRA,COM VÍTIMAS FERIDAS,PLENO DIA,Decrescente,CÉU CLARO,DUPLA,Reta,Não,2,0,1,0,0,1,1,2,-22.79115777,-43.01514205,SPRF-RJ,DEL02-RJ,UOP02-DEL02-RJ,2023,2023-01-03,14,2023.0,1.0,Terça,1.0
507911.0,2023-02-28,,22:17:00,RJ,101,294,ITABORAI,REAÇÃO TARDIA OU INEFICIENTE DO CONDUTOR,COLISÃO TRASEIRA,COM VÍTIMAS FERIDAS,PLENA NOITE,Crescente,CÉU CLARO,DUPLA,Reta,Sim,2,0,1,0,1,0,1,2,-22.7584434,-42.89502344,SPRF-RJ,DEL02-RJ,UOP02-DEL02-RJ,2023,,22,,,,1.0
507996.0,2023-03-02,4.0,06:40:00,RJ,101,317,SAO GONCALO,REAÇÃO TARDIA OU INEFICIENTE DO CONDUTOR,COLISÃO TRASEIRA,COM VÍTIMAS FERIDAS,PLENO DIA,Crescente,CÉU CLARO,DUPLA,Reta,Não,2,0,1,0,1,0,1,2,-22.83707798,-43.09492006,SPRF-RJ,DEL02-RJ,UOP02-DEL02-RJ,2023,2023-02-03,6,2023.0,2.0,Sexta,1.0
508019.0,2023-02-28,,21:20:00,RJ,101,297,ITABORAI,ACESSAR A VIA SEM OBSERVAR A PRESENÇA DOS OUTROS VEÍCULOS,QUEDA DE OCUPANTE DE VEÍCULO,COM VÍTIMAS FATAIS,PLENA NOITE,Decrescente,NUBLADO,DUPLA,Reta,Sim,5,1,0,0,4,0,0,2,-22.77119572,-42.92907715,SPRF-RJ,DEL02-RJ,UOP02-DEL02-RJ,2023,,21,,,,2.0
508209.0,2023-03-03,4.0,10:20:00,RJ,101,318,SAO GONCALO,ACUMULO DE AREIA OU DETRITOS SOBRE O PAVIMENTO,QUEDA DE OCUPANTE DE VEÍCULO,COM VÍTIMAS FERIDAS,PLENO DIA,Crescente,CÉU CLARO,SIMPLES,Curva,Sim,1,0,1,0,0,0,1,1,-22.84562994,-43.09841211,SPRF-RJ,DEL02-RJ,UOP02-DEL02-RJ,2023,2023-03-03,10,2023.0,3.0,Sexta,1.0
508459.0,2023-03-03,4.0,21:20:00,RJ,101,322,NITEROI,CONDUTOR DEIXOU DE MANTER DISTÂNCIA DO VEÍCULO DA FRENTE,COLISÃO TRASEIRA,COM VÍTIMAS FERIDAS,PLENA NOITE,Decrescente,CÉU CLARO,MÚLTIPLA,Reta;Ponte,Sim,2,0,1,0,1,0,1,2,-22.878923,-43.110676,SPRF-RJ,DEL02-RJ,UOP01-DEL02-RJ,2023,2023-03-03,21,2023.0,3.0,Sexta,1.0
508466.0,2023-03-04,0.0,17:00:00,RJ,101,322,NITEROI,AUSÊNCIA DE REAÇÃO DO CONDUTOR,COLISÃO TRASEIRA,SEM VÍTIMAS,PLENO DIA,Crescente,CÉU CLARO,SIMPLES,Reta,Não,2,0,0,0,2,0,0,2,-22.878923,-43.110676,SPRF-RJ,DEL02-RJ,UOP01-DEL02-RJ,2023,2023-04-03,17,2023.0,4.0,Segunda,0.0
508628.0,2023-03-05,2.0,08:30:00,RJ,101,297,ITABORAI,REAÇÃO TARDIA OU INEFICIENTE DO CONDUTOR,QUEDA DE OCUPANTE DE VEÍCULO,COM VÍTIMAS FERIDAS,PLENO DIA,Decrescente,CÉU CLARO,DUPLA,Reta,Sim,1,0,0,1,0,0,1,1,-22.76942037,-42.91873581,SPRF-RJ,DEL02-RJ,UOP02-DEL02-RJ,2023,2023-05-03,8,2023.0,5.0,Quarta,1.0
508743.0,2023-03-05,2.0,19:00:00,RJ,101,317,SAO GONCALO,DEMAIS FALHAS MECÂNICAS OU ELÉTRICAS,INCÊNDIO,SEM VÍTIMAS,PLENA NOITE,Decrescente,GAROA/CHUVISCO,DUPLA,Reta,Sim,2,0,0,0,2,0,0,1,-22.83707798,-43.09492006,SPRF-RJ,DEL02-RJ,UOP02-DEL02-RJ,2023,2023-05-03,19,2023.0,5.0,Quarta,0.0
508910.0,2023-03-06,5.0,07:25:00,RJ,101,316,SAO GONCALO,AUSÊNCIA DE REAÇÃO DO CONDUTOR,COLISÃO LATERAL MESMO SENTIDO,COM VÍTIMAS FERIDAS,PLENO DIA,Crescente,CÉU CLARO,DUPLA,Reta,Sim,3,0,1,0,2,0,1,2,-22.82835879,-43.09208739,SPRF-RJ,DEL02-RJ,UOP02-DEL02-RJ,2023,2023-06-03,7,2023.0,6.0,Sábado,1.0
508912.0,2023-03-06,5.0,17:10:00,RJ,101,296,ITABORAI,TRAFEGAR COM MOTOCICLETA (OU SIMILAR) ENTRE AS FAIXAS,TOMBAMENTO,COM VÍTIMAS FERIDAS,PLENO DIA,Crescente,SOL,DUPLA,Curva,Sim,2,0,1,0,1,0,1,2,-22.7670498,-42.91019601,SPRF-RJ,DEL02-RJ,UOP02-DEL02-RJ,2023,2023-06-03,17,2023.0,6.0,Sábado,1.0
509084.0,2023-03-07,0.0,07:35:00,RJ,101,324,NITEROI,REAÇÃO TARDIA OU INEFICIENTE DO CONDUTOR,ENGAVETAMENTO,COM VÍTIMAS FERIDAS,PLENO DIA,Crescente,CÉU CLARO,MÚLTIPLA,Reta,Não,5,0,2,0,3,0,2,5,-22.87381074,-43.12640997,SPRF-RJ,DEL02-RJ,UOP01-DEL02-RJ,2023,2023-07-03,7,2023.0,7.0,Segunda,1.0
509253.0,2023-03-08,3.0,15:40:00,RJ,101,321,NITEROI,VELOCIDADE INCOMPATÍVEL,QUEDA DE OCUPANTE DE VEÍCULO,COM VÍTIMAS FERIDAS,PLENO DIA,Decrescente,SOL,DUPLA,Curva,Não,2,0,2,0,0,0,2,1,-22.86981096,-43.11046465,SPRF-RJ,DEL02-RJ,UOP01-DEL02-RJ,2023,2023-08-03,15,2023.0,8.0,Quinta,1.0
509322.0,2023-03-08,3.0,22:00:00,RJ,101,306,SAO GONCALO,INGESTÃO DE ÁLCOOL PELO CONDUTOR,CAPOTAMENTO,COM VÍTIMAS FERIDAS,PLENA NOITE,Decrescente,CÉU CLARO,DUPLA,Reta,Sim,2,0,2,0,0,0,2,1,-22.78913759,-43.00550909,SPRF-RJ,DEL02-RJ,UOP02-DEL02-RJ,2023,2023-08-03,22,2023.0,8.0,Quinta,1.0
509650.0,2023-03-02,4.0,07:10:00,RJ,101,317,SAO GONCALO,FREAR BRUSCAMENTE,COLISÃO TRASEIRA,COM VÍTIMAS FERIDAS,PLENO DIA,Decrescente,CÉU CLARO,DUPLA,Reta,Sim,2,0,1,1,0,0,2,2,-22.83707798,-43.09492006,SPRF-RJ,DEL02-RJ,UOP02-DEL02-RJ,2023,2023-02-03,7,2023.0,2.0,Sexta,1.0
509679.0,2023-03-10,1.0,05:50:00,RJ,101,318,SAO GONCALO,REAÇÃO TARDIA OU INEFICIENTE DO CONDUTOR,COLISÃO TRASEIRA,COM VÍTIMAS FERIDAS,PLENO DIA,Crescente,CÉU CLARO,DUPLA,Reta,Sim,2,0,1,0,1,0,1,2,-22.84562994,-43.09841211,SPRF-RJ,DEL02-RJ,UOP02-DEL02-RJ,2023,2023-10-03,5,2023.0,10.0,Terça,1.0
509909.0,2023-03-11,4.0,18:40:00,RJ,101,307,SAO GONCALO,DEMAIS FALHAS MECÂNICAS OU ELÉTRICAS,INCÊNDIO,SEM VÍTIMAS,PLENA NOITE,Decrescente,CHUVA,SIMPLES,Reta,Sim,1,0,0,0,1,0,0,1,-22.7913158,-43.01505804,SPRF-RJ,DEL02-RJ,UOP02-DEL02-RJ,2023,2023-11-03,18,2023.0,11.0,Sexta,0.0
510008.0,2023-03-12,6.0,06:20:00,RJ,101,267,RIO BONITO,CONDUTOR DORMINDO,CAPOTAMENTO,SEM VÍTIMAS,AMANHECER,Decrescente,CÉU CLARO,DUPLA,Reta,Não,1,0,0,0,1,0,0,1,-22.70728329,-42.66059086,SPRF-RJ,DEL02-RJ,UOP03-DEL02-RJ,2023,2023-12-03,6,2023.0,12.0,Domingo,0.0
510061.0,2023-03-12,6.0,06:15:00,RJ,493,"0,2",ITABORAI,REAÇÃO TARDIA OU INEFICIENTE DO CONDUTOR,SAÍDA DE LEITO CARROÇÁVEL,COM VÍTIMAS FERIDAS,PLENO DIA,Crescente,CÉU CLARO,SIMPLES,Declive;Curva,Sim,1,0,1,0,0,0,1,1,-22.76733755,-42.92263985,SPRF-RJ,DEL02-RJ,UOP02-DEL02-RJ,2023,2023-12-03,6,2023.0,12.0,Domingo,1.0
510337.0,2023-03-13,,08:03:00,RJ,101,320,NITEROI,TRAFEGAR COM MOTOCICLETA (OU SIMILAR) ENTRE AS FAIXAS,COLISÃO TRASEIRA,COM VÍTIMAS FERIDAS,PLENO DIA,Crescente,CÉU CLARO,MÚLTIPLA,Reta,Sim,3,0,1,0,2,0,1,3,-22.86171098,-43.10714015,SPRF-RJ,DEL02-RJ,UOP01-DEL02-RJ,2023,,8,,,,1.0
510410.0,2023-03-14,,04:00:00,RJ,101,314,SAO GONCALO,PEDESTRE ANDAVA NA PISTA,ATROPELAMENTO DE PEDESTRE,COM VÍTIMAS FATAIS,PLENA NOITE,Crescente,CÉU CLARO,DUPLA,Reta,Sim,2,1,0,0,0,1,0,2,-22.81648739,-43.07728467,SPRF-RJ,DEL02-RJ,UOP02-DEL02-RJ,2023,,4,,,,2.0
510612.0,2023-03-15,,06:20:00,RJ,101,310,SAO GONCALO,CONDUTOR DEIXOU DE MANTER DISTÂNCIA DO VEÍCULO DA FRENTE,COLISÃO LATERAL MESMO SENTIDO,COM VÍTIMAS FERIDAS,PLENO DIA,Crescente,CÉU CLARO,DUPLA,Reta,Sim,2,0,1,0,1,0,1,2,-22.79717023,-43.04404993,SPRF-RJ,DEL02-RJ,UOP02-DEL02-RJ,2023,,6,,,,1.0
510632.0,2023-03-15,,08:00:00,RJ,101,318,SAO GONCALO,ACESSAR A VIA SEM OBSERVAR A PRESENÇA DOS OUTROS VEÍCULOS,COLISÃO LATERAL MESMO SENTIDO,COM VÍTIMAS FERIDAS,PLENO DIA,Crescente,CÉU CLARO,DUPLA,Reta,Sim,3,0,2,0,1,0,2,2,-22.84562994,-43.09841211,SPRF-RJ,DEL02-RJ,UOP02-DEL02-RJ,2023,,8,,,,1.0
510707.0,2023-03-15,,14:16:00,RJ,101,326,NITEROI,CONDUTOR DEIXOU DE MANTER DISTÂNCIA DO VEÍCULO DA FRENTE,COLISÃO TRASEIRA,COM VÍTIMAS FERIDAS,PLENO DIA,Crescente,CÉU CLARO,MÚLTIPLA,Reta;Ponte,Não,3,0,1,0,2,0,1,2,-22.87206203,-43.146105,SPRF-RJ,DEL02-RJ,UOP01-DEL02-RJ,2023,,14,,,,1.0
511144.0,2023-03-17,,19:06:00,RJ,101,295,ITABORAI,AUSÊNCIA DE REAÇÃO DO CONDUTOR,COLISÃO LATERAL MESMO SENTIDO,COM VÍTIMAS FERIDAS,PLENA NOITE,Decrescente,CÉU CLARO,DUPLA,Reta,Não,5,0,1,0,4,0,1,2,-22.76365068,-42.90223623,SPRF-RJ,DEL02-RJ,UOP02-DEL02-RJ,2023,,19,,,,1.0
511512.0,2023-03-19,,11:00:00,RJ,101,258,RIO BONITO,DEMAIS FALHAS MECÂNICAS OU ELÉTRICAS,SAÍDA DE LEITO CARROÇÁVEL,SEM VÍTIMAS,PLENO DIA,Decrescente,CÉU CLARO,DUPLA,Reta,Sim,1,0,0,0,1,0,0,1,-22.7015937,-42.58693809,SPRF-RJ,DEL02-RJ,UOP03-DEL02-RJ,2023,,11,,,,0.0
511623.0,2023-03-19,,11:40:00,RJ,101,322,NITEROI,MANOBRA DE MUDANÇA DE FAIXA,COLISÃO TRASEIRA,COM VÍTIMAS FERIDAS,PLENO DIA,Decrescente,CÉU CLARO,MÚLTIPLA,Reta,Não,1,0,1,0,0,0,1,1,-22.878923,-43.110676,SPRF-RJ,DEL02-RJ,UOP01-DEL02-RJ,2023,,11,,,,1.0
511701.0,2023-03-20,,07:30:00,RJ,101,313,SAO GONCALO,REAÇÃO TARDIA OU INEFICIENTE DO CONDUTOR,COLISÃO LATERAL MESMO SENTIDO,COM VÍTIMAS FERIDAS,PLENO DIA,Crescente,CÉU CLARO,DUPLA,Reta,Sim,3,0,1,0,2,0,1,2,-22.81049093,-43.06983304,SPRF-RJ,DEL02-RJ,UOP02-DEL02-RJ,2023,,7,,,,1.0
511806.0,2023-03-20,,16:30:00,RJ,101,297,ITABORAI,AUSÊNCIA DE REAÇÃO DO CONDUTOR,COLISÃO TRASEIRA,COM VÍTIMAS FERIDAS,PLENO DIA,Decrescente,CÉU CLARO,DUPLA,Interseção de Vias,Sim,2,0,1,0,1,0,1,2,-22.76942037,-42.91873581,SPRF-RJ,DEL02-RJ,UOP02-DEL02-RJ,2023,,16,,,,1.0
512165.0,2023-03-22,,13:45:00,RJ,101,302,SAO GONCALO,REAÇÃO TARDIA OU INEFICIENTE DO CONDUTOR,ENGAVETAMENTO,SEM VÍTIMAS,PLENO DIA,Decrescente,SOL,DUPLA,Declive;Reta,Sim,4,0,0,0,4,0,0,3,-22.784166,-42.982857,SPRF-RJ,DEL02-RJ,UOP02-DEL02-RJ,2023,,13,,,,0.0
512182.0,2023-03-22,,13:48:00,RJ,101,303,SAO GONCALO,REAÇÃO TARDIA OU INEFICIENTE DO CONDUTOR,QUEDA DE OCUPANTE DE VEÍCULO,COM VÍTIMAS FERIDAS,PLENO DIA,Decrescente,CÉU CLARO,DUPLA,Reta,Sim,2,0,1,0,0,1,1,2,-22.7828205,-42.9766681,SPRF-RJ,DEL02-RJ,UOP02-DEL02-RJ,2023,,13,,,,1.0
512242.0,2023-03-22,,20:00:00,RJ,101,267,RIO BONITO,REAÇÃO TARDIA OU INEFICIENTE DO CONDUTOR,QUEDA DE OCUPANTE DE VEÍCULO,COM VÍTIMAS FERIDAS,PLENA NOITE,Decrescente,CÉU CLARO,DUPLA,Reta,Sim,2,0,2,0,0,0,2,1,-22.70728329,-42.66059086,SPRF-RJ,DEL02-RJ,UOP03-DEL02-RJ,2023,,20,,,,1.0
512330.0,2023-03-23,,09:20:00,RJ,101,326,NITEROI,TRAFEGAR COM MOTOCICLETA (OU SIMILAR) ENTRE AS FAIXAS,COLISÃO TRASEIRA,COM VÍTIMAS FERIDAS,PLENO DIA,Crescente,CÉU CLARO,MÚLTIPLA,Reta;Ponte,Não,2,0,1,0,1,0,1,2,-22.87206203,-43.146105,SPRF-RJ,DEL02-RJ,UOP01-DEL02-RJ,2023,,9,,,,1.0
512382.0,2023-03-23,,15:00:00,RJ,101,293,ITABORAI,AUSÊNCIA DE REAÇÃO DO CONDUTOR,COLISÃO TRASEIRA,COM VÍTIMAS FERIDAS,PLENO DIA,Crescente,CÉU CLARO,DUPLA,Reta,Não,3,0,1,0,2,0,1,2,-22.756203,-42.88724,SPRF-RJ,DEL02-RJ,UOP02-DEL02-RJ,2023,,15,,,,1.0
512454.0,2023-03-24,,06:00:00,RJ,101,282,ITABORAI,DEMAIS FALHAS MECÂNICAS OU ELÉTRICAS,INCÊNDIO,SEM VÍTIMAS,PLENO DIA,Decrescente,CÉU CLARO,DUPLA,Reta,Sim,1,0,0,0,1,0,0,1,-22.7371391,-42.79664601,SPRF-RJ,DEL02-RJ,UOP03-DEL02-RJ,2023,,6,,,,0.0
512504.0,2023-03-24,,06:40:00,RJ,101,322,NITEROI,PEDESTRE CRUZAVA A PISTA FORA DA FAIXA,ATROPELAMENTO DE PEDESTRE,COM VÍTIMAS FERIDAS,PLENO DIA,Crescente,CÉU CLARO,DUPLA,Reta,Não,2,0,1,0,1,0,1,2,-22.878923,-43.110676,SPRF-RJ,DEL02-RJ,UOP01-DEL02-RJ,2023,,6,,,,1.0
512544.0,2023-03-04,0.0,05:30:00,RJ,101,289,ITABORAI,ANIMAIS NA PISTA,ATROPELAMENTO DE ANIMAL,COM VÍTIMAS FERIDAS,AMANHECER,Decrescente,CÉU CLARO,MÚLTIPLA,Reta,Sim,5,0,4,0,1,0,4,2,-22.76376316,-42.85172094,SPRF-RJ,DEL02-RJ,UOP02-DEL02-RJ,2023,2023-04-03,5,2023.0,4.0,Segunda,1.0
512575.0,2023-03-24,,07:00:00,RJ,101,309,SAO GONCALO,TRAFEGAR COM MOTOCICLETA (OU SIMILAR) ENTRE AS FAIXAS,COLISÃO LATERAL MESMO SENTIDO,COM VÍTIMAS FERIDAS,PLENO DIA,Crescente,CÉU CLARO,DUPLA,Reta,Sim,2,0,1,0,1,0,1,2,-22.79498873,-43.03446105,SPRF-RJ,DEL02-RJ,UOP02-DEL02-RJ,2023,,7,,,,1.0
512664.0,2023-03-24,,17:30:00,RJ,101,283,ITABORAI,REAÇÃO TARDIA OU INEFICIENTE DO CONDUTOR,QUEDA DE OCUPANTE DE VEÍCULO,COM VÍTIMAS FERIDAS,PLENA NOITE,Decrescente,CÉU CLARO,DUPLA,Curva,Sim,2,0,2,0,0,0,2,1,-22.73591014,-42.80592689,SPRF-RJ,DEL02-RJ,UOP02-DEL02-RJ,2023,,17,,,,1.0
512696.0,2023-03-25,,07:45:00,RJ,101,286,ITABORAI,DEMAIS FALHAS MECÂNICAS OU ELÉTRICAS,TOMBAMENTO,COM VÍTIMAS FERIDAS,PLENO DIA,Decrescente,CÉU CLARO,DUPLA,Curva,Sim,2,0,1,0,1,0,1,1,-22.75409331,-42.82491696,SPRF-RJ,DEL02-RJ,UOP02-DEL02-RJ,2023,,7,,,,1.0
512965.0,2023-03-26,,14:30:00,RJ,101,269,RIO BONITO,ACESSO IRREGULAR,COLISÃO TRANSVERSAL,COM VÍTIMAS FERIDAS,PLENO DIA,Decrescente,CÉU CLARO,DUPLA,Reta;Retorno Regulamentado,Sim,2,0,0,1,1,0,1,2,-22.71495082,-42.67804708,SPRF-RJ,DEL02-RJ,UOP03-DEL02-RJ,2023,,14,,,,1.0
513179.0,2023-03-27,,07:09:00,RJ,101,298,ITABORAI,DEMAIS FALHAS NA VIA,COLISÃO TRANSVERSAL,COM VÍTIMAS FERIDAS,PLENO DIA,Crescente,NUBLADO,DUPLA,Reta;Desvio Temporário,Sim,2,0,1,0,1,0,1,2,-22.7714,-42.92896,SPRF-RJ,DEL02-RJ,UOP02-DEL02-RJ,2023,,7,,,,1.0
513358.0,2023-03-09,6.0,15:35:00,RJ,101,323,NITEROI,CONDUTOR DEIXOU DE MANTER DISTÂNCIA DO VEÍCULO DA FRENTE,ENGAVETAMENTO,COM VÍTIMAS FERIDAS,PLENO DIA,Decrescente,CÉU CLARO,SIMPLES,Ponte;Reta,Sim,4,0,1,0,3,0,1,3,-22.87684786,-43.11728689,SPRF-RJ,DEL02-RJ,UOP01-DEL02-RJ,2023,2023-09-03,15,2023.0,9.0,Domingo,1.0
513446.0,2023-03-28,,21:20:00,RJ,101,267,RIO BONITO,DEMAIS FALHAS MECÂNICAS OU ELÉTRICAS,INCÊNDIO,SEM VÍTIMAS,PLENA NOITE,Decrescente,CÉU CLARO,DUPLA,Reta,Não,1,0,0,0,1,0,0,1,-22.70728329,-42.66059086,SPRF-RJ,DEL02-RJ,UOP03-DEL02-RJ,2023,,21,,,,0.0