id,data_inversa,dia_semana,horario,uf,br,km,municipio,causa_acidente,tipo_acidente,classificacao_acidente,fase_dia,sentido_via,condicao_metereologica,tipo_pista,tracado_via,uso_solo,pessoas,mortos,feridos_leves,feridos_graves,ilesos,ignorados,feridos,veiculos,latitude,longitude,regional,delegacia,uop,ano_arquivo,data,hora,ano,mes,dia_semana_nome,gravidade
530223.0,2023-06-18,,01:00:00,RJ,101,273,RIO BONITO,REAÇÃO TARDIA OU INEFICIENTE DO CONDUTOR,QUEDA DE OCUPANTE DE VEÍCULO,COM VÍTIMAS FERIDAS,PLENA NOITE,Crescente,NUBLADO,DUPLA,Reta,Sim,1,0,1,0,0,0,1,1,-22.7316093,-42.71051285,SPRF-RJ,DEL02-RJ,UOP03-DEL02-RJ,2023,,1,,,,1.0
530318.0,2023-06-18,,17:15:00,RJ,101,268,RIO BONITO,REAÇÃO TARDIA OU INEFICIENTE DO CONDUTOR,COLISÃO TRASEIRA,COM VÍTIMAS FERIDAS,PLENA NOITE,Crescente,NUBLADO,DUPLA,Reta,Não,3,0,1,0,1,1,1,2,-22.7112997,-42.66922613,SPRF-RJ,DEL02-RJ,UOP03-DEL02-RJ,2023,,17,,,,1.0
530372.0,2023-06-18,,18:20:00,RJ,493,1,ITABORAI,CONVERSÃO PROIBIDA,COLISÃO TRANSVERSAL,SEM VÍTIMAS,PLENA NOITE,Crescente,NUBLADO,SIMPLES,Aclive;Reta,Não,2,0,0,0,2,0,0,2,-22.7639878838,-42.927318947,SPRF-RJ,DEL02-RJ,UOP02-DEL02-RJ,2023,,18,,,,0.0
530459.0,2023-06-19,,08:03:00,RJ,101,"302,3",SAO GONCALO,DEMAIS FALHAS MECÂNICAS OU ELÉTRICAS,QUEDA DE OCUPANTE DE VEÍCULO,COM VÍTIMAS FERIDAS,PLENO DIA,Decrescente,SOL,DUPLA,Reta,Não,2,0,2,0,0,0,2,1,-22.78069318,-42.96706396,SPRF-RJ,DEL02-RJ,UOP02-DEL02-RJ,2023,,8,,,,1.0
530839.0,2023-06-21,,07:00:00,RJ,101,319,SAO GONCALO,TRAFEGAR COM MOTOCICLETA (OU SIMILAR) ENTRE AS FAIXAS,COLISÃO TRASEIRA,COM VÍTIMAS FERIDAS,PLENO DIA,Crescente,CÉU CLARO,MÚLTIPLA,Reta,Sim,2,0,1,0,1,0,1,2,-22.85411774,-43.1018014,SPRF-RJ,DEL02-RJ,UOP02-DEL02-RJ,2023,,7,,,,1.0
530987.0,2023-06-21,,14:15:00,RJ,101,297,ITABORAI,DEMAIS FALHAS MECÂNICAS OU ELÉTRICAS,INCÊNDIO,SEM VÍTIMAS,PLENO DIA,Decrescente,CÉU CLARO,DUPLA,Reta,Sim,2,0,0,0,2,0,0,1,-22.76942037,-42.91873581,SPRF-RJ,DEL02-RJ,UOP02-DEL02-RJ,2023,,14,,,,0.0
531062.0,2023-06-22,,12:45:00,RJ,101,320,NITEROI,CONDUTOR DEIXOU DE MANTER DISTÂNCIA DO VEÍCULO DA FRENTE,COLISÃO LATERAL MESMO SENTIDO,COM VÍTIMAS FERIDAS,PLENO DIA,Crescente,CÉU CLARO,DUPLA,Curva,Sim,2,0,1,0,1,0,1,2,-22.86171098,-43.10714015,SPRF-RJ,DEL02-RJ,UOP01-DEL02-RJ,2023,,12,,,,1.0
531438.0,2023-06-21,,17:15:00,RJ,493,"0,1",ITABORAI,CONVERSÃO PROIBIDA,COLISÃO TRASEIRA,COM VÍTIMAS FERIDAS,ANOITECER,Crescente,CÉU CLARO,SIMPLES,Reta,Sim,3,0,0,1,1,1,1,3,-22.77062,-42.92223,SPRF-RJ,DEL02-RJ,UOP02-DEL02-RJ,2023,,17,,,,1.0
531521.0,2023-06-24,,12:25:00,RJ,101,322,NITEROI,REAÇÃO TARDIA OU INEFICIENTE DO CONDUTOR,COLISÃO TRASEIRA,COM VÍTIMAS FERIDAS,PLENO DIA,Decrescente,CÉU CLARO,MÚLTIPLA,Reta,Não,2,0,1,0,1,0,1,2,-22.878923,-43.110676,SPRF-RJ,DEL02-RJ,UOP01-DEL02-RJ,2023,,12,,,,1.0
531880.0,2023-06-26,,06:50:00,RJ,101,310,SAO GONCALO,AUSÊNCIA DE REAÇÃO DO CONDUTOR,COLISÃO TRASEIRA,COM VÍTIMAS FERIDAS,PLENO DIA,Crescente,SOL,DUPLA,Reta,Sim,2,0,1,0,1,0,1,2,-22.79717023,-43.04404993,SPRF-RJ,DEL02-RJ,UOP02-DEL02-RJ,2023,,6,,,,1.0
532033.0,2023-06-26,,17:30:00,RJ,101,"295,5",ITABORAI,AUSÊNCIA DE REAÇÃO DO CONDUTOR,COLISÃO TRASEIRA,COM VÍTIMAS FERIDAS,ANOITECER,Crescente,CÉU CLARO,SIMPLES,Reta,Sim,3,0,1,1,1,0,2,2,-22.76365068,-42.90223623,SPRF-RJ,DEL02-RJ,UOP02-DEL02-RJ,2023,,17,,,,1.0
532095.0,2023-06-27,,07:48:00,RJ,101,302,SAO GONCALO,AUSÊNCIA DE REAÇÃO DO CONDUTOR,COLISÃO COM OBJETO,COM VÍTIMAS FERIDAS,PLENO DIA,Decrescente,CÉU CLARO,DUPLA,Reta,Sim,1,0,1,0,0,0,1,1,-22.78069318,-42.96706396,SPRF-RJ,DEL02-RJ,UOP02-DEL02-RJ,2023,,7,,,,1.0
532390.0,2023-06-28,,16:00:00,RJ,101,321,NITEROI,REAÇÃO TARDIA OU INEFICIENTE DO CONDUTOR,COLISÃO COM OBJETO,COM VÍTIMAS FERIDAS,PLENO DIA,Decrescente,CÉU CLARO,DUPLA,Curva,Sim,1,0,1,0,0,0,1,1,-22.86981096,-43.11046465,SPRF-RJ,DEL02-RJ,UOP01-DEL02-RJ,2023,,16,,,,1.0
532486.0,2023-06-29,,08:00:00,RJ,101,322,NITEROI,CONDUTOR DEIXOU DE MANTER DISTÂNCIA DO VEÍCULO DA FRENTE,QUEDA DE OCUPANTE DE VEÍCULO,COM VÍTIMAS FERIDAS,PLENO DIA,Decrescente,CÉU CLARO,MÚLTIPLA,Curva,Sim,3,0,2,0,1,0,2,2,-22.878923,-43.110676,SPRF-RJ,DEL02-RJ,UOP01-DEL02-RJ,2023,,8,,,,1.0
532718.0,2023-06-26,,16:50:00,RJ,493,6,ITABORAI,CONVERSÃO PROIBIDA,ATROPELAMENTO DE PEDESTRE,COM VÍTIMAS FERIDAS,ANOITECER,Crescente,CÉU CLARO,DUPLA,Reta,Sim,3,0,0,1,2,0,1,3,-22.73124198,-42.95145305,SPRF-RJ,DEL02-RJ,UOP02-DEL02-RJ,2023,,16,,,,1.0
532794.0,2023-06-26,,05:30:00,RJ,101,305,SAO GONCALO,ANIMAIS NA PISTA,ATROPELAMENTO DE ANIMAL,COM VÍTIMAS FERIDAS,PLENO DIA,Crescente,CÉU CLARO,DUPLA,Reta,Sim,1,0,1,0,0,0,1,1,-22.78702832,-42.99589293,SPRF-RJ,DEL02-RJ,UOP02-DEL02-RJ,2023,,5,,,,1.0
532821.0,2023-06-30,,19:00:00,RJ,101,323,NITEROI,DEMAIS FALHAS MECÂNICAS OU ELÉTRICAS,INCÊNDIO,SEM VÍTIMAS,PLENA NOITE,Crescente,NUBLADO,DUPLA,Reta,Sim,1,0,0,0,1,0,0,1,-22.87684786,-43.11728689,SPRF-RJ,DEL02-RJ,UOP01-DEL02-RJ,2023,,19,,,,0.0
532854.0,2023-06-30,,21:00:00,RJ,101,319,SAO GONCALO,CONDUTOR DEIXOU DE MANTER DISTÂNCIA DO VEÍCULO DA FRENTE,COLISÃO LATERAL MESMO SENTIDO,SEM VÍTIMAS,PLENA NOITE,Decrescente,CÉU CLARO,DUPLA,Reta,Sim,2,0,0,0,2,0,0,2,-22.85411774,-43.1018014,SPRF-RJ,DEL02-RJ,UOP02-DEL02-RJ,2023,,21,,,,0.0
532996.0,2023-07-01,5.0,11:30:00,RJ,101,322,NITEROI,REAÇÃO TARDIA OU INEFICIENTE DO CONDUTOR,COLISÃO LATERAL MESMO SENTIDO,COM VÍTIMAS FERIDAS,PLENO DIA,Decrescente,CÉU CLARO,MÚLTIPLA,Ponte;Reta,Não,4,0,2,0,2,0,2,3,-22.878923,-43.110676,SPRF-RJ,DEL02-RJ,UOP01-DEL02-RJ,2023,2023-01-07,11,2023.0,1.0,Sábado,1.0
533306.0,2023-07-02,1.0,18:39:00,RJ,101,307,SAO GONCALO,REAÇÃO TARDIA OU INEFICIENTE DO CONDUTOR,COLISÃO LATERAL MESMO SENTIDO,COM VÍTIMAS FERIDAS,PLENA NOITE,Crescente,NUBLADO,DUPLA,Reta,Sim,5,0,1,0,4,0,1,2,-22.79115777,-43.01514205,SPRF-RJ,DEL02-RJ,UOP02-DEL02-RJ,2023,2023-02-07,18,2023.0,2.0,Terça,1.0
533410.0,2023-07-03,1.0,08:15:00,RJ,101,"315,8",SAO GONCALO,AUSÊNCIA DE REAÇÃO DO CONDUTOR,COLISÃO TRASEIRA,COM VÍTIMAS FERIDAS,PLENO DIA,Crescente,CHUVA,DUPLA,Reta,Não,2,0,1,0,1,0,1,1,-22.82262092,-43.08460805,SPRF-RJ,DEL02-RJ,UOP02-DEL02-RJ,2023,2023-03-07,8,2023.0,3.0,Terça,1.0
533887.0,2023-07-05,6.0,17:20:00,RJ,101,310,SAO GONCALO,AUSÊNCIA DE REAÇÃO DO CONDUTOR,COLISÃO TRASEIRA,COM VÍTIMAS FERIDAS,ANOITECER,Decrescente,CÉU CLARO,DUPLA,Reta,Não,3,0,1,0,2,0,1,2,-22.79717023,-43.04404993,SPRF-RJ,DEL02-RJ,UOP02-DEL02-RJ,2023,2023-05-07,17,2023.0,5.0,Domingo,1.0
534458.0,2023-07-08,0.0,09:40:00,RJ,101,"297,5",ITABORAI,AUSÊNCIA DE REAÇÃO DO CONDUTOR,COLISÃO TRASEIRA,COM VÍTIMAS FERIDAS,PLENO DIA,Decrescente,CÉU CLARO,DUPLA,Reta,Não,2,0,1,0,1,0,1,2,-22.76942037,-42.91873581,SPRF-RJ,DEL02-RJ,UOP02-DEL02-RJ,2023,2023-08-07,9,2023.0,8.0,Segunda,1.0
534486.0,2023-07-08,0.0,09:09:00,RJ,493,9,ITABORAI,REAÇÃO TARDIA OU INEFICIENTE DO CONDUTOR,QUEDA DE OCUPANTE DE VEÍCULO,COM VÍTIMAS FERIDAS,PLENO DIA,Crescente,SOL,SIMPLES,Reta,Não,1,0,1,0,0,0,1,1,-22.70436802,-42.9550061,SPRF-RJ,DEL04-RJ,UOP02-DEL04-RJ,2023,2023-08-07,9,2023.0,8.0,Segunda,1.0
534539.0,2023-07-08,0.0,18:00:00,RJ,101,308,SAO GONCALO,MAL SÚBITO DO CONDUTOR,QUEDA DE OCUPANTE DE VEÍCULO,COM VÍTIMAS FERIDAS,PLENA NOITE,Decrescente,CÉU CLARO,DUPLA,Reta,Não,1,0,1,0,0,0,1,1,-22.79309326,-43.02479595,SPRF-RJ,DEL02-RJ,UOP02-DEL02-RJ,2023,2023-08-07,18,2023.0,8.0,Segunda,1.0
534718.0,2023-07-09,3.0,11:05:00,RJ,101,322,NITEROI,MAL SÚBITO DO CONDUTOR,COLISÃO COM OBJETO,COM VÍTIMAS FERIDAS,PLENO DIA,Crescente,CÉU CLARO,SIMPLES,Reta,Sim,1,0,1,0,0,0,1,1,-22.878923,-43.110676,SPRF-RJ,DEL02-RJ,UOP01-DEL02-RJ,2023,2023-09-07,11,2023.0,9.0,Quinta,1.0
534740.0,2023-07-09,3.0,13:10:00,RJ,101,262,RIO BONITO,AUSÊNCIA DE REAÇÃO DO CONDUTOR,SAÍDA DE LEITO CARROÇÁVEL,COM VÍTIMAS FERIDAS,PLENO DIA,Crescente,NUBLADO,DUPLA,Reta,Sim,2,0,1,0,1,0,1,1,-22.71367506,-42.62052996,SPRF-RJ,DEL02-RJ,UOP03-DEL02-RJ,2023,2023-09-07,13,2023.0,9.0,Quinta,1.0
534939.0,2023-07-10,5.0,08:00:00,RJ,101,297,ITABORAI,REAÇÃO TARDIA OU INEFICIENTE DO CONDUTOR,TOMBAMENTO,COM VÍTIMAS FERIDAS,PLENO DIA,Decrescente,NUBLADO,DUPLA,Reta,Sim,1,0,1,0,0,0,1,1,-22.76942037,-42.91873581,SPRF-RJ,DEL02-RJ,UOP02-DEL02-RJ,2023,2023-10-07,8,2023.0,10.0,Sábado,1.0
535202.0,2023-07-11,1.0,18:55:00,RJ,101,310,SAO GONCALO,CONDUTOR DEIXOU DE MANTER DISTÂNCIA DO VEÍCULO DA FRENTE,COLISÃO TRASEIRA,COM VÍTIMAS FERIDAS,PLENA NOITE,Decrescente,CÉU CLARO,DUPLA,Reta,Sim,2,0,0,1,1,0,1,2,-22.79717023,-43.04404993,SPRF-RJ,DEL02-RJ,UOP02-DEL02-RJ,2023,2023-11-07,18,2023.0,11.0,Terça,1.0
535210.0,2023-07-11,1.0,19:10:00,RJ,101,312,SAO GONCALO,CONDUTOR DEIXOU DE MANTER DISTÂNCIA DO VEÍCULO DA FRENTE,COLISÃO TRASEIRA,COM VÍTIMAS FERIDAS,PLENA NOITE,Decrescente,CÉU CLARO,DUPLA,Reta,Não,2,0,1,0,1,0,1,2,-22.80546555,-43.06156967,SPRF-RJ,DEL02-RJ,UOP02-DEL02-RJ,2023,2023-11-07,19,2023.0,11.0,Terça,1.0
535377.0,2023-07-12,3.0,08:40:00,RJ,101,300,SAO GONCALO,ACESSAR A VIA SEM OBSERVAR A PRESENÇA DOS OUTROS VEÍCULOS,COLISÃO LATERAL MESMO SENTIDO,COM VÍTIMAS FERIDAS,PLENO DIA,Crescente,CÉU CLARO,MÚLTIPLA,Reta,Não,2,0,1,0,1,0,1,2,-22.77645713,-42.94783697,SPRF-RJ,DEL02-RJ,UOP02-DEL02-RJ,2023,2023-12-07,8,2023.0,12.0,Quinta,1.0
535571.0,2023-07-13,,15:15:00,RJ,101,282,ITABORAI,AUSÊNCIA DE REAÇÃO DO CONDUTOR,COLISÃO TRASEIRA,COM VÍTIMAS FERIDAS,PLENO DIA,Decrescente,CÉU CLARO,SIMPLES,Curva;Aclive,Não,2,0,1,0,1,0,1,2,-22.73552672,-42.80544918,SPRF-RJ,DEL02-RJ,UOP03-DEL02-RJ,2023,,15,,,,1.0
535622.0,2023-07-13,,19:10:00,RJ,493,6,ITABORAI,AUSÊNCIA DE REAÇÃO DO CONDUTOR,TOMBAMENTO,COM VÍTIMAS FERIDAS,PLENA NOITE,Decrescente,VENTO,DUPLA,Reta,Sim,1,0,1,0,0,0,1,1,-22.73124198,-42.95145305,SPRF-RJ,DEL02-RJ,UOP02-DEL02-RJ,2023,,19,,,,1.0
535679.0,2023-07-14,,05:50:00,RJ,101,308,SAO GONCALO,TRAFEGAR COM MOTOCICLETA (OU SIMILAR) ENTRE AS FAIXAS,TOMBAMENTO,COM VÍTIMAS FERIDAS,AMANHECER,Crescente,GAROA/CHUVISCO,DUPLA,Reta,Sim,1,0,1,0,0,0,1,1,-22.79309326,-43.02479595,SPRF-RJ,DEL02-RJ,UOP02-DEL02-RJ,2023,,5,,,,1.0
536047.0,2023-07-15,,14:46:00,RJ,101,296,ITABORAI,AUSÊNCIA DE REAÇÃO DO CONDUTOR,ENGAVETAMENTO,SEM VÍTIMAS,PLENO DIA,Decrescente,CÉU CLARO,MÚLTIPLA,Reta,Não,3,0,0,0,3,0,0,3,-22.7670498,-42.91019601,SPRF-RJ,DEL02-RJ,UOP02-DEL02-RJ,2023,,14,,,,0.0
536131.0,2023-07-15,,23:40:00,RJ,101,285,ITABORAI,ANIMAIS NA PISTA,ATROPELAMENTO DE ANIMAL,COM VÍTIMAS FERIDAS,PLENA NOITE,Decrescente,CÉU CLARO,DUPLA,Reta,Sim,4,0,1,0,3,0,1,3,-22.7498742,-42.81644087,SPRF-RJ,DEL02-RJ,UOP02-DEL02-RJ,2023,,23,,,,1.0
536152.0,2023-07-16,,05:40:00,RJ,101,307,SAO GONCALO,DEFICIÊNCIA DO SISTEMA DE ILUMINAÇÃO/SINALIZAÇÃO,COLISÃO TRASEIRA,COM VÍTIMAS FERIDAS,AMANHECER,Decrescente,CÉU CLARO,DUPLA,Viaduto,Sim,3,0,2,0,1,0,2,2,-22.79115777,-43.01514205,SPRF-RJ,DEL02-RJ,UOP02-DEL02-RJ,2023,,5,,,,1.0
536201.0,2023-07-16,,13:20:00,RJ,101,268,RIO BONITO,REAÇÃO TARDIA OU INEFICIENTE DO CONDUTOR,COLISÃO TRASEIRA,SEM VÍTIMAS,PLENO DIA,Crescente,CÉU CLARO,DUPLA,Reta,Não,5,0,0,0,5,0,0,2,-22.7112997,-42.66922613,SPRF-RJ,DEL02-RJ,UOP03-DEL02-RJ,2023,,13,,,,0.0
536287.0,2023-07-16,,19:50:00,RJ,101,323,NITEROI,INGESTÃO DE ÁLCOOL PELO CONDUTOR,COLISÃO LATERAL MESMO SENTIDO,SEM VÍTIMAS,PLENA NOITE,Decrescente,CÉU CLARO,DUPLA,Reta,Sim,3,0,0,0,3,0,0,2,-22.87684786,-43.11728689,SPRF-RJ,DEL02-RJ,UOP01-DEL02-RJ,2023,,19,,,,0.0
536493.0,2023-07-17,,16:45:00,RJ,101,324,NITEROI,AUSÊNCIA DE REAÇÃO DO CONDUTOR,QUEDA DE OCUPANTE DE VEÍCULO,COM VÍTIMAS FERIDAS,PLENO DIA,Decrescente,SOL,DUPLA,Reta,Não,1,0,1,0,0,0,1,1,-22.87381074,-43.12640997,SPRF-RJ,DEL02-RJ,UOP01-DEL02-RJ,2023,,16,,,,1.0
536494.0,2023-07-17,,15:15:00,RJ,101,316,SAO GONCALO,AUSÊNCIA DE REAÇÃO DO CONDUTOR,COLISÃO LATERAL MESMO SENTIDO,COM VÍTIMAS FERIDAS,PLENO DIA,Crescente,CÉU CLARO,SIMPLES,Reta,Sim,2,0,1,0,1,0,1,2,-22.82835879,-43.09208739,SPRF-RJ,DEL02-RJ,UOP02-DEL02-RJ,2023,,15,,,,1.0
536497.0,2023-07-17,,10:30:00,RJ,101,327,NITEROI,AUSÊNCIA DE REAÇÃO DO CONDUTOR,COLISÃO TRASEIRA,COM VÍTIMAS FERIDAS,PLENO DIA,Decrescente,CÉU CLARO,MÚLTIPLA,Aclive;Reta;Ponte,Sim,2,0,0,1,1,0,1,2,-22.87146986,-43.15155029,SPRF-RJ,DEL02-RJ,UOP01-DEL02-RJ,2023,,10,,,,1.0
536647.0,2023-07-18,,12:37:00,RJ,101,297,ITABORAI,REAÇÃO TARDIA OU INEFICIENTE DO CONDUTOR,COLISÃO LATERAL MESMO SENTIDO,COM VÍTIMAS FERIDAS,PLENO DIA,Crescente,NUBLADO,DUPLA,Viaduto,Não,3,0,2,0,1,0,2,2,-22.76942037,-42.91873581,SPRF-RJ,DEL02-RJ,UOP02-DEL02-RJ,2023,,12,,,,1.0
536654.0,2023-07-18,,07:40:00,RJ,101,320,NITEROI,REAÇÃO TARDIA OU INEFICIENTE DO CONDUTOR,QUEDA DE OCUPANTE DE VEÍCULO,COM VÍTIMAS FERIDAS,PLENO DIA,Crescente,CÉU CLARO,DUPLA,Reta,Não,1,0,1,0,0,0,1,1,-22.86171098,-43.10714015,SPRF-RJ,DEL02-RJ,UOP01-DEL02-RJ,2023,,7,,,,1.0
536876.0,2023-07-19,,18:55:00,RJ,101,314,SAO GONCALO,FREAR BRUSCAMENTE,COLISÃO LATERAL MESMO SENTIDO,COM VÍTIMAS FERIDAS,PLENA NOITE,Decrescente,GAROA/CHUVISCO,DUPLA,Reta,Sim,3,0,1,0,2,0,1,3,-22.81648739,-43.07728467,SPRF-RJ,DEL02-RJ,UOP02-DEL02-RJ,2023,,18,,,,1.0
536997.0,2023-07-20,,13:00:00,RJ,101,"293,6",ITABORAI,CONDUTOR DEIXOU DE MANTER DISTÂNCIA DO VEÍCULO DA FRENTE,QUEDA DE OCUPANTE DE VEÍCULO,COM VÍTIMAS FERIDAS,PLENO DIA,Crescente,NUBLADO,DUPLA,Reta,Sim,1,0,1,0,0,0,1,1,-22.756203,-42.88724,SPRF-RJ,DEL02-RJ,UOP02-DEL02-RJ,2023,,13,,,,1.0
537059.0,2023-07-20,,21:10:00,RJ,101,323,NITEROI,MANOBRA DE MUDANÇA DE FAIXA,COLISÃO TRASEIRA,COM VÍTIMAS FERIDAS,PLENA NOITE,Decrescente,CÉU CLARO,DUPLA,Reta,Não,3,0,1,0,2,0,1,2,-22.87684786,-43.11728689,SPRF-RJ,DEL02-RJ,UOP01-DEL02-RJ,2023,,21,,,,1.0
537071.0,2023-07-20,,20:10:00,RJ,493,1,ITABORAI,ACESSAR A VIA SEM OBSERVAR A PRESENÇA DOS OUTROS VEÍCULOS,ATROPELAMENTO DE PEDESTRE,COM VÍTIMAS FATAIS,PLENA NOITE,Crescente,CÉU CLARO,MÚLTIPLA,Reta,Sim,2,1,0,0,1,0,0,2,-22.76398788,-42.92731895,SPRF-RJ,DEL02-RJ,UOP02-DEL02-RJ,2023,,20,,,,2.0
537145.0,2023-07-21,,10:16:00,RJ,101,297,ITABORAI,ACESSO IRREGULAR,COLISÃO LATERAL MESMO SENTIDO,COM VÍTIMAS FERIDAS,PLENO DIA,Crescente,SOL,DUPLA,Reta,Sim,2,0,1,0,1,0,1,2,-22.76942037,-42.91873581,SPRF-RJ,DEL02-RJ,UOP02-DEL02-RJ,2023,,10,,,,1.0
537352.0,2023-07-22,,07:40:00,RJ,101,289,ITABORAI,REAÇÃO TARDIA OU INEFICIENTE DO CONDUTOR,COLISÃO TRASEIRA,COM VÍTIMAS FERIDAS,PLENO DIA,Decrescente,CÉU CLARO,SIMPLES,Aclive;Reta,Não,3,0,1,0,2,0,1,2,-22.76376316,-42.85172094,SPRF-RJ,DEL02-RJ,UOP02-DEL02-RJ,2023,,7,,,,1.0
537464.0,2023-07-22,,10:50:00,RJ,101,302,SAO GONCALO,PEDESTRE CRUZAVA A PISTA FORA DA FAIXA,ATROPELAMENTO DE PEDESTRE,COM VÍTIMAS FERIDAS,PLENO DIA,Decrescente,CÉU CLARO,DUPLA,Reta,Sim,2,0,0,1,1,0,1,2,-22.78069318,-42.96706396,SPRF-RJ,DEL02-RJ,UOP02-DEL02-RJ,2023,,10,,,,1.0
537484.0,2023-07-22,,19:30:00,RJ,101,320,NITEROI,PEDESTRE CRUZAVA A PISTA FORA DA FAIXA,ATROPELAMENTO DE PEDESTRE,COM VÍTIMAS FATAIS,PLENA NOITE,Decrescente,CÉU CLARO,DUPLA,Curva,Sim,3,1,0,0,2,0,0,3,-22.86171098,-43.10714015,SPRF-RJ,DEL02-RJ,UOP01-DEL02-RJ,2023,,19,,,,2.0
537508.0,2023-07-22,,19:00:00,RJ,493,1,ITABORAI,REAÇÃO TARDIA OU INEFICIENTE DO CONDUTOR,TOMBAMENTO,COM VÍTIMAS FERIDAS,PLENA NOITE,Crescente,CÉU CLARO,DUPLA,Reta,Sim,1,0,1,0,0,0,1,1,-22.76398788,-42.92731895,SPRF-RJ,DEL02-RJ,UOP02-DEL02-RJ,2023,,19,,,,1.0
537511.0,2023-07-22,,21:00:00,RJ,101,254,RIO BONITO,REAÇÃO TARDIA OU INEFICIENTE DO CONDUTOR,COLISÃO LATERAL MESMO SENTIDO,COM VÍTIMAS FERIDAS,PLENA NOITE,Crescente,IGNORADO,DUPLA,Reta,Não,3,0,1,0,2,0,1,2,-22.692225,-42.549546,SPRF-RJ,DEL02-RJ,UOP03-DEL02-RJ,2023,,21,,,,1.0
537728.0,2023-07-21,,21:20:00,RJ,101,322,NITEROI,MANOBRA DE MUDANÇA DE FAIXA,COLISÃO LATERAL MESMO SENTIDO,COM VÍTIMAS FERIDAS,PLENA NOITE,Decrescente,CÉU CLARO,DUPLA,Reta;Ponte,Não,2,0,1,0,0,1,1,2,-22.878923,-43.110676,SPRF-RJ,DEL02-RJ,UOP01-DEL02-RJ,2023,,21,,,,1.0
537755.0,2023-07-23,,19:10:00,RJ,493,6,ITABORAI,AFUNDAMENTO OU ONDULAÇÃO NO PAVIMENTO,QUEDA DE OCUPANTE DE VEÍCULO,COM VÍTIMAS FERIDAS,PLENA NOITE,Decrescente,CÉU CLARO,SIMPLES,Reta,Sim,1,0,1,0,0,0,1,1,-22.73124198,-42.95145305,SPRF-RJ,DEL02-RJ,UOP02-DEL02-RJ,2023,,19,,,,1.0
537984.0,2023-07-24,,18:20:00,RJ,101,309,SAO GONCALO,CONDUTOR DEIXOU DE MANTER DISTÂNCIA DO VEÍCULO DA FRENTE,COLISÃO TRASEIRA,COM VÍTIMAS FERIDAS,PLENA NOITE,Decrescente,CÉU CLARO,DUPLA,Reta,Sim,2,0,1,0,1,0,1,2,-22.79498873,-43.03446105,SPRF-RJ,DEL02-RJ,UOP02-DEL02-RJ,2023,,18,,,,1.0
538099.0,2023-06-26,,17:40:00,RJ,101,319,NITEROI,MANOBRA DE MUDANÇA DE FAIXA,COLISÃO LATERAL MESMO SENTIDO,COM VÍTIMAS FERIDAS,ANOITECER,Decrescente,CÉU CLARO,DUPLA,Reta,Sim,2,0,1,0,1,0,1,2,-22.85411774,-43.1018014,SPRF-RJ,DEL02-RJ,UOP02-DEL02-RJ,2023,,17,,,,1.0
538161.0,2023-07-25,,16:40:00,RJ,101,322,NITEROI,VELOCIDADE INCOMPATÍVEL,COLISÃO TRASEIRA,COM VÍTIMAS FERIDAS,PLENO DIA,Crescente,CÉU CLARO,MÚLTIPLA,Reta,Sim,5,0,0,3,2,0,3,2,-22.878923,-43.110676,SPRF-RJ,DEL02-RJ,UOP01-DEL02-RJ,2023,,16,,,,1.0
538334.0,2023-07-26,,14:05:00,RJ,101,328,NITEROI,AUSÊNCIA DE REAÇÃO DO CONDUTOR,TOMBAMENTO,COM VÍTIMAS FERIDAS,PLENO DIA,Crescente,CÉU CLARO,DUPLA,Reta,Não,1,0,1,0,0,0,1,1,-22.87028692,-43.16579699,SPRF-RJ,DEL02-RJ,UOP01-DEL02-RJ,2023,,14,,,,1.0
538381.0,2023-07-26,,18:30:00,RJ,101,318,SAO GONCALO,TRAFEGAR COM MOTOCICLETA (OU SIMILAR) ENTRE AS FAIXAS,COLISÃO LATERAL MESMO SENTIDO,COM VÍTIMAS FERIDAS,PLENA NOITE,Decrescente,CÉU CLARO,DUPLA,Reta,Não,3,0,1,0,2,0,1,2,-22.84562994,-43.09841211,SPRF-RJ,DEL02-RJ,UOP02-DEL02-RJ,2023,,18,,,,1.0
538555.0,2023-07-27,,20:09:00,RJ,101,295,ITABORAI,REAÇÃO TARDIA OU INEFICIENTE DO CONDUTOR,ENGAVETAMENTO,COM VÍTIMAS FERIDAS,PLENA NOITE,Decrescente,CÉU CLARO,DUPLA,Reta,Sim,5,0,1,0,4,0,1,4,-22.76365068,-42.90223623,SPRF-RJ,DEL02-RJ,UOP02-DEL02-RJ,2023,,20,,,,1.0
538750.0,2023-07-28,,17:00:00,RJ,101,321,NITEROI,CONDUTOR DEIXOU DE MANTER DISTÂNCIA DO VEÍCULO DA FRENTE,COLISÃO LATERAL MESMO SENTIDO,COM VÍTIMAS FERIDAS,PLENO DIA,Decrescente,CÉU CLARO,DUPLA,Curva,Sim,2,0,1,0,1,0,1,2,-22.86981096,-43.11046465,SPRF-RJ,DEL02-RJ,UOP01-DEL02-RJ,2023,,17,,,,1.0