id,data_inversa,dia_semana,horario,uf,br,km,municipio,causa_acidente,tipo_acidente,classificacao_acidente,fase_dia,sentido_via,condicao_metereologica,tipo_pista,tracado_via,uso_solo,pessoas,mortos,feridos_leves,feridos_graves,ilesos,ignorados,feridos,veiculos,latitude,longitude,regional,delegacia,uop,ano_arquivo,data,hora,ano,mes,dia_semana_nome,gravidade
538769.0,2023-07-28,,19:20:00,RJ,101,285,ITABORAI,REAÇÃO TARDIA OU INEFICIENTE DO CONDUTOR,COLISÃO TRASEIRA,SEM VÍTIMAS,PLENA NOITE,Decrescente,CÉU CLARO,MÚLTIPLA,Reta,Não,2,0,0,0,2,0,0,2,-22.7498742,-42.81644087,SPRF-RJ,DEL02-RJ,UOP02-DEL02-RJ,2023,,19,,,,0.0
538789.0,2023-07-28,,21:39:00,RJ,101,261,RIO BONITO,REAÇÃO TARDIA OU INEFICIENTE DO CONDUTOR,SAÍDA DE LEITO CARROÇÁVEL,COM VÍTIMAS FERIDAS,PLENA NOITE,Decrescente,CÉU CLARO,DUPLA,Declive;Curva,Sim,1,0,1,0,0,0,1,1,-22.71396489,-42.61819839,SPRF-RJ,DEL02-RJ,UOP03-DEL02-RJ,2023,,21,,,,1.0
538821.0,2023-07-29,,00:00:00,RJ,101,315,SAO GONCALO,AUSÊNCIA DE REAÇÃO DO CONDUTOR,ENGAVETAMENTO,COM VÍTIMAS FERIDAS,PLENA NOITE,Decrescente,GAROA/CHUVISCO,DUPLA,Reta,Sim,3,0,1,0,2,0,1,3,-22.82262092,-43.08460805,SPRF-RJ,DEL02-RJ,UOP02-DEL02-RJ,2023,,0,,,,1.0
539260.0,2023-07-30,,20:00:00,RJ,101,"312,6",SAO GONCALO,MANOBRA DE MUDANÇA DE FAIXA,COLISÃO LATERAL MESMO SENTIDO,COM VÍTIMAS FERIDAS,PLENA NOITE,Crescente,CÉU CLARO,DUPLA,Reta,Sim,2,0,1,0,1,0,1,2,-22.80546555,-43.06156967,SPRF-RJ,DEL02-RJ,UOP02-DEL02-RJ,2023,,20,,,,1.0
539263.0,2023-07-30,,20:10:00,RJ,101,"313,1",SAO GONCALO,TRANSITAR NO ACOSTAMENTO,COLISÃO TRASEIRA,COM VÍTIMAS FERIDAS,PLENA NOITE,Crescente,NUBLADO,DUPLA,Reta,Sim,2,0,1,0,1,0,1,2,-22.81049093,-43.06983304,SPRF-RJ,DEL02-RJ,UOP02-DEL02-RJ,2023,,20,,,,1.0
539689.0,2023-08-01,6.0,18:20:00,RJ,101,319,SAO GONCALO,MANOBRA DE MUDANÇA DE FAIXA,COLISÃO LATERAL MESMO SENTIDO,COM VÍTIMAS FERIDAS,PLENA NOITE,Decrescente,CÉU CLARO,DUPLA,Reta,Sim,2,0,0,1,1,0,1,2,-22.85411774,-43.1018014,SPRF-RJ,DEL02-RJ,UOP02-DEL02-RJ,2023,2023-01-08,18,2023.0,1.0,Domingo,1.0
539807.0,2023-08-02,2.0,11:04:00,RJ,101,"1,5",ITABORAI,ÁREA URBANA SEM A PRESENÇA DE LOCAL APROPRIADO PARA A TRAVESSIA DE PEDESTRES,ATROPELAMENTO DE PEDESTRE,COM VÍTIMAS FERIDAS,PLENO DIA,Crescente,CÉU CLARO,SIMPLES,Reta,Sim,2,0,1,0,1,0,1,2,-22.76398788,-42.92731895,SPRF-RJ,DEL08-RJ,UOP01-DEL08-RJ,2023,2023-02-08,11,2023.0,2.0,Quarta,1.0
539856.0,2023-08-02,2.0,14:15:00,RJ,101,322,NITEROI,PROBLEMA COM O FREIO,EVENTOS ATÍPICOS,COM VÍTIMAS FERIDAS,PLENO DIA,Decrescente,CÉU CLARO,DUPLA,Reta,Sim,3,0,2,0,1,0,2,2,-22.878923,-43.110676,SPRF-RJ,DEL02-RJ,UOP01-DEL02-RJ,2023,2023-02-08,14,2023.0,2.0,Quarta,1.0
539888.0,2023-08-03,2.0,03:20:00,RJ,101,325,NITEROI,REAÇÃO TARDIA OU INEFICIENTE DO CONDUTOR,TOMBAMENTO,COM VÍTIMAS FERIDAS,PLENA NOITE,Decrescente,CÉU CLARO,MÚLTIPLA,Ponte;Reta,Sim,2,0,0,1,1,0,1,1,-22.87304162,-43.13525319,SPRF-RJ,DEL02-RJ,UOP01-DEL02-RJ,2023,2023-03-08,3,2023.0,3.0,Quarta,1.0
539900.0,2023-08-03,2.0,06:45:00,RJ,101,309,SAO GONCALO,TRAFEGAR COM MOTOCICLETA (OU SIMILAR) ENTRE AS FAIXAS,QUEDA DE OCUPANTE DE VEÍCULO,COM VÍTIMAS FERIDAS,PLENO DIA,Crescente,CÉU CLARO,DUPLA,Reta,Sim,2,0,2,0,0,0,2,1,-22.79498873,-43.03446105,SPRF-RJ,DEL02-RJ,UOP02-DEL02-RJ,2023,2023-03-08,6,2023.0,3.0,Quarta,1.0
539911.0,2023-08-03,2.0,06:40:00,RJ,493,6,ITABORAI,CONDUTOR DEIXOU DE MANTER DISTÂNCIA DO VEÍCULO DA FRENTE,COLISÃO TRASEIRA,COM VÍTIMAS FERIDAS,PLENO DIA,Decrescente,NUBLADO,DUPLA,Reta,Não,4,0,0,2,2,0,2,2,-22.73124198,-42.95145305,SPRF-RJ,DEL02-RJ,UOP02-DEL02-RJ,2023,2023-03-08,6,2023.0,3.0,Quarta,1.0
539963.0,2023-08-03,2.0,11:20:00,RJ,101,320,NITEROI,AUSÊNCIA DE REAÇÃO DO CONDUTOR,TOMBAMENTO,COM VÍTIMAS FERIDAS,PLENO DIA,Decrescente,CÉU CLARO,DUPLA,Curva,Sim,1,0,1,0,0,0,1,1,-22.86171098,-43.10714015,SPRF-RJ,DEL02-RJ,UOP01-DEL02-RJ,2023,2023-03-08,11,2023.0,3.0,Quarta,1.0
540089.0,2023-07-27,,14:00:00,RJ,101,306,SAO GONCALO,AUSÊNCIA DE REAÇÃO DO CONDUTOR,ATROPELAMENTO DE PEDESTRE,COM VÍTIMAS FERIDAS,PLENO DIA,Crescente,CÉU CLARO,DUPLA,Reta,Não,2,0,1,0,1,0,1,2,-22.78913759,-43.00550909,SPRF-RJ,DEL02-RJ,UOP02-DEL02-RJ,2023,,14,,,,1.0
540127.0,2023-08-04,5.0,05:50:00,RJ,101,313,SAO GONCALO,AUSÊNCIA DE REAÇÃO DO CONDUTOR,COLISÃO TRASEIRA,COM VÍTIMAS FERIDAS,AMANHECER,Crescente,CÉU CLARO,DUPLA,Reta,Não,2,0,1,0,1,0,1,2,-22.81049093,-43.06983304,SPRF-RJ,DEL02-RJ,UOP02-DEL02-RJ,2023,2023-04-08,5,2023.0,4.0,Sábado,1.0
540203.0,2023-08-04,5.0,15:50:00,RJ,101,329,NITEROI,CONDUTOR DEIXOU DE MANTER DISTÂNCIA DO VEÍCULO DA FRENTE,COLISÃO TRASEIRA,COM VÍTIMAS FERIDAS,PLENO DIA,Decrescente,CÉU CLARO,DUPLA,Reta,Sim,5,0,3,0,2,0,3,2,-22.86939305,-43.175642,SPRF-RJ,DEL02-RJ,UOP01-DEL02-RJ,2023,2023-04-08,15,2023.0,4.0,Sábado,1.0
540691.0,2023-08-06,3.0,18:40:00,RJ,101,"295,5",ITABORAI,TRANSITAR NO ACOSTAMENTO,ATROPELAMENTO DE PEDESTRE,COM VÍTIMAS FERIDAS,ANOITECER,Decrescente,CÉU CLARO,DUPLA,Reta,Sim,2,0,1,0,0,1,1,2,-22.76365068,-42.90223623,SPRF-RJ,DEL02-RJ,UOP02-DEL02-RJ,2023,2023-06-08,18,2023.0,6.0,Quinta,1.0
540739.0,2023-08-06,3.0,23:15:00,RJ,493,2,ITABORAI,REAÇÃO TARDIA OU INEFICIENTE DO CONDUTOR,COLISÃO TRASEIRA,COM VÍTIMAS FERIDAS,PLENA NOITE,Crescente,NUBLADO,SIMPLES,Reta,Não,6,0,5,0,0,1,5,2,-22.75950214,-42.93544822,SPRF-RJ,DEL02-RJ,UOP02-DEL02-RJ,2023,2023-06-08,23,2023.0,6.0,Quinta,1.0
540842.0,2023-07-26,,17:45:00,RJ,101,328,NITEROI,FREAR BRUSCAMENTE,COLISÃO TRASEIRA,SEM VÍTIMAS,ANOITECER,Decrescente,CÉU CLARO,DUPLA,Declive;Reta;Ponte,Não,2,0,0,0,2,0,0,2,-22.8721589,-43.14532941,SPRF-RJ,DEL02-RJ,UOP01-DEL02-RJ,2023,,17,,,,0.0
540873.0,2023-08-07,5.0,09:15:00,RJ,101,323,NITEROI,REAÇÃO TARDIA OU INEFICIENTE DO CONDUTOR,ENGAVETAMENTO,COM VÍTIMAS FERIDAS,PLENO DIA,Crescente,CÉU CLARO,MÚLTIPLA,Reta,Não,4,0,1,0,2,1,1,4,-22.87684786,-43.11728689,SPRF-RJ,DEL02-RJ,UOP01-DEL02-RJ,2023,2023-07-08,9,2023.0,7.0,Sábado,1.0
541060.0,2023-08-07,5.0,23:40:00,RJ,101,297,ITABORAI,AUSÊNCIA DE REAÇÃO DO CONDUTOR,COLISÃO TRASEIRA,SEM VÍTIMAS,PLENA NOITE,Crescente,CÉU CLARO,DUPLA,Declive;Reta,Não,2,0,0,0,2,0,0,2,-22.76942037,-42.91873581,SPRF-RJ,DEL02-RJ,UOP02-DEL02-RJ,2023,2023-07-08,23,2023.0,7.0,Sábado,0.0
541091.0,2023-08-08,1.0,19:45:00,RJ,101,309,SAO GONCALO,AUSÊNCIA DE REAÇÃO DO CONDUTOR,COLISÃO TRASEIRA,COM VÍTIMAS FERIDAS,PLENA NOITE,Decrescente,CHUVA,DUPLA,Reta,Sim,3,0,1,0,1,1,1,2,-22.79498873,-43.03446105,SPRF-RJ,DEL02-RJ,UOP02-DEL02-RJ,2023,2023-08-08,19,2023.0,8.0,Terça,1.0
541151.0,2023-08-09,4.0,05:10:00,RJ,101,266,RIO BONITO,CONDUTOR DORMINDO,SAÍDA DE LEITO CARROÇÁVEL,COM VÍTIMAS FERIDAS,AMANHECER,Crescente,GAROA/CHUVISCO,DUPLA,Reta,Não,3,0,3,0,0,0,3,1,-22.70861445,-42.65178735,SPRF-RJ,DEL02-RJ,UOP03-DEL02-RJ,2023,2023-09-08,5,2023.0,9.0,Sexta,1.0
541302.0,2023-08-09,4.0,12:00:00,RJ,101,306,SAO GONCALO,AUSÊNCIA DE REAÇÃO DO CONDUTOR,COLISÃO TRASEIRA,SEM VÍTIMAS,PLENO DIA,Crescente,CÉU CLARO,DUPLA,Reta,Sim,2,0,0,0,2,0,0,2,-22.78913759,-43.00550909,SPRF-RJ,DEL02-RJ,UOP02-DEL02-RJ,2023,2023-09-08,12,2023.0,9.0,Sexta,0.0
541697.0,2023-08-11,2.0,20:20:00,RJ,101,306,SAO GONCALO,TRAFEGAR COM MOTOCICLETA (OU SIMILAR) ENTRE AS FAIXAS,COLISÃO TRASEIRA,COM VÍTIMAS FERIDAS,PLENA NOITE,Crescente,CÉU CLARO,DUPLA,Reta,Não,3,0,2,0,1,0,2,2,-22.78913759,-43.00550909,SPRF-RJ,DEL02-RJ,UOP02-DEL02-RJ,2023,2023-11-08,20,2023.0,11.0,Quarta,1.0
541871.0,2023-08-12,4.0,14:00:00,RJ,101,322,NITEROI,AUSÊNCIA DE REAÇÃO DO CONDUTOR,COLISÃO TRASEIRA,COM VÍTIMAS FERIDAS,PLENO DIA,Decrescente,CÉU CLARO,DUPLA,Reta,Não,4,0,3,0,0,1,3,4,-22.878923,-43.110676,SPRF-RJ,DEL02-RJ,UOP01-DEL02-RJ,2023,2023-12-08,14,2023.0,12.0,Sexta,1.0
541889.0,2023-08-12,4.0,15:00:00,RJ,101,325,NITEROI,CONDUTOR DEIXOU DE MANTER DISTÂNCIA DO VEÍCULO DA FRENTE,COLISÃO TRASEIRA,SEM VÍTIMAS,PLENO DIA,Decrescente,CÉU CLARO,DUPLA,Reta,Sim,2,0,0,0,2,0,0,2,-22.87292569,-43.13625699,SPRF-RJ,DEL02-RJ,UOP01-DEL02-RJ,2023,2023-12-08,15,2023.0,12.0,Sexta,0.0
541894.0,2023-08-12,4.0,15:40:00,RJ,101,260,RIO BONITO,REAÇÃO TARDIA OU INEFICIENTE DO CONDUTOR,CAPOTAMENTO,COM VÍTIMAS FERIDAS,PLENO DIA,Crescente,NUBLADO,DUPLA,Curva;Aclive,Sim,2,0,1,0,1,0,1,1,-22.70520044,-42.60578664,SPRF-RJ,DEL02-RJ,UOP03-DEL02-RJ,2023,2023-12-08,15,2023.0,12.0,Sexta,1.0
541951.0,2023-08-12,4.0,19:50:00,RJ,101,263,RIO BONITO,AUSÊNCIA DE REAÇÃO DO CONDUTOR,CAPOTAMENTO,SEM VÍTIMAS,PLENA NOITE,Decrescente,NUBLADO,DUPLA,Reta,Sim,1,0,0,0,0,1,0,1,-22.71887266,-42.62637498,SPRF-RJ,DEL02-RJ,UOP03-DEL02-RJ,2023,2023-12-08,19,2023.0,12.0,Sexta,0.0
542113.0,2023-08-13,,12:30:00,RJ,101,310,SAO GONCALO,ULTRAPASSAGEM INDEVIDA,COLISÃO LATERAL MESMO SENTIDO,SEM VÍTIMAS,PLENO DIA,Crescente,NUBLADO,DUPLA,Reta,Sim,3,0,0,0,3,0,0,3,-22.79717023,-43.04404993,SPRF-RJ,DEL02-RJ,UOP02-DEL02-RJ,2023,,12,,,,0.0
542291.0,2023-08-14,,07:40:00,RJ,101,299,ITABORAI,ACUMULO DE ÓLEO SOBRE O PAVIMENTO,TOMBAMENTO,COM VÍTIMAS FERIDAS,PLENO DIA,Crescente,GAROA/CHUVISCO,DUPLA,Reta,Não,2,0,2,0,0,0,2,1,-22.77489989,-42.94169133,SPRF-RJ,DEL02-RJ,UOP02-DEL02-RJ,2023,,7,,,,1.0
542692.0,2023-08-16,,11:45:00,RJ,493,"0,5",ITABORAI,AUSÊNCIA DE REAÇÃO DO CONDUTOR,ATROPELAMENTO DE PEDESTRE,COM VÍTIMAS FERIDAS,PLENO DIA,Decrescente,CÉU CLARO,SIMPLES,Reta,Sim,2,0,1,0,1,0,1,2,-22.77062,-42.92223,SPRF-RJ,DEL02-RJ,UOP02-DEL02-RJ,2023,,11,,,,1.0
542850.0,2023-08-17,,09:40:00,RJ,101,318,SAO GONCALO,CONDUTOR DEIXOU DE MANTER DISTÂNCIA DO VEÍCULO DA FRENTE,COLISÃO LATERAL MESMO SENTIDO,COM VÍTIMAS FERIDAS,PLENO DIA,Decrescente,CÉU CLARO,DUPLA,Reta,Sim,2,0,2,0,0,0,2,2,-22.84562994,-43.09841211,SPRF-RJ,DEL02-RJ,UOP02-DEL02-RJ,2023,,9,,,,1.0
542858.0,2023-08-17,,12:00:00,RJ,101,319,NITEROI,MAL SÚBITO DO CONDUTOR,SAÍDA DE LEITO CARROÇÁVEL,COM VÍTIMAS FERIDAS,PLENO DIA,Decrescente,CÉU CLARO,MÚLTIPLA,Reta,Sim,1,0,1,0,0,0,1,1,-22.86172258,-43.10717583,SPRF-RJ,DEL02-RJ,UOP02-DEL02-RJ,2023,,12,,,,1.0
542910.0,2023-08-17,,12:45:00,RJ,101,324,NITEROI,CONDUTOR USANDO CELULAR,COLISÃO TRASEIRA,COM VÍTIMAS FERIDAS,PLENO DIA,Crescente,CÉU CLARO,MÚLTIPLA,Reta,Sim,2,0,1,0,1,0,1,2,-22.87381074,-43.12640997,SPRF-RJ,DEL02-RJ,UOP01-DEL02-RJ,2023,,12,,,,1.0
543245.0,2023-08-19,,08:30:00,RJ,101,312,SAO GONCALO,CONDUTOR DEIXOU DE MANTER DISTÂNCIA DO VEÍCULO DA FRENTE,COLISÃO TRASEIRA,COM VÍTIMAS FERIDAS,PLENO DIA,Crescente,CÉU CLARO,DUPLA,Reta,Sim,2,0,1,0,1,0,1,2,-22.80546555,-43.06156967,SPRF-RJ,DEL02-RJ,UOP02-DEL02-RJ,2023,,8,,,,1.0
543443.0,2023-08-20,,05:40:00,RJ,101,318,SAO GONCALO,AUSÊNCIA DE REAÇÃO DO CONDUTOR,QUEDA DE OCUPANTE DE VEÍCULO,COM VÍTIMAS FERIDAS,AMANHECER,Crescente,GAROA/CHUVISCO,DUPLA,Reta,Sim,3,0,2,0,1,0,2,2,-22.84562994,-43.09841211,SPRF-RJ,DEL02-RJ,UOP02-DEL02-RJ,2023,,5,,,,1.0
543715.0,2023-08-21,,15:20:00,RJ,101,304,SAO GONCALO,FREAR BRUSCAMENTE,QUEDA DE OCUPANTE DE VEÍCULO,COM VÍTIMAS FERIDAS,PLENO DIA,Crescente,CÉU CLARO,DUPLA,Reta,Sim,2,0,2,0,0,0,2,1,-22.78491869,-42.98627706,SPRF-RJ,DEL02-RJ,UOP02-DEL02-RJ,2023,,15,,,,1.0
543778.0,2023-08-17,,07:10:00,RJ,493,1,ITABORAI,CONVERSÃO PROIBIDA,COLISÃO LATERAL SENTIDO OPOSTO,COM VÍTIMAS FERIDAS,PLENO DIA,Crescente,CÉU CLARO,SIMPLES,Reta,Sim,2,0,1,0,1,0,1,2,-22.76398788,-42.92731895,SPRF-RJ,DEL02-RJ,UOP02-DEL02-RJ,2023,,7,,,,1.0
543872.0,2023-06-19,,06:45:00,RJ,101,322,NITEROI,ACESSAR A VIA SEM OBSERVAR A PRESENÇA DOS OUTROS VEÍCULOS,COLISÃO TRASEIRA,COM VÍTIMAS FERIDAS,PLENO DIA,Crescente,CÉU CLARO,DUPLA,Curva,Sim,3,0,1,0,2,0,1,3,-22.878923,-43.110676,SPRF-RJ,DEL02-RJ,UOP01-DEL02-RJ,2023,,6,,,,1.0
544090.0,2023-08-19,,23:55:00,RJ,493,4,ITABORAI,AUSÊNCIA DE REAÇÃO DO CONDUTOR,SAÍDA DE LEITO CARROÇÁVEL,COM VÍTIMAS FERIDAS,PLENA NOITE,Decrescente,CÉU CLARO,DUPLA,Reta,Sim,1,0,1,0,0,0,1,1,-22.74828913,-42.9500441,SPRF-RJ,DEL02-RJ,UOP02-DEL02-RJ,2023,,23,,,,1.0
544122.0,2023-08-23,,15:00:00,RJ,101,322,NITEROI,AUSÊNCIA DE REAÇÃO DO CONDUTOR,TOMBAMENTO,COM VÍTIMAS FERIDAS,PLENO DIA,Decrescente,CÉU CLARO,SIMPLES,Reta,Não,1,0,1,0,0,0,1,1,-22.878923,-43.110676,SPRF-RJ,DEL02-RJ,UOP01-DEL02-RJ,2023,,15,,,,1.0
544126.0,2023-08-16,,22:00:00,RJ,493,"0,3",ITABORAI,ACESSAR A VIA SEM OBSERVAR A PRESENÇA DOS OUTROS VEÍCULOS,COLISÃO FRONTAL,COM VÍTIMAS FERIDAS,PLENA NOITE,Decrescente,CÉU CLARO,SIMPLES,Reta,Não,2,0,1,0,1,0,1,2,-22.77062,-42.92223,SPRF-RJ,DEL02-RJ,UOP02-DEL02-RJ,2023,,22,,,,1.0
544283.0,2023-08-24,,14:10:00,RJ,101,289,ITABORAI,AUSÊNCIA DE REAÇÃO DO CONDUTOR,COLISÃO COM OBJETO,COM VÍTIMAS FERIDAS,PLENO DIA,Decrescente,CÉU CLARO,DUPLA,Reta,Sim,1,0,1,0,0,0,1,1,-22.76376316,-42.85172094,SPRF-RJ,DEL02-RJ,UOP02-DEL02-RJ,2023,,14,,,,1.0
544306.0,2023-08-24,,17:00:00,RJ,101,306,SAO GONCALO,MANOBRA DE MUDANÇA DE FAIXA,CAPOTAMENTO,COM VÍTIMAS FERIDAS,PLENO DIA,Decrescente,CÉU CLARO,DUPLA,Reta,Sim,1,0,1,0,0,0,1,1,-22.78913759,-43.00550909,SPRF-RJ,DEL02-RJ,UOP02-DEL02-RJ,2023,,17,,,,1.0
544433.0,2023-08-25,,11:20:00,RJ,101,324,NITEROI,AUSÊNCIA DE REAÇÃO DO CONDUTOR,COLISÃO TRASEIRA,COM VÍTIMAS FERIDAS,PLENO DIA,Decrescente,NUBLADO,MÚLTIPLA,Reta,Sim,3,0,2,0,1,0,2,2,-22.87314249,-43.13471053,SPRF-RJ,DEL02-RJ,UOP01-DEL02-RJ,2023,,11,,,,1.0
544491.0,2023-08-25,,16:55:00,RJ,493,5,ITABORAI,FALTA DE ELEMENTO DE CONTENÇÃO QUE EVITE A SAÍDA DO LEITO CARROÇÁVEL,SAÍDA DE LEITO CARROÇÁVEL,COM VÍTIMAS FERIDAS,PLENO DIA,Crescente,CHUVA,DUPLA,Reta,Não,5,0,4,0,1,0,4,1,-22.73998606,-42.95374823,SPRF-RJ,DEL02-RJ,UOP02-DEL02-RJ,2023,,16,,,,1.0
544569.0,2023-08-26,,00:30:00,RJ,101,317,SAO GONCALO,ACESSAR A VIA SEM OBSERVAR A PRESENÇA DOS OUTROS VEÍCULOS,COLISÃO COM OBJETO,COM VÍTIMAS FERIDAS,PLENA NOITE,Decrescente,GAROA/CHUVISCO,MÚLTIPLA,Reta,Sim,3,0,1,0,2,0,1,2,-22.83707798,-43.09492006,SPRF-RJ,DEL02-RJ,UOP02-DEL02-RJ,2023,,0,,,,1.0
544721.0,2023-08-26,,16:30:00,RJ,101,314,SAO GONCALO,MANOBRA DE MUDANÇA DE FAIXA,COLISÃO LATERAL MESMO SENTIDO,COM VÍTIMAS FERIDAS,PLENO DIA,Decrescente,CHUVA,DUPLA,Reta,Não,3,0,1,0,2,0,1,2,-22.81648739,-43.07728467,SPRF-RJ,DEL02-RJ,UOP02-DEL02-RJ,2023,,16,,,,1.0
544873.0,2023-08-27,,11:00:00,RJ,101,305,SAO GONCALO,PEDESTRE CRUZAVA A PISTA FORA DA FAIXA,ATROPELAMENTO DE PEDESTRE,COM VÍTIMAS FERIDAS,PLENO DIA,Crescente,GAROA/CHUVISCO,DUPLA,Reta,Sim,2,0,0,1,1,0,1,2,-22.78702832,-42.99589293,SPRF-RJ,DEL02-RJ,UOP02-DEL02-RJ,2023,,11,,,,1.0
544971.0,2023-08-27,,19:40:00,RJ,101,"299,5",SAO GONCALO,MANOBRA DE MUDANÇA DE FAIXA,COLISÃO LATERAL MESMO SENTIDO,COM VÍTIMAS FERIDAS,PLENA NOITE,Crescente,CHUVA,DUPLA,Reta,Sim,3,0,1,0,2,0,1,3,-22.77432673,-42.93823207,SPRF-RJ,DEL02-RJ,UOP02-DEL02-RJ,2023,,19,,,,1.0
545036.0,2023-08-28,,01:50:00,RJ,101,295,ITABORAI,AUSÊNCIA DE REAÇÃO DO CONDUTOR,COLISÃO COM OBJETO,SEM VÍTIMAS,PLENA NOITE,Decrescente,CHUVA,MÚLTIPLA,Reta,Não,4,0,0,0,4,0,0,1,-22.76365068,-42.90223623,SPRF-RJ,DEL02-RJ,UOP02-DEL02-RJ,2023,,1,,,,0.0
545408.0,2023-08-30,,04:30:00,RJ,493,0,ITABORAI,ANIMAIS NA PISTA,ATROPELAMENTO DE ANIMAL,COM VÍTIMAS FERIDAS,AMANHECER,Crescente,CÉU CLARO,SIMPLES,Curva,Não,1,0,1,0,0,0,1,1,-22.77062,-42.92223,SPRF-RJ,DEL02-RJ,UOP02-DEL02-RJ,2023,,4,,,,1.0
545538.0,2023-08-30,,16:55:00,RJ,101,322,NITEROI,VELOCIDADE INCOMPATÍVEL,COLISÃO TRASEIRA,COM VÍTIMAS FERIDAS,PLENO DIA,Decrescente,NUBLADO,SIMPLES,Declive;Ponte;Reta,Sim,2,0,0,1,1,0,1,2,-22.88467014,-43.11555505,SPRF-RJ,DEL02-RJ,UOP01-DEL02-RJ,2023,,16,,,,1.0
545873.0,2023-09-01,0.0,14:30:00,RJ,101,302,ITABORAI,CONDUTOR DEIXOU DE MANTER DISTÂNCIA DO VEÍCULO DA FRENTE,COLISÃO TRASEIRA,COM VÍTIMAS FERIDAS,PLENO DIA,Decrescente,CÉU CLARO,DUPLA,Reta,Sim,7,0,5,0,2,0,5,2,-22.78069318,-42.96706396,SPRF-RJ,DEL02-RJ,UOP02-DEL02-RJ,2023,2023-01-09,14,2023.0,1.0,Segunda,1.0
545889.0,2023-08-25,,13:20:00,RJ,101,285,ITABORAI,AUSÊNCIA DE REAÇÃO DO CONDUTOR,COLISÃO TRASEIRA,COM VÍTIMAS FERIDAS,PLENO DIA,Crescente,CÉU CLARO,MÚLTIPLA,Reta;Aclive,Não,1,0,0,1,0,0,1,1,-22.7498742,-42.81644087,SPRF-RJ,DEL02-RJ,UOP02-DEL02-RJ,2023,,13,,,,1.0
545903.0,2023-09-01,0.0,10:00:00,RJ,101,294,ITABORAI,AUSÊNCIA DE REAÇÃO DO CONDUTOR,COLISÃO TRASEIRA,COM VÍTIMAS FERIDAS,PLENO DIA,Decrescente,CÉU CLARO,DUPLA,Reta,Sim,2,0,1,0,1,0,1,2,-22.7584434,-42.89502344,SPRF-RJ,DEL02-RJ,UOP02-DEL02-RJ,2023,2023-01-09,10,2023.0,1.0,Segunda,1.0
545916.0,2023-09-01,0.0,17:45:00,RJ,101,304,SAO GONCALO,AUSÊNCIA DE REAÇÃO DO CONDUTOR,COLISÃO TRASEIRA,COM VÍTIMAS FERIDAS,ANOITECER,Decrescente,CÉU CLARO,DUPLA,Reta,Não,2,0,1,0,1,0,1,2,-22.78491869,-42.98627706,SPRF-RJ,DEL02-RJ,UOP02-DEL02-RJ,2023,2023-01-09,17,2023.0,1.0,Segunda,1.0
546000.0,2023-09-02,3.0,02:20:00,RJ,101,314,SAO GONCALO,VELOCIDADE INCOMPATÍVEL,QUEDA DE OCUPANTE DE VEÍCULO,COM VÍTIMAS FERIDAS,PLENA NOITE,Crescente,CÉU CLARO,DUPLA,Reta,Sim,1,0,0,1,0,0,1,1,-22.81648739,-43.07728467,SPRF-RJ,DEL02-RJ,UOP02-DEL02-RJ,2023,2023-02-09,2,2023.0,2.0,Quinta,1.0
546008.0,2023-07-19,,11:40:00,RJ,493,"0,9",ITABORAI,PEDESTRE CRUZAVA A PISTA FORA DA FAIXA,ATROPELAMENTO DE PEDESTRE,COM VÍTIMAS FERIDAS,PLENO DIA,Crescente,CÉU CLARO,DUPLA,Reta,Sim,2,0,1,0,1,0,1,2,-22.77062,-42.92223,SPRF-RJ,DEL02-RJ,UOP02-DEL02-RJ,2023,,11,,,,1.0
546079.0,2023-09-02,3.0,11:50:00,RJ,101,325,NITEROI,CONDUTOR DEIXOU DE MANTER DISTÂNCIA DO VEÍCULO DA FRENTE,COLISÃO TRASEIRA,COM VÍTIMAS FERIDAS,PLENO DIA,Decrescente,CÉU CLARO,MÚLTIPLA,Declive;Reta,Não,4,0,1,0,3,0,1,2,-22.87292569,-43.13625699,SPRF-RJ,DEL02-RJ,UOP01-DEL02-RJ,2023,2023-02-09,11,2023.0,2.0,Quinta,1.0
546113.0,2023-09-02,3.0,14:30:00,RJ,101,324,NITEROI,REAÇÃO TARDIA OU INEFICIENTE DO CONDUTOR,ENGAVETAMENTO,COM VÍTIMAS FERIDAS,PLENO DIA,Decrescente,CÉU CLARO,DUPLA,Declive,Sim,4,0,1,0,3,0,1,3,-22.87381074,-43.12640997,SPRF-RJ,DEL02-RJ,UOP01-DEL02-RJ,2023,2023-02-09,14,2023.0,2.0,Quinta,1.0
546208.0,2023-09-02,3.0,18:35:00,RJ,493,6,ITABORAI,ACESSAR A VIA SEM OBSERVAR A PRESENÇA DOS OUTROS VEÍCULOS,ATROPELAMENTO DE PEDESTRE,SEM VÍTIMAS,PLENA NOITE,Decrescente,CÉU CLARO,SIMPLES,Reta,Não,3,0,0,0,3,0,0,3,-22.73124198,-42.95145305,SPRF-RJ,DEL02-RJ,UOP02-DEL02-RJ,2023,2023-02-09,18,2023.0,2.0,Quinta,0.0
546230.0,2023-09-03,3.0,00:30:00,RJ,101,321,NITEROI,DEMAIS FALHAS NA VIA,QUEDA DE OCUPANTE DE VEÍCULO,COM VÍTIMAS FERIDAS,PLENA NOITE,Decrescente,CÉU CLARO,MÚLTIPLA,Curva,Sim,1,0,1,0,0,0,1,1,-22.86981096,-43.11046465,SPRF-RJ,DEL02-RJ,UOP01-DEL02-RJ,2023,2023-03-09,0,2023.0,3.0,Quinta,1.0