id,data_inversa,dia_semana,horario,uf,br,km,municipio,causa_acidente,tipo_acidente,classificacao_acidente,fase_dia,sentido_via,condicao_metereologica,tipo_pista,tracado_via,uso_solo,pessoas,mortos,feridos_leves,feridos_graves,ilesos,ignorados,feridos,veiculos,latitude,longitude,regional,delegacia,uop,ano_arquivo,data,hora,ano,mes,dia_semana_nome,gravidade
546293.0,2023-04-20,,19:40:00,RJ,101,271,RIO BONITO,ENTRADA INOPINADA DO PEDESTRE,ATROPELAMENTO DE PEDESTRE,COM VÍTIMAS FATAIS,PLENA NOITE,Crescente,CÉU CLARO,DUPLA,Curva,Não,2,1,0,0,1,0,0,2,-22.72443147,-42.69368143,SPRF-RJ,DEL02-RJ,UOP03-DEL02-RJ,2023,,19,,,,2.0
546367.0,2023-09-03,3.0,13:30:00,RJ,101,309,SAO GONCALO,AUSÊNCIA DE REAÇÃO DO CONDUTOR,COLISÃO TRASEIRA,COM VÍTIMAS FERIDAS,PLENO DIA,Crescente,SOL,DUPLA,Reta,Sim,3,0,2,0,1,0,2,2,-22.79498873,-43.03446105,SPRF-RJ,DEL02-RJ,UOP02-DEL02-RJ,2023,2023-03-09,13,2023.0,3.0,Quinta,1.0
546499.0,2023-09-04,6.0,05:30:00,RJ,101,310,SAO GONCALO,REAÇÃO TARDIA OU INEFICIENTE DO CONDUTOR,COLISÃO COM OBJETO,COM VÍTIMAS FERIDAS,AMANHECER,Crescente,CÉU CLARO,DUPLA,Reta,Sim,2,0,1,0,1,0,1,1,-22.797102,-43.04442286,SPRF-RJ,DEL02-RJ,UOP02-DEL02-RJ,2023,2023-04-09,5,2023.0,4.0,Domingo,1.0
546522.0,2023-09-04,6.0,07:30:00,RJ,101,309,SAO GONCALO,CONDUTOR DEIXOU DE MANTER DISTÂNCIA DO VEÍCULO DA FRENTE,COLISÃO TRASEIRA,COM VÍTIMAS FERIDAS,PLENO DIA,Crescente,CÉU CLARO,MÚLTIPLA,Reta,Não,7,0,1,0,6,0,1,2,-22.79498873,-43.03446105,SPRF-RJ,DEL02-RJ,UOP02-DEL02-RJ,2023,2023-04-09,7,2023.0,4.0,Domingo,1.0
546590.0,2023-09-04,6.0,08:00:00,RJ,101,318,SAO GONCALO,AUSÊNCIA DE REAÇÃO DO CONDUTOR,QUEDA DE OCUPANTE DE VEÍCULO,COM VÍTIMAS FERIDAS,PLENO DIA,Crescente,CÉU CLARO,DUPLA,Reta,Sim,1,0,1,0,0,0,1,1,-22.84562994,-43.09841211,SPRF-RJ,DEL02-RJ,UOP02-DEL02-RJ,2023,2023-04-09,8,2023.0,4.0,Domingo,1.0
546594.0,2023-09-04,6.0,15:55:00,RJ,101,297,ITABORAI,AVARIAS E/OU DESGASTE EXCESSIVO NO PNEU,COLISÃO LATERAL MESMO SENTIDO,COM VÍTIMAS FERIDAS,PLENO DIA,Decrescente,NUBLADO,SIMPLES,Aclive;Reta,Sim,3,0,2,0,1,0,2,2,-22.76942037,-42.91873581,SPRF-RJ,DEL02-RJ,UOP02-DEL02-RJ,2023,2023-04-09,15,2023.0,4.0,Domingo,1.0
546631.0,2023-09-04,6.0,19:30:00,RJ,493,6,ITABORAI,ILUMINAÇÃO DEFICIENTE,QUEDA DE OCUPANTE DE VEÍCULO,COM VÍTIMAS FERIDAS,PLENA NOITE,Decrescente,CÉU CLARO,DUPLA,Reta,Não,2,0,1,0,1,0,1,1,-22.73124198,-42.95145305,SPRF-RJ,DEL02-RJ,UOP02-DEL02-RJ,2023,2023-04-09,19,2023.0,4.0,Domingo,1.0
546640.0,2023-09-04,6.0,21:30:00,RJ,101,"309,8",SAO GONCALO,REAÇÃO TARDIA OU INEFICIENTE DO CONDUTOR,QUEDA DE OCUPANTE DE VEÍCULO,COM VÍTIMAS FERIDAS,PLENA NOITE,Crescente,CÉU CLARO,DUPLA,Reta,Sim,2,0,1,0,0,1,1,2,-22.796098,-43.041372,SPRF-RJ,DEL02-RJ,UOP02-DEL02-RJ,2023,2023-04-09,21,2023.0,4.0,Domingo,1.0
546659.0,2023-09-05,1.0,05:30:00,RJ,101,265,RIO BONITO,MANOBRA DE MUDANÇA DE FAIXA,COLISÃO LATERAL MESMO SENTIDO,COM VÍTIMAS FERIDAS,AMANHECER,Crescente,NUBLADO,DUPLA,Reta,Não,5,0,2,0,2,1,2,3,-22.71359987,-42.64391188,SPRF-RJ,DEL02-RJ,UOP03-DEL02-RJ,2023,2023-05-09,5,2023.0,5.0,Terça,1.0
546660.0,2023-09-05,1.0,05:20:00,RJ,101,306,SAO GONCALO,AVARIAS E/OU DESGASTE EXCESSIVO NO PNEU,CAPOTAMENTO,COM VÍTIMAS FERIDAS,AMANHECER,Crescente,CÉU CLARO,DUPLA,Reta,Não,2,0,1,0,1,0,1,1,-22.78913759,-43.00550909,SPRF-RJ,DEL02-RJ,UOP02-DEL02-RJ,2023,2023-05-09,5,2023.0,5.0,Terça,1.0
546771.0,2023-09-05,1.0,09:30:00,RJ,101,322,NITEROI,DEMAIS FALHAS MECÂNICAS OU ELÉTRICAS,INCÊNDIO,SEM VÍTIMAS,PLENO DIA,Decrescente,GAROA/CHUVISCO,DUPLA,Reta,Sim,1,0,0,0,1,0,0,1,-22.878923,-43.110676,SPRF-RJ,DEL02-RJ,UOP01-DEL02-RJ,2023,2023-05-09,9,2023.0,5.0,Terça,0.0
546815.0,2023-09-05,1.0,08:10:00,RJ,101,316,SAO GONCALO,AUSÊNCIA DE REAÇÃO DO CONDUTOR,COLISÃO TRANSVERSAL,COM VÍTIMAS FERIDAS,PLENO DIA,Crescente,CÉU CLARO,DUPLA,Reta,Não,3,0,2,0,1,0,2,2,-22.82835879,-43.09208739,SPRF-RJ,DEL02-RJ,UOP02-DEL02-RJ,2023,2023-05-09,8,2023.0,5.0,Terça,1.0
546945.0,2023-08-29,,05:00:00,RJ,101,319,NITEROI,CONDUTOR DEIXOU DE MANTER DISTÂNCIA DO VEÍCULO DA FRENTE,COLISÃO COM OBJETO,COM VÍTIMAS FERIDAS,PLENA NOITE,Crescente,GAROA/CHUVISCO,SIMPLES,Reta,Sim,2,0,0,1,1,0,1,2,-22.859118,-43.10159,SPRF-RJ,DEL02-RJ,UOP02-DEL02-RJ,2023,,5,,,,1.0
547159.0,2023-09-04,6.0,04:00:00,RJ,101,321,NITEROI,CURVA ACENTUADA,QUEDA DE OCUPANTE DE VEÍCULO,COM VÍTIMAS FERIDAS,PLENA NOITE,Decrescente,CÉU CLARO,MÚLTIPLA,Curva,Sim,1,0,1,0,0,0,1,1,-22.86981096,-43.11046465,SPRF-RJ,DEL02-RJ,UOP01-DEL02-RJ,2023,2023-04-09,4,2023.0,4.0,Domingo,1.0
547198.0,2023-09-07,6.0,14:20:00,RJ,101,302,SAO GONCALO,MANOBRA DE MUDANÇA DE FAIXA,COLISÃO TRASEIRA,COM VÍTIMAS FERIDAS,PLENO DIA,Decrescente,NUBLADO,DUPLA,Viaduto;Reta,Sim,2,0,0,1,1,0,1,2,-22.77917589,-42.96033561,SPRF-RJ,DEL02-RJ,UOP02-DEL02-RJ,2023,2023-07-09,14,2023.0,7.0,Domingo,1.0
547462.0,2023-09-08,2.0,17:00:00,RJ,101,325,NITEROI,CONDUTOR DEIXOU DE MANTER DISTÂNCIA DO VEÍCULO DA FRENTE,TOMBAMENTO,COM VÍTIMAS FERIDAS,ANOITECER,Decrescente,CÉU CLARO,DUPLA,Reta,Não,1,0,1,0,0,0,1,1,-22.87292569,-43.13625699,SPRF-RJ,DEL02-RJ,UOP01-DEL02-RJ,2023,2023-08-09,17,2023.0,8.0,Quarta,1.0
547588.0,2023-09-09,5.0,12:40:00,RJ,101,321,NITEROI,AUSÊNCIA DE REAÇÃO DO CONDUTOR,COLISÃO LATERAL MESMO SENTIDO,SEM VÍTIMAS,PLENO DIA,Crescente,CÉU CLARO,SIMPLES,Reta,Sim,2,0,0,0,2,0,0,2,-22.86981096,-43.11046465,SPRF-RJ,DEL02-RJ,UOP01-DEL02-RJ,2023,2023-09-09,12,2023.0,9.0,Sábado,0.0
547719.0,2023-09-10,0.0,00:20:00,RJ,101,328,NITEROI,REAÇÃO TARDIA OU INEFICIENTE DO CONDUTOR,TOMBAMENTO,COM VÍTIMAS FERIDAS,PLENA NOITE,Crescente,CÉU CLARO,DUPLA,Reta,Sim,1,0,1,0,0,0,1,1,-22.87028692,-43.16579699,SPRF-RJ,DEL02-RJ,UOP01-DEL02-RJ,2023,2023-10-09,0,2023.0,10.0,Segunda,1.0
547736.0,2023-09-10,0.0,02:10:00,RJ,101,305,SAO GONCALO,AUSÊNCIA DE REAÇÃO DO CONDUTOR,ATROPELAMENTO DE ANIMAL,COM VÍTIMAS FATAIS,PLENA NOITE,Crescente,CÉU CLARO,DUPLA,Reta,Sim,1,1,0,0,0,0,0,1,-22.78702832,-42.99589293,SPRF-RJ,DEL02-RJ,UOP02-DEL02-RJ,2023,2023-10-09,2,2023.0,10.0,Segunda,2.0
547939.0,2023-09-10,0.0,18:30:00,RJ,101,291,ITABORAI,CONDUTOR DEIXOU DE MANTER DISTÂNCIA DO VEÍCULO DA FRENTE,COLISÃO TRASEIRA,SEM VÍTIMAS,PLENA NOITE,Decrescente,CÉU CLARO,DUPLA,Reta,Não,4,0,0,0,4,0,0,2,-22.76457445,-42.86989322,SPRF-RJ,DEL02-RJ,UOP02-DEL02-RJ,2023,2023-10-09,18,2023.0,10.0,Segunda,0.0
547940.0,2023-09-10,0.0,21:50:00,RJ,493,1,ITABORAI,CONVERSÃO PROIBIDA,COLISÃO TRANSVERSAL,COM VÍTIMAS FERIDAS,PLENA NOITE,Decrescente,CÉU CLARO,SIMPLES,Reta,Sim,2,0,1,0,1,0,1,2,-22.76398788,-42.92731895,SPRF-RJ,DEL02-RJ,UOP02-DEL02-RJ,2023,2023-10-09,21,2023.0,10.0,Segunda,1.0
548005.0,2023-09-11,3.0,07:54:00,RJ,101,294,ITABORAI,AUSÊNCIA DE SINALIZAÇÃO,COLISÃO LATERAL MESMO SENTIDO,COM VÍTIMAS FERIDAS,PLENO DIA,Crescente,SOL,DUPLA,Reta,Não,2,0,1,0,1,0,1,2,-22.7584434,-42.89502344,SPRF-RJ,DEL02-RJ,UOP02-DEL02-RJ,2023,2023-11-09,7,2023.0,11.0,Quinta,1.0
548010.0,2023-09-11,3.0,08:50:00,RJ,101,297,ITABORAI,TRAFEGAR COM MOTOCICLETA (OU SIMILAR) ENTRE AS FAIXAS,COLISÃO LATERAL MESMO SENTIDO,COM VÍTIMAS FERIDAS,PLENO DIA,Crescente,SOL,DUPLA,Aclive;Reta,Não,2,0,1,0,1,0,1,2,-22.76942037,-42.91873581,SPRF-RJ,DEL02-RJ,UOP02-DEL02-RJ,2023,2023-11-09,8,2023.0,11.0,Quinta,1.0
548015.0,2023-09-11,3.0,06:00:00,RJ,101,306,SAO GONCALO,FREAR BRUSCAMENTE,ENGAVETAMENTO,COM VÍTIMAS FERIDAS,PLENO DIA,Crescente,CÉU CLARO,SIMPLES,Reta,Sim,5,0,1,0,3,1,1,4,-22.78913759,-43.00550909,SPRF-RJ,DEL02-RJ,UOP02-DEL02-RJ,2023,2023-11-09,6,2023.0,11.0,Quinta,1.0
548041.0,2023-09-11,3.0,09:10:00,RJ,101,"314,6",SAO GONCALO,TRAFEGAR COM MOTOCICLETA (OU SIMILAR) ENTRE AS FAIXAS,QUEDA DE OCUPANTE DE VEÍCULO,COM VÍTIMAS FATAIS,PLENO DIA,Crescente,SOL,DUPLA,Reta,Sim,3,1,1,0,1,0,1,2,-22.81648739,-43.07728467,SPRF-RJ,DEL02-RJ,UOP02-DEL02-RJ,2023,2023-11-09,9,2023.0,11.0,Quinta,2.0
548062.0,2023-09-11,3.0,08:40:00,RJ,101,319,NITEROI,TRAFEGAR COM MOTOCICLETA (OU SIMILAR) ENTRE AS FAIXAS,COLISÃO LATERAL MESMO SENTIDO,COM VÍTIMAS FERIDAS,PLENO DIA,Crescente,CÉU CLARO,DUPLA,Reta,Não,2,0,1,0,1,0,1,2,-22.85411774,-43.1018014,SPRF-RJ,DEL02-RJ,UOP02-DEL02-RJ,2023,2023-11-09,8,2023.0,11.0,Quinta,1.0
548118.0,2023-09-11,3.0,15:00:00,RJ,101,326,NITEROI,CONDUTOR DEIXOU DE MANTER DISTÂNCIA DO VEÍCULO DA FRENTE,COLISÃO TRASEIRA,COM VÍTIMAS FERIDAS,PLENO DIA,Crescente,CÉU CLARO,MÚLTIPLA,Ponte;Reta,Não,2,0,1,0,1,0,1,2,-22.87206203,-43.146105,SPRF-RJ,DEL02-RJ,UOP01-DEL02-RJ,2023,2023-11-09,15,2023.0,11.0,Quinta,1.0
548181.0,2023-09-08,2.0,22:46:00,RJ,101,269,RIO BONITO,VELOCIDADE INCOMPATÍVEL,COLISÃO COM OBJETO,SEM VÍTIMAS,PLENA NOITE,Crescente,CÉU CLARO,DUPLA,Reta,Sim,2,0,0,0,1,1,0,2,-22.71495082,-42.67804708,SPRF-RJ,DEL02-RJ,UOP03-DEL02-RJ,2023,2023-08-09,22,2023.0,8.0,Quarta,0.0
548196.0,2023-09-12,5.0,09:30:00,RJ,101,324,NITEROI,TRAFEGAR COM MOTOCICLETA (OU SIMILAR) ENTRE AS FAIXAS,COLISÃO LATERAL MESMO SENTIDO,COM VÍTIMAS FERIDAS,PLENO DIA,Crescente,CÉU CLARO,DUPLA,Reta,Não,4,0,2,0,2,0,2,3,-22.87381074,-43.12640997,SPRF-RJ,DEL02-RJ,UOP01-DEL02-RJ,2023,2023-12-09,9,2023.0,12.0,Sábado,1.0
548220.0,2023-09-12,5.0,09:10:00,RJ,101,324,NITEROI,AUSÊNCIA DE REAÇÃO DO CONDUTOR,TOMBAMENTO,COM VÍTIMAS FERIDAS,PLENO DIA,Decrescente,CÉU CLARO,DUPLA,Reta,Não,1,0,1,0,0,0,1,1,-22.87381074,-43.12640997,SPRF-RJ,DEL02-RJ,UOP01-DEL02-RJ,2023,2023-12-09,9,2023.0,12.0,Sábado,1.0
548274.0,2023-09-12,5.0,17:00:00,RJ,101,296,ITABORAI,ACESSAR A VIA SEM OBSERVAR A PRESENÇA DOS OUTROS VEÍCULOS,ATROPELAMENTO DE PEDESTRE,COM VÍTIMAS FERIDAS,ANOITECER,Decrescente,CÉU CLARO,DUPLA,Reta,Sim,2,0,1,0,1,0,1,2,-22.7670498,-42.91019601,SPRF-RJ,DEL02-RJ,UOP02-DEL02-RJ,2023,2023-12-09,17,2023.0,12.0,Sábado,1.0
548383.0,2023-08-28,,17:25:00,RJ,101,324,NITEROI,REAÇÃO TARDIA OU INEFICIENTE DO CONDUTOR,COLISÃO LATERAL MESMO SENTIDO,COM VÍTIMAS FERIDAS,ANOITECER,Crescente,NEVOEIRO/NEBLINA,DUPLA,Reta,Não,4,0,3,0,0,1,3,2,-22.87381074,-43.12640997,SPRF-RJ,DEL02-RJ,UOP01-DEL02-RJ,2023,,17,,,,1.0
548399.0,2023-09-13,,11:45:00,RJ,101,326,NITEROI,MANOBRA DE MUDANÇA DE FAIXA,COLISÃO LATERAL MESMO SENTIDO,COM VÍTIMAS FERIDAS,PLENO DIA,Decrescente,CÉU CLARO,DUPLA,Reta,Sim,3,0,0,1,2,0,1,2,-22.87206203,-43.146105,SPRF-RJ,DEL02-RJ,UOP01-DEL02-RJ,2023,,11,,,,1.0
548432.0,2023-09-10,0.0,05:00:00,RJ,101,297,ITABORAI,ACUMULO DE AREIA OU DETRITOS SOBRE O PAVIMENTO,QUEDA DE OCUPANTE DE VEÍCULO,COM VÍTIMAS FERIDAS,AMANHECER,Decrescente,CÉU CLARO,SIMPLES,Aclive,Não,2,0,1,1,0,0,2,1,-22.76942037,-42.91873581,SPRF-RJ,DEL02-RJ,UOP02-DEL02-RJ,2023,2023-10-09,5,2023.0,10.0,Segunda,1.0
548460.0,2023-09-13,,11:05:00,RJ,101,315,SAO GONCALO,CONDUTOR DEIXOU DE MANTER DISTÂNCIA DO VEÍCULO DA FRENTE,COLISÃO LATERAL MESMO SENTIDO,COM VÍTIMAS FERIDAS,PLENO DIA,Crescente,CÉU CLARO,DUPLA,Reta,Sim,2,0,1,0,1,0,1,2,-22.82262092,-43.08460805,SPRF-RJ,DEL02-RJ,UOP02-DEL02-RJ,2023,,11,,,,1.0
548491.0,2023-09-13,,09:30:00,RJ,493,1,ITABORAI,CONVERSÃO PROIBIDA,COLISÃO TRANSVERSAL,COM VÍTIMAS FERIDAS,PLENO DIA,Decrescente,CÉU CLARO,SIMPLES,Reta,Sim,2,0,1,0,1,0,1,2,-22.76398788,-42.92731895,SPRF-RJ,DEL02-RJ,UOP02-DEL02-RJ,2023,,9,,,,1.0
548522.0,2023-09-14,,06:00:00,RJ,101,323,NITEROI,DEMAIS FALHAS MECÂNICAS OU ELÉTRICAS,INCÊNDIO,SEM VÍTIMAS,PLENO DIA,Crescente,CÉU CLARO,DUPLA,Reta,Sim,1,0,0,0,1,0,0,1,-22.87684786,-43.11728689,SPRF-RJ,DEL02-RJ,UOP01-DEL02-RJ,2023,,6,,,,0.0
548705.0,2023-09-14,,21:52:00,RJ,101,262,RIO BONITO,REAÇÃO TARDIA OU INEFICIENTE DO CONDUTOR,SAÍDA DE LEITO CARROÇÁVEL,COM VÍTIMAS FERIDAS,PLENA NOITE,Crescente,CHUVA,DUPLA,Curva,Sim,1,0,1,0,0,0,1,1,-22.7145587,-42.62162089,SPRF-RJ,DEL02-RJ,UOP03-DEL02-RJ,2023,,21,,,,1.0
548717.0,2023-09-15,,03:45:00,RJ,101,285,ITABORAI,DEMAIS FALHAS MECÂNICAS OU ELÉTRICAS,INCÊNDIO,SEM VÍTIMAS,PLENA NOITE,Decrescente,GAROA/CHUVISCO,DUPLA,Declive,Não,1,0,0,0,1,0,0,1,-22.7498742,-42.81644087,SPRF-RJ,DEL02-RJ,UOP02-DEL02-RJ,2023,,3,,,,0.0
548807.0,2023-09-15,,08:15:00,RJ,101,316,SAO GONCALO,DEMAIS FALHAS MECÂNICAS OU ELÉTRICAS,QUEDA DE OCUPANTE DE VEÍCULO,COM VÍTIMAS FERIDAS,PLENO DIA,Crescente,CÉU CLARO,SIMPLES,Reta,Sim,2,0,2,0,0,0,2,1,-22.82835879,-43.09208739,SPRF-RJ,DEL02-RJ,UOP02-DEL02-RJ,2023,,8,,,,1.0
549184.0,2023-09-16,,00:45:00,RJ,101,328,NITEROI,AUSÊNCIA DE REAÇÃO DO CONDUTOR,COLISÃO COM OBJETO,COM VÍTIMAS FERIDAS,PLENA NOITE,Decrescente,CÉU CLARO,MÚLTIPLA,Reta,Não,4,0,2,0,2,0,2,3,-22.87028692,-43.16579699,SPRF-RJ,DEL02-RJ,UOP01-DEL02-RJ,2023,,0,,,,1.0
549390.0,2023-09-18,,02:00:00,RJ,101,307,SAO GONCALO,REAÇÃO TARDIA OU INEFICIENTE DO CONDUTOR,QUEDA DE OCUPANTE DE VEÍCULO,COM VÍTIMAS FERIDAS,PLENA NOITE,Decrescente,CÉU CLARO,DUPLA,Reta,Não,2,0,1,0,1,0,1,1,-22.79115777,-43.01514205,SPRF-RJ,DEL02-RJ,UOP02-DEL02-RJ,2023,,2,,,,1.0
549510.0,2023-09-18,,14:00:00,RJ,493,6,ITABORAI,AUSÊNCIA DE REAÇÃO DO CONDUTOR,QUEDA DE OCUPANTE DE VEÍCULO,COM VÍTIMAS FERIDAS,PLENO DIA,Decrescente,CÉU CLARO,DUPLA,Reta,Não,1,0,1,0,0,0,1,1,-22.73124198,-42.95145305,SPRF-RJ,DEL02-RJ,UOP02-DEL02-RJ,2023,,14,,,,1.0
549529.0,2023-09-18,,17:10:00,RJ,101,325,NITEROI,TRAFEGAR COM MOTOCICLETA (OU SIMILAR) ENTRE AS FAIXAS,COLISÃO LATERAL MESMO SENTIDO,COM VÍTIMAS FERIDAS,PLENO DIA,Decrescente,CÉU CLARO,DUPLA,Reta;Declive,Não,3,0,1,0,2,0,1,3,-22.87332829,-43.14193726,SPRF-RJ,DEL02-RJ,UOP01-DEL02-RJ,2023,,17,,,,1.0
549548.0,2023-09-16,,21:35:00,RJ,101,304,SAO GONCALO,CONDUTOR DEIXOU DE MANTER DISTÂNCIA DO VEÍCULO DA FRENTE,COLISÃO TRASEIRA,COM VÍTIMAS FERIDAS,PLENA NOITE,Decrescente,CÉU CLARO,DUPLA,Reta,Não,2,0,1,0,1,0,1,2,-22.78491869,-42.98627706,SPRF-RJ,DEL02-RJ,UOP02-DEL02-RJ,2023,,21,,,,1.0
549564.0,2023-09-18,,18:15:00,RJ,101,318,SAO GONCALO,TRAFEGAR COM MOTOCICLETA (OU SIMILAR) ENTRE AS FAIXAS,COLISÃO TRANSVERSAL,COM VÍTIMAS FERIDAS,PLENA NOITE,Decrescente,CÉU CLARO,DUPLA,Reta,Sim,3,0,2,0,1,0,2,2,-22.84562994,-43.09841211,SPRF-RJ,DEL02-RJ,UOP02-DEL02-RJ,2023,,18,,,,1.0
549805.0,2023-09-20,,07:50:00,RJ,101,326,NITEROI,REAÇÃO TARDIA OU INEFICIENTE DO CONDUTOR,COLISÃO TRASEIRA,COM VÍTIMAS FERIDAS,PLENO DIA,Crescente,CÉU CLARO,DUPLA,Aclive;Reta,Não,6,0,2,0,4,0,2,3,-22.87206203,-43.146105,SPRF-RJ,DEL02-RJ,UOP01-DEL02-RJ,2023,,7,,,,1.0
549913.0,2023-09-20,,17:30:00,RJ,101,318,SAO GONCALO,AUSÊNCIA DE REAÇÃO DO CONDUTOR,COLISÃO COM OBJETO,COM VÍTIMAS FERIDAS,ANOITECER,Crescente,CÉU CLARO,MÚLTIPLA,Reta,Não,2,0,2,0,0,0,2,1,-22.84562994,-43.09841211,SPRF-RJ,DEL02-RJ,UOP02-DEL02-RJ,2023,,17,,,,1.0
549943.0,2023-09-20,,21:25:00,RJ,101,267,RIO BONITO,ANIMAIS NA PISTA,ATROPELAMENTO DE ANIMAL,COM VÍTIMAS FERIDAS,PLENA NOITE,Decrescente,CÉU CLARO,DUPLA,Reta,Não,1,0,1,0,0,0,1,1,-22.7095005,-42.6654406,SPRF-RJ,DEL02-RJ,UOP03-DEL02-RJ,2023,,21,,,,1.0
550167.0,2023-09-22,,03:41:00,RJ,101,297,ITABORAI,DEMAIS FALHAS MECÂNICAS OU ELÉTRICAS,INCÊNDIO,SEM VÍTIMAS,PLENA NOITE,Decrescente,CÉU CLARO,DUPLA,Reta,Sim,1,0,0,0,0,1,0,1,-22.76942037,-42.91873581,SPRF-RJ,DEL02-RJ,UOP02-DEL02-RJ,2023,,3,,,,0.0
550177.0,2023-02-02,3.0,13:10:00,RJ,101,306,SAO GONCALO,ENTRADA INOPINADA DO PEDESTRE,ATROPELAMENTO DE PEDESTRE,COM VÍTIMAS FATAIS,PLENO DIA,Decrescente,SOL,DUPLA,Reta,Sim,2,1,0,0,0,1,0,2,-22.78913759,-43.00550909,SPRF-RJ,DEL02-RJ,UOP02-DEL02-RJ,2023,2023-02-02,13,2023.0,2.0,Quinta,2.0
550390.0,2023-09-23,,07:40:00,RJ,101,304,SAO GONCALO,CONDUTOR DEIXOU DE MANTER DISTÂNCIA DO VEÍCULO DA FRENTE,CAPOTAMENTO,COM VÍTIMAS FERIDAS,PLENO DIA,Crescente,NUBLADO,DUPLA,Reta,Não,4,0,2,0,2,0,2,2,-22.78491869,-42.98627706,SPRF-RJ,DEL02-RJ,UOP02-DEL02-RJ,2023,,7,,,,1.0
550433.0,2023-09-23,,15:15:00,RJ,101,271,RIO BONITO,CONDUTOR DEIXOU DE MANTER DISTÂNCIA DO VEÍCULO DA FRENTE,COLISÃO LATERAL MESMO SENTIDO,COM VÍTIMAS FERIDAS,PLENO DIA,Crescente,CÉU CLARO,DUPLA,Reta,Não,3,0,2,0,1,0,2,2,-22.72443147,-42.69368143,SPRF-RJ,DEL02-RJ,UOP03-DEL02-RJ,2023,,15,,,,1.0
550676.0,2023-09-24,,16:00:00,RJ,101,291,ITABORAI,PROBLEMA COM O FREIO,INCÊNDIO,SEM VÍTIMAS,PLENO DIA,Decrescente,SOL,DUPLA,Reta,Sim,1,0,0,0,1,0,0,1,-22.76457445,-42.86989322,SPRF-RJ,DEL02-RJ,UOP02-DEL02-RJ,2023,,16,,,,0.0
550699.0,2023-09-24,,19:00:00,RJ,101,"307,8",SAO GONCALO,INGESTÃO DE ÁLCOOL PELO CONDUTOR,QUEDA DE OCUPANTE DE VEÍCULO,COM VÍTIMAS FERIDAS,PLENA NOITE,Crescente,CÉU CLARO,DUPLA,Reta,Não,1,0,1,0,0,0,1,1,-22.79115777,-43.01514205,SPRF-RJ,DEL02-RJ,UOP02-DEL02-RJ,2023,,19,,,,1.0
550711.0,2023-09-24,,17:44:00,RJ,101,302,SAO GONCALO,INGESTÃO DE ÁLCOOL PELO CONDUTOR,CAPOTAMENTO,COM VÍTIMAS FERIDAS,ANOITECER,Decrescente,CÉU CLARO,DUPLA,Reta,Não,3,0,1,0,2,0,1,1,-22.78069318,-42.96706396,SPRF-RJ,DEL02-RJ,UOP02-DEL02-RJ,2023,,17,,,,1.0
550821.0,2023-09-25,,09:00:00,RJ,101,320,NITEROI,MANOBRA DE MUDANÇA DE FAIXA,COLISÃO TRASEIRA,COM VÍTIMAS FERIDAS,PLENO DIA,Crescente,CÉU CLARO,DUPLA,Reta,Sim,3,0,1,0,2,0,1,2,-22.86171098,-43.10714015,SPRF-RJ,DEL02-RJ,UOP01-DEL02-RJ,2023,,9,,,,1.0
551609.0,2023-09-29,,07:28:00,RJ,101,321,NITEROI,AUSÊNCIA DE REAÇÃO DO CONDUTOR,TOMBAMENTO,COM VÍTIMAS FERIDAS,PLENO DIA,Decrescente,CÉU CLARO,DUPLA,Reta,Não,1,0,1,0,0,0,1,1,-22.86981096,-43.11046465,SPRF-RJ,DEL02-RJ,UOP01-DEL02-RJ,2023,,7,,,,1.0
551627.0,2023-09-25,,23:30:00,RJ,101,294,ITABORAI,AUSÊNCIA DE REAÇÃO DO CONDUTOR,COLISÃO TRASEIRA,COM VÍTIMAS FERIDAS,PLENA NOITE,Crescente,CÉU CLARO,DUPLA,Reta,Sim,3,0,1,0,2,0,1,3,-22.7584434,-42.89502344,SPRF-RJ,DEL02-RJ,UOP02-DEL02-RJ,2023,,23,,,,1.0
551631.0,2023-02-13,,17:00:00,RJ,101,328,NITEROI,OBSTRUÇÃO NA VIA,TOMBAMENTO,COM VÍTIMAS FATAIS,PLENO DIA,Decrescente,NUBLADO,DUPLA,Aclive,Não,3,1,0,0,2,0,0,3,-22.87028692,-43.16579699,SPRF-RJ,DEL02-RJ,UOP01-DEL02-RJ,2023,,17,,,,2.0
551672.0,2023-09-13,,21:50:00,RJ,493,5,ITABORAI,PEDESTRE ANDAVA NA PISTA,ATROPELAMENTO DE PEDESTRE,COM VÍTIMAS FERIDAS,PLENA NOITE,Crescente,CÉU CLARO,SIMPLES,Reta,Sim,2,0,1,0,1,0,1,2,-22.73998606,-42.95374823,SPRF-RJ,DEL02-RJ,UOP02-DEL02-RJ,2023,,21,,,,1.0
551714.0,2023-09-29,,15:10:00,RJ,101,318,SAO GONCALO,DEMAIS FALHAS MECÂNICAS OU ELÉTRICAS,QUEDA DE OCUPANTE DE VEÍCULO,COM VÍTIMAS FERIDAS,PLENO DIA,Crescente,CÉU CLARO,DUPLA,Reta,Sim,2,0,1,0,1,0,1,1,-22.84562994,-43.09841211,SPRF-RJ,DEL02-RJ,UOP02-DEL02-RJ,2023,,15,,,,1.0