id,data_inversa,dia_semana,horario,uf,br,km,municipio,causa_acidente,tipo_acidente,classificacao_acidente,fase_dia,sentido_via,condicao_metereologica,tipo_pista,tracado_via,uso_solo,pessoas,mortos,feridos_leves,feridos_graves,ilesos,ignorados,feridos,veiculos,latitude,longitude,regional,delegacia,uop,ano_arquivo,data,hora,ano,mes,dia_semana_nome,gravidade
551792.0,2023-09-29,,23:10:00,RJ,101,321,NITEROI,CONDUTOR DEIXOU DE MANTER DISTÂNCIA DO VEÍCULO DA FRENTE,COLISÃO TRASEIRA,COM VÍTIMAS FERIDAS,PLENA NOITE,Decrescente,CÉU CLARO,DUPLA,Reta,Sim,2,0,1,0,1,0,1,2,-22.86981096,-43.11046465,SPRF-RJ,DEL02-RJ,UOP01-DEL02-RJ,2023,,23,,,,1.0
551859.0,2023-09-30,,07:50:00,RJ,101,323,NITEROI,AUSÊNCIA DE REAÇÃO DO CONDUTOR,COLISÃO TRASEIRA,COM VÍTIMAS FERIDAS,PLENO DIA,Crescente,NUBLADO,DUPLA,Reta,Sim,2,0,1,0,1,0,1,2,-22.87684786,-43.11728689,SPRF-RJ,DEL02-RJ,UOP01-DEL02-RJ,2023,,7,,,,1.0
551959.0,2023-08-05,0.0,20:30:00,RJ,101,"317,7",SAO GONCALO,CONDUTOR DEIXOU DE MANTER DISTÂNCIA DO VEÍCULO DA FRENTE,COLISÃO LATERAL MESMO SENTIDO,COM VÍTIMAS FATAIS,PLENA NOITE,Crescente,CÉU CLARO,DUPLA,Reta,Sim,4,1,0,0,1,2,0,3,-22.83707798,-43.09492006,SPRF-RJ,DEL02-RJ,UOP02-DEL02-RJ,2023,2023-05-08,20,2023.0,5.0,Segunda,2.0
551975.0,2023-08-28,,02:49:00,RJ,101,311,SAO GONCALO,ANIMAIS NA PISTA,ATROPELAMENTO DE ANIMAL,COM VÍTIMAS FERIDAS,PLENA NOITE,Decrescente,GAROA/CHUVISCO,DUPLA,Reta,Não,5,0,1,0,4,0,1,4,-22.83707798,-43.09492006,SPRF-RJ,DEL02-RJ,UOP02-DEL02-RJ,2023,,2,,,,1.0
552110.0,2023-10-01,1.0,06:30:00,RJ,101,314,SAO GONCALO,DEMAIS FALHAS MECÂNICAS OU ELÉTRICAS,INCÊNDIO,SEM VÍTIMAS,PLENO DIA,Decrescente,GAROA/CHUVISCO,SIMPLES,Reta,Não,1,0,0,0,0,1,0,1,-22.81648739,-43.07728467,SPRF-RJ,DEL02-RJ,UOP02-DEL02-RJ,2023,2023-01-10,6,2023.0,1.0,Terça,0.0
552369.0,2023-10-02,4.0,08:45:00,RJ,101,269,RIO BONITO,MANOBRA DE MUDANÇA DE FAIXA,COLISÃO TRASEIRA,COM VÍTIMAS FERIDAS,PLENO DIA,Decrescente,NUBLADO,DUPLA,Reta,Não,3,0,1,0,2,0,1,2,-22.71495082,-42.67804708,SPRF-RJ,DEL02-RJ,UOP03-DEL02-RJ,2023,2023-02-10,8,2023.0,2.0,Sexta,1.0
552393.0,2023-10-02,4.0,07:30:00,RJ,101,296,ITABORAI,CONDUTOR DORMINDO,COLISÃO LATERAL MESMO SENTIDO,COM VÍTIMAS FERIDAS,PLENO DIA,Decrescente,NUBLADO,DUPLA,Reta,Sim,3,0,1,0,2,0,1,1,-22.7670498,-42.91019601,SPRF-RJ,DEL02-RJ,UOP02-DEL02-RJ,2023,2023-02-10,7,2023.0,2.0,Sexta,1.0
552712.0,2023-10-04,0.0,02:50:00,RJ,101,297,ITABORAI,PEDESTRE ANDAVA NA PISTA,ATROPELAMENTO DE PEDESTRE,COM VÍTIMAS FERIDAS,PLENA NOITE,Decrescente,CÉU CLARO,DUPLA,Reta,Sim,2,0,1,0,1,0,1,2,-22.76942037,-42.91873581,SPRF-RJ,DEL02-RJ,UOP02-DEL02-RJ,2023,2023-04-10,2,2023.0,4.0,Segunda,1.0
552881.0,2023-10-04,0.0,21:50:00,RJ,101,295,ITABORAI,ENTRADA INOPINADA DO PEDESTRE,QUEDA DE OCUPANTE DE VEÍCULO,COM VÍTIMAS FERIDAS,PLENA NOITE,Crescente,CÉU CLARO,DUPLA,Reta,Sim,2,0,1,0,1,0,1,2,-22.76365068,-42.90223623,SPRF-RJ,DEL02-RJ,UOP02-DEL02-RJ,2023,2023-04-10,21,2023.0,4.0,Segunda,1.0
552904.0,2023-10-05,2.0,01:40:00,RJ,101,311,SAO GONCALO,INGESTÃO DE SUBSTÂNCIAS PSICOATIVAS PELO CONDUTOR,CAPOTAMENTO,SEM VÍTIMAS,PLENA NOITE,Crescente,NUBLADO,DUPLA,Reta,Sim,1,0,0,0,1,0,0,1,-22.80062246,-43.05318779,SPRF-RJ,DEL02-RJ,UOP02-DEL02-RJ,2023,2023-05-10,1,2023.0,5.0,Quarta,0.0
553761.0,2023-10-08,3.0,19:30:00,RJ,101,272,RIO BONITO,AUSÊNCIA DE REAÇÃO DO CONDUTOR,COLISÃO LATERAL MESMO SENTIDO,COM VÍTIMAS FERIDAS,PLENA NOITE,Crescente,CÉU CLARO,DUPLA,Reta,Não,2,0,2,0,0,0,2,1,-22.72935968,-42.70112512,SPRF-RJ,DEL02-RJ,UOP03-DEL02-RJ,2023,2023-08-10,19,2023.0,8.0,Quinta,1.0
553782.0,2023-10-09,6.0,02:50:00,RJ,493,1,ITABORAI,CONVERSÃO PROIBIDA,COLISÃO FRONTAL,COM VÍTIMAS FATAIS,PLENA NOITE,Crescente,CÉU CLARO,SIMPLES,Reta,Sim,2,1,0,0,1,0,0,2,-22.76398788,-42.92731895,SPRF-RJ,DEL02-RJ,UOP02-DEL02-RJ,2023,2023-09-10,2,2023.0,9.0,Domingo,2.0
553983.0,2023-10-09,6.0,21:08:00,RJ,101,303,SAO GONCALO,MAL SÚBITO DO CONDUTOR,COLISÃO COM OBJETO,COM VÍTIMAS FERIDAS,PLENA NOITE,Decrescente,GAROA/CHUVISCO,DUPLA,Aclive;Reta,Sim,1,0,1,0,0,0,1,1,-22.7828205,-42.9766681,SPRF-RJ,DEL02-RJ,UOP02-DEL02-RJ,2023,2023-09-10,21,2023.0,9.0,Domingo,1.0
554030.0,2023-10-10,1.0,06:00:00,RJ,101,303,SAO GONCALO,AVARIAS E/OU DESGASTE EXCESSIVO NO PNEU,COLISÃO COM OBJETO,SEM VÍTIMAS,PLENO DIA,Decrescente,GAROA/CHUVISCO,SIMPLES,Retorno Regulamentado,Não,1,0,0,0,1,0,0,1,-22.7828205,-42.9766681,SPRF-RJ,DEL02-RJ,UOP02-DEL02-RJ,2023,2023-10-10,6,2023.0,10.0,Terça,0.0
554048.0,2023-10-10,1.0,07:00:00,RJ,101,292,ITABORAI,REAÇÃO TARDIA OU INEFICIENTE DO CONDUTOR,TOMBAMENTO,COM VÍTIMAS FERIDAS,PLENO DIA,Crescente,GAROA/CHUVISCO,MÚLTIPLA,Reta,Sim,1,0,1,0,0,0,1,1,-22.76038215,-42.87856408,SPRF-RJ,DEL02-RJ,UOP02-DEL02-RJ,2023,2023-10-10,7,2023.0,10.0,Terça,1.0
554140.0,2023-10-05,2.0,20:10:00,RJ,101,327,NITEROI,FAIXAS DE TRÂNSITO COM LARGURA INSUFICIENTE,QUEDA DE OCUPANTE DE VEÍCULO,COM VÍTIMAS FERIDAS,PLENA NOITE,Decrescente,CHUVA,MÚLTIPLA,Reta;Ponte,Não,1,0,1,0,0,0,1,1,-22.87117393,-43.15595099,SPRF-RJ,DEL02-RJ,UOP01-DEL02-RJ,2023,2023-05-10,20,2023.0,5.0,Quarta,1.0
554300.0,2023-09-28,,00:45:00,RJ,101,329,NITEROI,AUSÊNCIA DE REAÇÃO DO CONDUTOR,CAPOTAMENTO,COM VÍTIMAS FERIDAS,PLENA NOITE,Decrescente,CHUVA,MÚLTIPLA,Reta,Não,3,0,3,0,0,0,3,2,-22.86939305,-43.175642,SPRF-RJ,DEL02-RJ,UOP01-DEL02-RJ,2023,,0,,,,1.0
554530.0,2023-10-12,6.0,10:20:00,RJ,101,262,RIO BONITO,AUSÊNCIA DE REAÇÃO DO CONDUTOR,CAPOTAMENTO,COM VÍTIMAS FERIDAS,PLENO DIA,Decrescente,CÉU CLARO,DUPLA,Reta,Não,2,0,1,0,1,0,1,1,-22.71367506,-42.62052996,SPRF-RJ,DEL02-RJ,UOP03-DEL02-RJ,2023,2023-12-10,10,2023.0,12.0,Domingo,1.0
554609.0,2023-10-12,6.0,11:15:00,RJ,101,318,SAO GONCALO,AVARIAS E/OU DESGASTE EXCESSIVO NO PNEU,QUEDA DE OCUPANTE DE VEÍCULO,COM VÍTIMAS FERIDAS,PLENO DIA,Crescente,CÉU CLARO,DUPLA,Reta,Sim,1,0,1,0,0,0,1,1,-22.84562994,-43.09841211,SPRF-RJ,DEL02-RJ,UOP02-DEL02-RJ,2023,2023-12-10,11,2023.0,12.0,Domingo,1.0
554647.0,2023-10-12,6.0,21:50:00,RJ,101,317,NITEROI,CONDUTOR DORMINDO,COLISÃO COM OBJETO,COM VÍTIMAS FERIDAS,PLENO DIA,Crescente,CHUVA,DUPLA,Reta,Sim,1,0,0,1,0,0,1,1,-22.83707798,-43.09492006,SPRF-RJ,DEL02-RJ,UOP02-DEL02-RJ,2023,2023-12-10,21,2023.0,12.0,Domingo,1.0
554988.0,2023-10-14,,18:20:00,RJ,101,321,NITEROI,AUSÊNCIA DE REAÇÃO DO CONDUTOR,CAPOTAMENTO,COM VÍTIMAS FERIDAS,PLENA NOITE,Crescente,CHUVA,DUPLA,Reta,Não,1,0,1,0,0,0,1,1,-22.86981096,-43.11046465,SPRF-RJ,DEL02-RJ,UOP01-DEL02-RJ,2023,,18,,,,1.0
555132.0,2023-10-11,4.0,09:39:00,RJ,101,316,SAO GONCALO,DEMAIS FALHAS MECÂNICAS OU ELÉTRICAS,TOMBAMENTO,COM VÍTIMAS FERIDAS,PLENO DIA,Decrescente,CÉU CLARO,DUPLA,Reta,Não,1,0,1,0,0,0,1,1,-22.82835879,-43.09208739,SPRF-RJ,DEL02-RJ,UOP02-DEL02-RJ,2023,2023-11-10,9,2023.0,11.0,Sexta,1.0
555384.0,2023-09-18,,11:30:00,RJ,101,283,ITABORAI,MAL SÚBITO DO CONDUTOR,CAPOTAMENTO,COM VÍTIMAS FERIDAS,PLENO DIA,Crescente,CÉU CLARO,DUPLA,Reta,Não,2,0,1,0,1,0,1,1,-22.73591014,-42.80592689,SPRF-RJ,DEL02-RJ,UOP02-DEL02-RJ,2023,,11,,,,1.0
555512.0,2023-10-17,,10:15:00,RJ,101,321,NITEROI,TRAFEGAR COM MOTOCICLETA (OU SIMILAR) ENTRE AS FAIXAS,COLISÃO LATERAL MESMO SENTIDO,COM VÍTIMAS FERIDAS,PLENO DIA,Crescente,CÉU CLARO,MÚLTIPLA,Reta,Sim,2,0,1,0,1,0,1,2,-22.86981096,-43.11046465,SPRF-RJ,DEL02-RJ,UOP01-DEL02-RJ,2023,,10,,,,1.0
555729.0,2023-10-18,,13:40:00,RJ,101,325,NITEROI,AUSÊNCIA DE REAÇÃO DO CONDUTOR,ENGAVETAMENTO,COM VÍTIMAS FERIDAS,PLENO DIA,Decrescente,NUBLADO,DUPLA,Reta;Declive,Não,7,0,1,0,6,0,1,5,-22.87292569,-43.13625699,SPRF-RJ,DEL02-RJ,UOP01-DEL02-RJ,2023,,13,,,,1.0
556398.0,2023-10-21,,18:30:00,RJ,101,295,ITABORAI,AUSÊNCIA DE REAÇÃO DO CONDUTOR,COLISÃO TRASEIRA,COM VÍTIMAS FERIDAS,PLENO DIA,Crescente,CÉU CLARO,SIMPLES,Reta,Não,2,0,1,0,1,0,1,2,-22.76365068,-42.90223623,SPRF-RJ,DEL02-RJ,UOP02-DEL02-RJ,2023,,18,,,,1.0
556480.0,2023-10-22,,05:30:00,RJ,101,255,RIO BONITO,AUSÊNCIA DE REAÇÃO DO CONDUTOR,QUEDA DE OCUPANTE DE VEÍCULO,COM VÍTIMAS FATAIS,AMANHECER,Decrescente,CHUVA,DUPLA,Reta,Não,2,1,1,0,0,0,1,1,-22.69421578,-42.55904705,SPRF-RJ,DEL02-RJ,UOP03-DEL02-RJ,2023,,5,,,,2.0
556534.0,2023-10-22,,12:30:00,RJ,101,296,ITABORAI,REAÇÃO TARDIA OU INEFICIENTE DO CONDUTOR,COLISÃO COM OBJETO,COM VÍTIMAS FERIDAS,PLENO DIA,Decrescente,CÉU CLARO,MÚLTIPLA,Reta,Sim,1,0,1,0,0,0,1,1,-22.76643729,-42.90607452,SPRF-RJ,DEL02-RJ,UOP02-DEL02-RJ,2023,,12,,,,1.0
556736.0,2023-10-23,,12:00:00,RJ,101,323,NITEROI,REAÇÃO TARDIA OU INEFICIENTE DO CONDUTOR,COLISÃO TRASEIRA,COM VÍTIMAS FERIDAS,PLENO DIA,Decrescente,CÉU CLARO,DUPLA,Reta,Não,2,0,1,0,1,0,1,2,-22.87684786,-43.11728689,SPRF-RJ,DEL02-RJ,UOP01-DEL02-RJ,2023,,12,,,,1.0
556822.0,2023-10-23,,18:18:00,RJ,101,309,SAO GONCALO,AUSÊNCIA DE REAÇÃO DO CONDUTOR,COLISÃO LATERAL MESMO SENTIDO,COM VÍTIMAS FERIDAS,ANOITECER,Crescente,CÉU CLARO,DUPLA,Reta,Sim,4,0,1,0,3,0,1,3,-22.79309326,-43.02479595,SPRF-RJ,DEL02-RJ,UOP02-DEL02-RJ,2023,,18,,,,1.0
556868.0,2023-10-23,,19:30:00,RJ,101,306,SAO GONCALO,PEDESTRE ANDAVA NA PISTA,ATROPELAMENTO DE PEDESTRE,COM VÍTIMAS FATAIS,PLENA NOITE,Decrescente,CÉU CLARO,DUPLA,Reta;Ponte,Sim,2,1,0,0,1,0,0,2,-22.78913759,-43.00550909,SPRF-RJ,DEL02-RJ,UOP02-DEL02-RJ,2023,,19,,,,2.0
556961.0,2023-10-24,,16:00:00,RJ,101,310,SAO GONCALO,CONDUTOR DEIXOU DE MANTER DISTÂNCIA DO VEÍCULO DA FRENTE,ENGAVETAMENTO,SEM VÍTIMAS,PLENO DIA,Decrescente,CÉU CLARO,DUPLA,Reta,Sim,3,0,0,0,3,0,0,3,-22.79717023,-43.04404993,SPRF-RJ,DEL02-RJ,UOP02-DEL02-RJ,2023,,16,,,,0.0
557061.0,2023-10-25,,06:20:00,RJ,101,266,RIO BONITO,DEMAIS FALHAS MECÂNICAS OU ELÉTRICAS,COLISÃO COM OBJETO,COM VÍTIMAS FERIDAS,PLENO DIA,Decrescente,CÉU CLARO,DUPLA,Reta,Não,1,0,1,0,0,0,1,1,-22.70861445,-42.65178735,SPRF-RJ,DEL02-RJ,UOP03-DEL02-RJ,2023,,6,,,,1.0
557285.0,2023-10-26,,10:50:00,RJ,493,"1,2",ITABORAI,TRANSITAR NO ACOSTAMENTO,COLISÃO LATERAL MESMO SENTIDO,COM VÍTIMAS FERIDAS,PLENO DIA,Decrescente,CÉU CLARO,SIMPLES,Curva,Sim,2,0,1,0,1,0,1,2,-22.76700119,-42.92276859,SPRF-RJ,DEL02-RJ,UOP02-DEL02-RJ,2023,,10,,,,1.0
557340.0,2023-10-26,,16:20:00,RJ,101,320,NITEROI,AVARIAS E/OU DESGASTE EXCESSIVO NO PNEU,QUEDA DE OCUPANTE DE VEÍCULO,COM VÍTIMAS FERIDAS,PLENO DIA,Crescente,NUBLADO,MÚLTIPLA,Curva,Não,2,0,1,0,1,0,1,1,-22.86171098,-43.10714015,SPRF-RJ,DEL02-RJ,UOP01-DEL02-RJ,2023,,16,,,,1.0
557402.0,2023-10-26,,21:50:00,RJ,101,315,SAO GONCALO,REAÇÃO TARDIA OU INEFICIENTE DO CONDUTOR,SAÍDA DE LEITO CARROÇÁVEL,COM VÍTIMAS FERIDAS,PLENA NOITE,Decrescente,GAROA/CHUVISCO,MÚLTIPLA,Reta,Não,1,0,1,0,0,0,1,1,-22.82262092,-43.08460805,SPRF-RJ,DEL02-RJ,UOP02-DEL02-RJ,2023,,21,,,,1.0
557410.0,2023-10-26,,23:40:00,RJ,101,264,RIO BONITO,DEMAIS FALHAS MECÂNICAS OU ELÉTRICAS,INCÊNDIO,SEM VÍTIMAS,PLENO DIA,Crescente,IGNORADO,DUPLA,Reta,Sim,1,0,0,0,1,0,0,1,-22.71818337,-42.63600702,SPRF-RJ,DEL02-RJ,UOP03-DEL02-RJ,2023,,23,,,,0.0
557560.0,2023-10-27,,17:00:00,RJ,101,"295,4",ITABORAI,CONDUTOR DEIXOU DE MANTER DISTÂNCIA DO VEÍCULO DA FRENTE,ENGAVETAMENTO,COM VÍTIMAS FERIDAS,ANOITECER,Crescente,CÉU CLARO,DUPLA,Reta,Não,6,0,2,0,4,0,2,4,-22.76365068,-42.90223623,SPRF-RJ,DEL02-RJ,UOP02-DEL02-RJ,2023,,17,,,,1.0
557649.0,2023-10-28,,05:40:00,RJ,101,270,RIO BONITO,CONDUTOR DORMINDO,SAÍDA DE LEITO CARROÇÁVEL,COM VÍTIMAS FERIDAS,PLENO DIA,Decrescente,GAROA/CHUVISCO,DUPLA,Curva,Sim,3,0,2,0,1,0,2,1,-22.71852325,-42.68689289,SPRF-RJ,DEL02-RJ,UOP03-DEL02-RJ,2023,,5,,,,1.0
557781.0,2023-10-28,,19:55:00,RJ,101,310,SAO GONCALO,TRAFEGAR COM MOTOCICLETA (OU SIMILAR) ENTRE AS FAIXAS,QUEDA DE OCUPANTE DE VEÍCULO,COM VÍTIMAS FATAIS,PLENA NOITE,Decrescente,CÉU CLARO,DUPLA,Reta,Sim,1,1,0,0,0,0,0,1,-22.79717023,-43.04404993,SPRF-RJ,DEL02-RJ,UOP02-DEL02-RJ,2023,,19,,,,2.0
558187.0,2023-10-30,,19:30:00,RJ,101,"319,4",NITEROI,TRAFEGAR COM MOTOCICLETA (OU SIMILAR) ENTRE AS FAIXAS,COLISÃO TRASEIRA,COM VÍTIMAS FERIDAS,PLENA NOITE,Decrescente,CÉU CLARO,DUPLA,Reta,Não,4,0,2,0,2,0,2,2,-22.85411774,-43.1018014,SPRF-RJ,DEL02-RJ,UOP01-DEL02-RJ,2023,,19,,,,1.0
558207.0,2023-10-30,,21:30:00,RJ,101,262,RIO BONITO,ULTRAPASSAGEM INDEVIDA,COLISÃO LATERAL MESMO SENTIDO,COM VÍTIMAS FERIDAS,PLENA NOITE,Decrescente,CÉU CLARO,DUPLA,Reta,Não,2,0,1,0,1,0,1,2,-22.71367506,-42.62052996,SPRF-RJ,DEL02-RJ,UOP03-DEL02-RJ,2023,,21,,,,1.0
558209.0,2023-10-30,,19:30:00,RJ,101,319,SAO GONCALO,AUSÊNCIA DE REAÇÃO DO CONDUTOR,TOMBAMENTO,COM VÍTIMAS FERIDAS,PLENA NOITE,Crescente,NUBLADO,DUPLA,Reta,Sim,1,0,1,0,0,0,1,1,-22.85411774,-43.1018014,SPRF-RJ,DEL02-RJ,UOP02-DEL02-RJ,2023,,19,,,,1.0
558291.0,2023-10-31,,07:50:00,RJ,101,325,NITEROI,AUSÊNCIA DE REAÇÃO DO CONDUTOR,COLISÃO TRASEIRA,COM VÍTIMAS FERIDAS,PLENO DIA,Crescente,CÉU CLARO,DUPLA,Reta,Sim,5,0,3,0,2,0,3,2,-22.87292569,-43.13625699,SPRF-RJ,DEL02-RJ,UOP01-DEL02-RJ,2023,,7,,,,1.0
558313.0,2023-10-27,,13:15:00,RJ,101,"284,2",ITABORAI,AUSÊNCIA DE REAÇÃO DO CONDUTOR,CAPOTAMENTO,COM VÍTIMAS FERIDAS,PLENO DIA,Decrescente,CÉU CLARO,DUPLA,Reta,Não,2,0,1,1,0,0,2,1,-22.74431564,-42.80870139,SPRF-RJ,DEL02-RJ,UOP02-DEL02-RJ,2023,,13,,,,1.0
558359.0,2023-10-31,,17:10:00,RJ,101,323,NITEROI,MAL SÚBITO DO CONDUTOR,TOMBAMENTO,COM VÍTIMAS FERIDAS,ANOITECER,Crescente,CHUVA,SIMPLES,Reta;Ponte,Sim,1,0,1,0,0,0,1,1,-22.87684786,-43.11728689,SPRF-RJ,DEL02-RJ,UOP01-DEL02-RJ,2023,,17,,,,1.0
558537.0,2023-11-01,2.0,17:24:00,RJ,101,319,SAO GONCALO,TRAFEGAR COM MOTOCICLETA (OU SIMILAR) ENTRE AS FAIXAS,COLISÃO LATERAL MESMO SENTIDO,COM VÍTIMAS FERIDAS,ANOITECER,Decrescente,NUBLADO,DUPLA,Reta,Sim,2,0,1,0,1,0,1,2,-22.85411774,-43.1018014,SPRF-RJ,DEL02-RJ,UOP02-DEL02-RJ,2023,2023-01-11,17,2023.0,1.0,Quarta,1.0
558670.0,2023-10-29,,18:10:00,RJ,101,294,ITABORAI,REAÇÃO TARDIA OU INEFICIENTE DO CONDUTOR,ENGAVETAMENTO,SEM VÍTIMAS,PLENA NOITE,Crescente,CHUVA,SIMPLES,Reta,Sim,3,0,0,0,3,0,0,3,-22.7584434,-42.89502344,SPRF-RJ,DEL02-RJ,UOP02-DEL02-RJ,2023,,18,,,,0.0
559221.0,2023-10-16,,07:10:00,RJ,101,320,NITEROI,TRAFEGAR COM MOTOCICLETA (OU SIMILAR) ENTRE AS FAIXAS,COLISÃO TRASEIRA,COM VÍTIMAS FERIDAS,PLENO DIA,Crescente,CÉU CLARO,DUPLA,Curva,Sim,2,0,1,0,1,0,1,2,-22.86171098,-43.10714015,SPRF-RJ,DEL02-RJ,UOP01-DEL02-RJ,2023,,7,,,,1.0
559266.0,2023-11-05,3.0,13:00:00,RJ,101,297,ITABORAI,PEDESTRE ANDAVA NA PISTA,ATROPELAMENTO DE PEDESTRE,COM VÍTIMAS FERIDAS,PLENO DIA,Crescente,CÉU CLARO,DUPLA,Curva,Sim,2,0,1,0,1,0,1,2,-22.770672,-42.922564,SPRF-RJ,DEL02-RJ,UOP02-DEL02-RJ,2023,2023-05-11,13,2023.0,5.0,Quinta,1.0
559766.0,2023-11-07,1.0,07:30:00,RJ,101,317,SAO GONCALO,CONDUTOR DEIXOU DE MANTER DISTÂNCIA DO VEÍCULO DA FRENTE,COLISÃO TRASEIRA,COM VÍTIMAS FERIDAS,PLENO DIA,Crescente,CÉU CLARO,DUPLA,Reta,Sim,2,0,1,0,1,0,1,2,-22.83707798,-43.09492006,SPRF-RJ,DEL02-RJ,UOP02-DEL02-RJ,2023,2023-07-11,7,2023.0,7.0,Terça,1.0
559828.0,2023-11-07,1.0,22:40:00,RJ,101,326,NITEROI,REAÇÃO TARDIA OU INEFICIENTE DO CONDUTOR,TOMBAMENTO,COM VÍTIMAS FERIDAS,PLENA NOITE,Decrescente,CÉU CLARO,DUPLA,Declive,Não,1,0,1,0,0,0,1,1,-22.87206203,-43.146105,SPRF-RJ,DEL02-RJ,UOP01-DEL02-RJ,2023,2023-07-11,22,2023.0,7.0,Terça,1.0
559915.0,2023-11-04,1.0,15:00:00,RJ,101,299,ITABORAI,AUSÊNCIA DE REAÇÃO DO CONDUTOR,COLISÃO LATERAL MESMO SENTIDO,COM VÍTIMAS FERIDAS,PLENO DIA,Crescente,CÉU CLARO,DUPLA,Reta,Não,2,0,1,0,1,0,1,2,-22.77432673,-42.93823207,SPRF-RJ,DEL02-RJ,UOP02-DEL02-RJ,2023,2023-04-11,15,2023.0,4.0,Terça,1.0
559924.0,2023-11-08,4.0,13:50:00,RJ,101,325,NITEROI,CONDUTOR DEIXOU DE MANTER DISTÂNCIA DO VEÍCULO DA FRENTE,COLISÃO TRASEIRA,COM VÍTIMAS FERIDAS,PLENO DIA,Decrescente,CÉU CLARO,SIMPLES,Reta;Ponte,Sim,2,0,1,0,1,0,1,2,-22.87292569,-43.13625699,SPRF-RJ,DEL02-RJ,UOP01-DEL02-RJ,2023,2023-08-11,13,2023.0,8.0,Sexta,1.0
560059.0,2023-03-02,4.0,10:27:00,RJ,101,297,ITABORAI,AUSÊNCIA DE REAÇÃO DO CONDUTOR,TOMBAMENTO,COM VÍTIMAS FERIDAS,PLENO DIA,Crescente,CÉU CLARO,DUPLA,Reta,Sim,2,0,0,1,1,0,1,1,-22.76942037,-42.91873581,SPRF-RJ,DEL02-RJ,UOP02-DEL02-RJ,2023,2023-02-03,10,2023.0,2.0,Sexta,1.0
560091.0,2023-11-09,0.0,11:45:00,RJ,101,318,SAO GONCALO,REAÇÃO TARDIA OU INEFICIENTE DO CONDUTOR,COLISÃO TRASEIRA,SEM VÍTIMAS,PLENO DIA,Crescente,CÉU CLARO,DUPLA,Reta,Não,2,0,0,0,2,0,0,2,-22.84562994,-43.09841211,SPRF-RJ,DEL02-RJ,UOP02-DEL02-RJ,2023,2023-09-11,11,2023.0,9.0,Segunda,0.0
560149.0,2023-11-09,0.0,18:20:00,RJ,101,319,NITEROI,TRAFEGAR COM MOTOCICLETA (OU SIMILAR) ENTRE AS FAIXAS,QUEDA DE OCUPANTE DE VEÍCULO,COM VÍTIMAS FERIDAS,ANOITECER,Decrescente,CÉU CLARO,DUPLA,Reta,Sim,2,0,2,0,0,0,2,1,-22.85411774,-43.1018014,SPRF-RJ,DEL02-RJ,UOP02-DEL02-RJ,2023,2023-09-11,18,2023.0,9.0,Segunda,1.0
560246.0,2023-10-13,,18:40:00,RJ,101,328,NITEROI,MANOBRA DE MUDANÇA DE FAIXA,QUEDA DE OCUPANTE DE VEÍCULO,COM VÍTIMAS FERIDAS,ANOITECER,Decrescente,IGNORADO,MÚLTIPLA,Reta,Não,3,0,1,0,1,1,1,3,-22.87028692,-43.16579699,SPRF-RJ,DEL02-RJ,UOP01-DEL02-RJ,2023,,18,,,,1.0
560270.0,2023-10-21,,07:45:00,RJ,101,255,RIO BONITO,ANIMAIS NA PISTA,SAÍDA DE LEITO CARROÇÁVEL,COM VÍTIMAS FERIDAS,PLENO DIA,Crescente,CÉU CLARO,DUPLA,Reta,Sim,5,0,5,0,0,0,5,1,-22.69421578,-42.55904705,SPRF-RJ,DEL02-RJ,UOP03-DEL02-RJ,2023,,7,,,,1.0
560355.0,2023-11-10,2.0,16:25:00,RJ,101,311,SAO GONCALO,MANOBRA DE MUDANÇA DE FAIXA,COLISÃO LATERAL MESMO SENTIDO,COM VÍTIMAS FERIDAS,PLENO DIA,Decrescente,CÉU CLARO,DUPLA,Reta,Não,2,0,1,0,1,0,1,2,-22.80062246,-43.05318779,SPRF-RJ,DEL02-RJ,UOP02-DEL02-RJ,2023,2023-10-11,16,2023.0,10.0,Quarta,1.0
560371.0,2023-11-10,2.0,17:30:00,RJ,493,"0,1",ITABORAI,ACESSO IRREGULAR,COLISÃO TRANSVERSAL,COM VÍTIMAS FERIDAS,PLENO DIA,Crescente,SOL,DUPLA,Reta,Sim,2,0,1,0,1,0,1,2,-22.77062,-42.92223,SPRF-RJ,DEL02-RJ,UOP02-DEL02-RJ,2023,2023-10-11,17,2023.0,10.0,Quarta,1.0
560562.0,2023-11-11,5.0,11:00:00,RJ,101,296,ITABORAI,AUSÊNCIA DE REAÇÃO DO CONDUTOR,ENGAVETAMENTO,COM VÍTIMAS FERIDAS,PLENO DIA,Decrescente,CÉU CLARO,DUPLA,Reta,Sim,6,0,1,0,5,0,1,3,-22.7670498,-42.91019601,SPRF-RJ,DEL02-RJ,UOP02-DEL02-RJ,2023,2023-11-11,11,2023.0,11.0,Sábado,1.0
560622.0,2023-11-11,5.0,16:05:00,RJ,101,327,NITEROI,REAÇÃO TARDIA OU INEFICIENTE DO CONDUTOR,COLISÃO TRASEIRA,COM VÍTIMAS FERIDAS,PLENO DIA,Decrescente,CÉU CLARO,MÚLTIPLA,Ponte,Não,2,0,1,0,1,0,1,2,-22.87117393,-43.15595099,SPRF-RJ,DEL02-RJ,UOP01-DEL02-RJ,2023,2023-11-11,16,2023.0,11.0,Sábado,1.0