id,data_inversa,dia_semana,horario,uf,br,km,municipio,causa_acidente,tipo_acidente,classificacao_acidente,fase_dia,sentido_via,condicao_metereologica,tipo_pista,tracado_via,uso_solo,pessoas,mortos,feridos_leves,feridos_graves,ilesos,ignorados,feridos,veiculos,latitude,longitude,regional,delegacia,uop,ano_arquivo,data,hora,ano,mes,dia_semana_nome,gravidade
568296.0,2023-11-28,,06:35:00,RJ,101,298,ITABORAI,ACESSO IRREGULAR,ATROPELAMENTO DE PEDESTRE,COM VÍTIMAS FERIDAS,PLENO DIA,Decrescente,CÉU CLARO,DUPLA,Reta,Sim,2,0,0,1,1,0,1,2,-22.7714,-42.92896,SPRF-RJ,DEL02-RJ,UOP02-DEL02-RJ,2023,,6,,,,1.0
568339.0,2023-12-16,,16:50:00,RJ,101,319,NITEROI,AVARIAS E/OU DESGASTE EXCESSIVO NO PNEU,QUEDA DE OCUPANTE DE VEÍCULO,COM VÍTIMAS FERIDAS,PLENO DIA,Crescente,CÉU CLARO,DUPLA,Reta,Não,2,0,2,0,0,0,2,1,-22.85411774,-43.1018014,SPRF-RJ,DEL02-RJ,UOP02-DEL02-RJ,2023,,16,,,,1.0
568355.0,2023-12-16,,21:20:00,RJ,493,6,ITABORAI,AUSÊNCIA DE SINALIZAÇÃO,QUEDA DE OCUPANTE DE VEÍCULO,COM VÍTIMAS FERIDAS,PLENA NOITE,Decrescente,CÉU CLARO,DUPLA,Reta,Sim,2,0,0,1,1,0,1,1,-22.73124198,-42.95145305,SPRF-RJ,DEL02-RJ,UOP02-DEL02-RJ,2023,,21,,,,1.0
568414.0,2023-12-16,,17:10:00,RJ,101,"328,9",NITEROI,MANOBRA DE MUDANÇA DE FAIXA,COLISÃO LATERAL MESMO SENTIDO,COM VÍTIMAS FERIDAS,PLENO DIA,Decrescente,CÉU CLARO,MÚLTIPLA,Reta,Sim,3,0,2,0,1,0,2,2,-22.87028692,-43.16579699,SPRF-RJ,DEL02-RJ,UOP01-DEL02-RJ,2023,,17,,,,1.0
568589.0,2023-12-17,,15:56:00,RJ,101,322,NITEROI,AUSÊNCIA DE REAÇÃO DO CONDUTOR,ENGAVETAMENTO,COM VÍTIMAS FERIDAS,PLENO DIA,Decrescente,CÉU CLARO,DUPLA,Reta,Não,3,0,1,0,2,0,1,3,-22.878923,-43.110676,SPRF-RJ,DEL02-RJ,UOP01-DEL02-RJ,2023,,15,,,,1.0
568662.0,2023-12-17,,04:22:00,RJ,101,313,SAO GONCALO,AUSÊNCIA DE REAÇÃO DO CONDUTOR,COLISÃO COM OBJETO,SEM VÍTIMAS,AMANHECER,Crescente,CÉU CLARO,DUPLA,Reta,Não,2,0,0,0,2,0,0,1,-22.81049093,-43.06983304,SPRF-RJ,DEL02-RJ,UOP02-DEL02-RJ,2023,,4,,,,0.0
568703.0,2023-12-18,,07:00:00,RJ,101,316,SAO GONCALO,AUSÊNCIA DE REAÇÃO DO CONDUTOR,COLISÃO TRASEIRA,COM VÍTIMAS FERIDAS,PLENO DIA,Crescente,CÉU CLARO,DUPLA,Reta,Sim,2,0,1,0,1,0,1,2,-22.82835879,-43.09208739,SPRF-RJ,DEL02-RJ,UOP02-DEL02-RJ,2023,,7,,,,1.0
568869.0,2023-12-18,,21:00:00,RJ,493,1,ITABORAI,CONVERSÃO PROIBIDA,COLISÃO FRONTAL,COM VÍTIMAS FERIDAS,PLENA NOITE,Crescente,CÉU CLARO,DUPLA,Reta,Sim,2,0,1,0,1,0,1,2,-22.76398788,-42.92731895,SPRF-RJ,DEL02-RJ,UOP02-DEL02-RJ,2023,,21,,,,1.0
568886.0,2023-12-19,,06:55:00,RJ,101,319,NITEROI,TRAFEGAR COM MOTOCICLETA (OU SIMILAR) ENTRE AS FAIXAS,COLISÃO LATERAL MESMO SENTIDO,COM VÍTIMAS FERIDAS,PLENO DIA,Crescente,CÉU CLARO,DUPLA,Reta,Sim,3,0,2,0,1,0,2,2,-22.85411774,-43.1018014,SPRF-RJ,DEL02-RJ,UOP02-DEL02-RJ,2023,,6,,,,1.0
568931.0,2023-12-16,,20:00:00,RJ,493,6,ITABORAI,ILUMINAÇÃO DEFICIENTE,QUEDA DE OCUPANTE DE VEÍCULO,COM VÍTIMAS FERIDAS,PLENA NOITE,Decrescente,CÉU CLARO,MÚLTIPLA,Reta,Não,1,0,1,0,0,0,1,1,-22.73124198,-42.95145305,SPRF-RJ,DEL02-RJ,UOP02-DEL02-RJ,2023,,20,,,,1.0
569049.0,2023-12-11,6.0,08:48:00,RJ,101,323,NITEROI,DEMAIS FALHAS MECÂNICAS OU ELÉTRICAS,COLISÃO TRASEIRA,SEM VÍTIMAS,PLENO DIA,Decrescente,CÉU CLARO,DUPLA,Reta,Não,2,0,0,0,2,0,0,2,-22.87684786,-43.11728689,SPRF-RJ,DEL02-RJ,UOP01-DEL02-RJ,2023,2023-11-12,8,2023.0,11.0,Domingo,0.0
569361.0,2023-12-21,,06:04:00,RJ,101,327,NITEROI,AUSÊNCIA DE REAÇÃO DO CONDUTOR,TOMBAMENTO,COM VÍTIMAS FERIDAS,PLENO DIA,Decrescente,CÉU CLARO,DUPLA,Reta,Não,1,0,1,0,0,0,1,1,-22.87117393,-43.15595099,SPRF-RJ,DEL02-RJ,UOP01-DEL02-RJ,2023,,6,,,,1.0
569410.0,2023-12-21,,10:20:00,RJ,493,0,ITABORAI,REAÇÃO TARDIA OU INEFICIENTE DO CONDUTOR,COLISÃO TRANSVERSAL,COM VÍTIMAS FERIDAS,PLENO DIA,Decrescente,CÉU CLARO,SIMPLES,Reta,Sim,3,0,2,0,1,0,2,2,-22.77062,-42.92223,SPRF-RJ,DEL02-RJ,UOP02-DEL02-RJ,2023,,10,,,,1.0
569559.0,2023-12-21,,20:30:00,RJ,101,315,SAO GONCALO,DEMAIS FALHAS MECÂNICAS OU ELÉTRICAS,TOMBAMENTO,COM VÍTIMAS FERIDAS,PLENA NOITE,Decrescente,CÉU CLARO,DUPLA,Reta,Sim,1,0,1,0,0,0,1,1,-22.82262092,-43.08460805,SPRF-RJ,DEL02-RJ,UOP02-DEL02-RJ,2023,,20,,,,1.0
569612.0,2023-12-22,,05:50:00,RJ,101,253,RIO BONITO,CONDUTOR DORMINDO,COLISÃO COM OBJETO,SEM VÍTIMAS,PLENO DIA,Decrescente,CÉU CLARO,DUPLA,Reta,Não,4,0,0,0,4,0,0,1,-22.68791645,-42.54123963,SPRF-RJ,DEL02-RJ,UOP03-DEL02-RJ,2023,,5,,,,0.0
570301.0,2023-12-24,,10:50:00,RJ,101,"317,8",SAO GONCALO,AUSÊNCIA DE REAÇÃO DO CONDUTOR,COLISÃO LATERAL SENTIDO OPOSTO,COM VÍTIMAS FERIDAS,PLENO DIA,Crescente,CÉU CLARO,SIMPLES,Retorno Regulamentado,Sim,2,0,1,0,1,0,1,2,-22.83707798,-43.09492006,SPRF-RJ,DEL02-RJ,UOP02-DEL02-RJ,2023,,10,,,,1.0
570305.0,2023-12-20,,01:55:00,RJ,493,6,ITABORAI,ANIMAIS NA PISTA,QUEDA DE OCUPANTE DE VEÍCULO,COM VÍTIMAS FERIDAS,PLENA NOITE,Crescente,CÉU CLARO,DUPLA,Reta,Não,2,0,2,0,0,0,2,1,-22.73124198,-42.95145305,SPRF-RJ,DEL02-RJ,UOP02-DEL02-RJ,2023,,1,,,,1.0
570495.0,2023-12-25,,12:30:00,RJ,101,297,ITABORAI,AUSÊNCIA DE REAÇÃO DO CONDUTOR,COLISÃO LATERAL MESMO SENTIDO,COM VÍTIMAS FERIDAS,PLENO DIA,Decrescente,CÉU CLARO,DUPLA,Reta;Interseção de Vias,Sim,2,0,0,1,1,0,1,2,-22.76942037,-42.91873581,SPRF-RJ,DEL02-RJ,UOP02-DEL02-RJ,2023,,12,,,,1.0
570502.0,2023-12-21,,20:00:00,RJ,101,282,ITABORAI,REAÇÃO TARDIA OU INEFICIENTE DO CONDUTOR,COLISÃO LATERAL MESMO SENTIDO,COM VÍTIMAS FERIDAS,PLENA NOITE,Crescente,CÉU CLARO,DUPLA,Curva,Não,2,0,1,0,1,0,1,2,-22.7371391,-42.79664601,SPRF-RJ,DEL02-RJ,UOP02-DEL02-RJ,2023,,20,,,,1.0
570668.0,2023-12-22,,16:00:00,RJ,101,316,SAO GONCALO,ULTRAPASSAGEM INDEVIDA,QUEDA DE OCUPANTE DE VEÍCULO,COM VÍTIMAS FERIDAS,PLENO DIA,Crescente,CÉU CLARO,DUPLA,Reta,Sim,2,0,1,0,1,0,1,2,-22.82835879,-43.09208739,SPRF-RJ,DEL02-RJ,UOP02-DEL02-RJ,2023,,16,,,,1.0
570678.0,2023-12-26,,11:00:00,RJ,101,262,RIO BONITO,DEMAIS FALHAS MECÂNICAS OU ELÉTRICAS,INCÊNDIO,SEM VÍTIMAS,PLENO DIA,Decrescente,NUBLADO,DUPLA,Curva,Não,2,0,0,0,2,0,0,1,-22.71367506,-42.62052996,SPRF-RJ,DEL02-RJ,UOP03-DEL02-RJ,2023,,11,,,,0.0
570732.0,2023-12-26,,14:00:00,RJ,101,282,ITABORAI,AUSÊNCIA DE REAÇÃO DO CONDUTOR,COLISÃO COM OBJETO,SEM VÍTIMAS,PLENO DIA,Decrescente,CÉU CLARO,DUPLA,Reta,Sim,1,0,0,0,1,0,0,1,-22.7371391,-42.79664601,SPRF-RJ,DEL02-RJ,UOP02-DEL02-RJ,2023,,14,,,,0.0
570733.0,2023-12-26,,15:00:00,RJ,101,313,SAO GONCALO,CONDUTOR DEIXOU DE MANTER DISTÂNCIA DO VEÍCULO DA FRENTE,COLISÃO LATERAL MESMO SENTIDO,COM VÍTIMAS FERIDAS,PLENO DIA,Decrescente,CÉU CLARO,DUPLA,Reta,Não,2,0,1,0,1,0,1,2,-22.81049093,-43.06983304,SPRF-RJ,DEL02-RJ,UOP02-DEL02-RJ,2023,,15,,,,1.0
570772.0,2023-12-26,,17:50:00,RJ,101,261,RIO BONITO,REAÇÃO TARDIA OU INEFICIENTE DO CONDUTOR,COLISÃO LATERAL MESMO SENTIDO,COM VÍTIMAS FERIDAS,ANOITECER,Decrescente,CÉU CLARO,DUPLA,Curva,Não,4,0,1,0,3,0,1,2,-22.71139378,-42.61157199,SPRF-RJ,DEL02-RJ,UOP03-DEL02-RJ,2023,,17,,,,1.0
570912.0,2023-12-27,,14:36:00,RJ,101,310,SAO GONCALO,AUSÊNCIA DE REAÇÃO DO CONDUTOR,COLISÃO TRASEIRA,COM VÍTIMAS FERIDAS,PLENO DIA,Decrescente,NUBLADO,MÚLTIPLA,Aclive;Reta,Sim,2,0,1,0,1,0,1,2,-22.79717023,-43.04404993,SPRF-RJ,DEL02-RJ,UOP02-DEL02-RJ,2023,,14,,,,1.0
571007.0,2023-12-27,,21:40:00,RJ,493,3,ITABORAI,ÁREA URBANA SEM A PRESENÇA DE LOCAL APROPRIADO PARA A TRAVESSIA DE PEDESTRES,ATROPELAMENTO DE PEDESTRE,COM VÍTIMAS FERIDAS,PLENA NOITE,Crescente,CÉU CLARO,DUPLA,Reta,Não,2,0,1,0,1,0,1,2,-22.7525329,-42.94160092,SPRF-RJ,DEL02-RJ,UOP02-DEL02-RJ,2023,,21,,,,1.0
571035.0,2023-12-28,,07:30:00,RJ,493,6,ITABORAI,AUSÊNCIA DE REAÇÃO DO CONDUTOR,TOMBAMENTO,COM VÍTIMAS FERIDAS,PLENO DIA,Decrescente,CÉU CLARO,SIMPLES,Reta;Interseção de Vias,Sim,3,0,0,1,2,0,1,1,-22.72635927,-42.9511412,SPRF-RJ,DEL02-RJ,UOP02-DEL02-RJ,2023,,7,,,,1.0
571290.0,2023-12-23,,11:20:00,RJ,101,299,ITABORAI,FREAR BRUSCAMENTE,COLISÃO TRASEIRA,SEM VÍTIMAS,PLENO DIA,Decrescente,CÉU CLARO,DUPLA,Declive,Sim,3,0,0,0,3,0,0,2,-22.77432673,-42.93823207,SPRF-RJ,DEL02-RJ,UOP02-DEL02-RJ,2023,,11,,,,0.0
571500.0,2023-12-30,,10:50:00,RJ,101,264,RIO BONITO,TRAFEGAR COM MOTOCICLETA (OU SIMILAR) ENTRE AS FAIXAS,TOMBAMENTO,COM VÍTIMAS FERIDAS,PLENO DIA,Decrescente,NUBLADO,DUPLA,Reta,Não,1,0,1,0,0,0,1,1,-22.71818337,-42.63600702,SPRF-RJ,DEL02-RJ,UOP03-DEL02-RJ,2023,,10,,,,1.0
571528.0,2023-12-22,,19:30:00,RJ,101,294,ITABORAI,ACESSO IRREGULAR,COLISÃO TRASEIRA,COM VÍTIMAS FERIDAS,PLENA NOITE,Crescente,CÉU CLARO,SIMPLES,Reta,Sim,3,0,2,0,1,0,2,2,-22.7584434,-42.89502344,SPRF-RJ,DEL02-RJ,UOP02-DEL02-RJ,2023,,19,,,,1.0
571576.0,2023-12-30,,19:33:00,RJ,101,293,ITABORAI,DEMAIS FALHAS MECÂNICAS OU ELÉTRICAS,INCÊNDIO,SEM VÍTIMAS,PLENA NOITE,Crescente,GAROA/CHUVISCO,DUPLA,Reta,Sim,1,0,0,0,1,0,0,1,-22.756203,-42.88724,SPRF-RJ,DEL02-RJ,UOP02-DEL02-RJ,2023,,19,,,,0.0
571586.0,2023-12-30,,07:15:00,RJ,101,296,ITABORAI,AUSÊNCIA DE REAÇÃO DO CONDUTOR,COLISÃO TRASEIRA,SEM VÍTIMAS,PLENO DIA,Decrescente,CÉU CLARO,DUPLA,Reta,Sim,2,0,0,0,2,0,0,2,-22.7670498,-42.91019601,SPRF-RJ,DEL02-RJ,UOP02-DEL02-RJ,2023,,7,,,,0.0
572312.0,2023-12-30,,14:00:00,RJ,101,315,SAO GONCALO,MANOBRA DE MUDANÇA DE FAIXA,QUEDA DE OCUPANTE DE VEÍCULO,COM VÍTIMAS FATAIS,PLENO DIA,Crescente,NUBLADO,DUPLA,Curva,Sim,2,1,0,0,1,0,0,1,-22.82262092,-43.08460805,SPRF-RJ,DEL02-RJ,UOP02-DEL02-RJ,2023,,14,,,,2.0
573491.0,2023-11-10,2.0,16:30:00,RJ,101,297,ITABORAI,AUSÊNCIA DE REAÇÃO DO CONDUTOR,ENGAVETAMENTO,COM VÍTIMAS FERIDAS,PLENO DIA,Crescente,CÉU CLARO,DUPLA,Reta,Não,5,0,1,0,4,0,1,4,-22.76942037,-42.91873581,SPRF-RJ,DEL02-RJ,UOP02-DEL02-RJ,2023,2023-10-11,16,2023.0,10.0,Quarta,1.0
577738.0,2023-03-15,,17:35:00,RJ,101,326,NITEROI,REAÇÃO TARDIA OU INEFICIENTE DO CONDUTOR,TOMBAMENTO,COM VÍTIMAS FERIDAS,ANOITECER,Crescente,NUBLADO,MÚLTIPLA,Reta;Ponte;Aclive,Sim,3,0,0,2,1,0,2,2,-22.87190481,-43.14614296,SPRF-RJ,DEL02-RJ,UOP01-DEL02-RJ,2023,,17,,,,1.0
577894.0,2023-12-20,,08:45:00,RJ,101,327,NITEROI,CONDUTOR USANDO CELULAR,COLISÃO TRASEIRA,COM VÍTIMAS FERIDAS,PLENO DIA,Decrescente,CÉU CLARO,MÚLTIPLA,Reta,Sim,4,0,0,1,3,0,1,2,-22.87117393,-43.15595099,SPRF-RJ,DEL02-RJ,UOP01-DEL02-RJ,2023,,8,,,,1.0
578076.0,2023-11-04,1.0,08:00:00,RJ,101,324,NITEROI,REAÇÃO TARDIA OU INEFICIENTE DO CONDUTOR,COLISÃO TRASEIRA,COM VÍTIMAS FERIDAS,PLENO DIA,Decrescente,CÉU CLARO,DUPLA,Reta,Não,3,0,0,1,2,0,1,2,-22.87381074,-43.12640997,SPRF-RJ,DEL02-RJ,UOP01-DEL02-RJ,2023,2023-04-11,8,2023.0,4.0,Terça,1.0
578166.0,2023-12-10,3.0,04:00:00,RJ,101,"253,8",RIO BONITO,INGESTÃO DE ÁLCOOL PELO CONDUTOR,COLISÃO FRONTAL,COM VÍTIMAS FATAIS,PLENA NOITE,Crescente,CÉU CLARO,DUPLA,Reta,Não,3,1,0,0,1,1,0,3,-22.68791645,-42.54123963,SPRF-RJ,DEL02-RJ,UOP03-DEL02-RJ,2023,2023-10-12,4,2023.0,10.0,Quinta,2.0
578434.0,2023-12-16,,16:40:00,RJ,101,306,SAO GONCALO,TRAFEGAR COM MOTOCICLETA (OU SIMILAR) ENTRE AS FAIXAS,COLISÃO LATERAL MESMO SENTIDO,COM VÍTIMAS FERIDAS,PLENO DIA,Decrescente,CÉU CLARO,DUPLA,Reta,Não,3,0,2,0,1,0,2,3,-22.78913759,-43.00550909,SPRF-RJ,DEL02-RJ,UOP02-DEL02-RJ,2023,,16,,,,1.0
582334.0,2023-11-25,,06:10:00,RJ,101,300,SAO GONCALO,TRANSITAR NO ACOSTAMENTO,ATROPELAMENTO DE PEDESTRE,COM VÍTIMAS FATAIS,AMANHECER,Decrescente,NUBLADO,DUPLA,Reta,Não,5,1,2,2,0,0,4,2,-22.77645713,-42.94783697,SPRF-RJ,DEL02-RJ,UOP02-DEL02-RJ,2023,,6,,,,2.0
585097.0,2023-11-22,,15:00:00,RJ,101,290,ITABORAI,REAÇÃO TARDIA OU INEFICIENTE DO CONDUTOR,ATROPELAMENTO DE ANIMAL,COM VÍTIMAS FERIDAS,PLENO DIA,Crescente,SOL,DUPLA,Reta,Sim,3,0,0,2,1,0,2,2,-22.76708384,-42.86081305,SPRF-RJ,DEL02-RJ,UOP02-DEL02-RJ,2023,,15,,,,1.0
585614.0,2023-12-12,1.0,19:00:00,RJ,101,323,NITEROI,CONDUTOR DEIXOU DE MANTER DISTÂNCIA DO VEÍCULO DA FRENTE,COLISÃO TRASEIRA,COM VÍTIMAS FERIDAS,PLENA NOITE,Decrescente,CÉU CLARO,DUPLA,Reta,Sim,2,0,1,0,1,0,1,2,-22.87684786,-43.11728689,SPRF-RJ,DEL02-RJ,UOP01-DEL02-RJ,2023,2023-12-12,19,2023.0,12.0,Terça,1.0
591099.0,2023-11-10,2.0,02:20:00,RJ,101,289,ITABORAI,DEMAIS FALHAS MECÂNICAS OU ELÉTRICAS,INCÊNDIO,SEM VÍTIMAS,PLENA NOITE,Decrescente,CÉU CLARO,DUPLA,Reta,Não,1,0,0,0,0,1,0,1,-22.76376316,-42.85172094,SPRF-RJ,DEL02-RJ,UOP02-DEL02-RJ,2023,2023-10-11,2,2023.0,10.0,Quarta,0.0
594201.0,2023-07-12,3.0,15:00:00,RJ,101,306,SAO GONCALO,REAÇÃO TARDIA OU INEFICIENTE DO CONDUTOR,COLISÃO TRASEIRA,COM VÍTIMAS FERIDAS,PLENO DIA,Decrescente,SOL,DUPLA,Reta,Sim,3,0,1,0,2,0,1,2,-22.78913759,-43.00550909,SPRF-RJ,DEL02-RJ,UOP02-DEL02-RJ,2023,2023-12-07,15,2023.0,12.0,Quinta,1.0
602606.0,2023-12-21,,04:45:00,RJ,101,324,NITEROI,CONDUTOR DORMINDO,COLISÃO TRASEIRA,COM VÍTIMAS FERIDAS,PLENA NOITE,Decrescente,CÉU CLARO,MÚLTIPLA,Reta,Não,2,0,2,0,0,0,2,2,-22.87381074,-43.12640997,SPRF-RJ,DEL02-RJ,UOP01-DEL02-RJ,2023,,4,,,,1.0
572797.0,2024-01-05,2.0,16:40:00,RJ,101,267,RIO BONITO,DEMAIS FALHAS MECÂNICAS OU ELÉTRICAS,COLISÃO COM OBJETO,SEM VÍTIMAS,PLENO DIA,Decrescente,CÉU CLARO,DUPLA,Reta,Sim,2,0,0,0,2,0,0,2,-22.70728329,-42.66059086,SPRF-RJ,DEL02-RJ,UOP03-DEL02-RJ,2024,2024-05-01,16,2024.0,5.0,Quarta,0.0
573762.0,2024-01-10,1.0,11:57:00,RJ,101,323,NITEROI,REAÇÃO TARDIA OU INEFICIENTE DO CONDUTOR,COLISÃO TRASEIRA,COM VÍTIMAS FERIDAS,PLENO DIA,Decrescente,CÉU CLARO,MÚLTIPLA,Reta,Não,3,0,1,0,1,1,1,3,-22.87684786,-43.11728689,SPRF-RJ,DEL02-RJ,UOP01-DEL02-RJ,2024,2024-10-01,11,2024.0,10.0,Terça,1.0
575427.0,2024-01-18,,07:20:00,RJ,101,308,SAO GONCALO,CONDUTOR DEIXOU DE MANTER DISTÂNCIA DO VEÍCULO DA FRENTE,COLISÃO TRASEIRA,SEM VÍTIMAS,PLENO DIA,Crescente,CÉU CLARO,DUPLA,Reta,Não,8,0,0,0,8,0,0,4,-22.79309326,-43.02479595,SPRF-RJ,DEL02-RJ,UOP02-DEL02-RJ,2024,,7,,,,0.0
575543.0,2024-01-18,,17:55:00,RJ,101,259,RIO BONITO,TRANSITAR NO ACOSTAMENTO,ATROPELAMENTO DE PEDESTRE,COM VÍTIMAS FERIDAS,PLENO DIA,Crescente,CÉU CLARO,DUPLA,Reta,Não,2,0,0,1,1,0,1,2,-22.70382012,-42.59637797,SPRF-RJ,DEL02-RJ,UOP03-DEL02-RJ,2024,,17,,,,1.0
576233.0,2024-01-21,,14:00:00,RJ,101,326,NITEROI,AUSÊNCIA DE REAÇÃO DO CONDUTOR,COLISÃO TRASEIRA,COM VÍTIMAS FERIDAS,PLENO DIA,Crescente,NUBLADO,MÚLTIPLA,Ponte;Reta,Não,2,0,0,1,1,0,1,2,-22.87206203,-43.146105,SPRF-RJ,DEL02-RJ,UOP01-DEL02-RJ,2024,,14,,,,1.0
576532.0,2024-01-22,,11:00:00,RJ,101,309,SAO GONCALO,CONDUTOR DEIXOU DE MANTER DISTÂNCIA DO VEÍCULO DA FRENTE,COLISÃO TRASEIRA,COM VÍTIMAS FERIDAS,PLENO DIA,Crescente,NUBLADO,MÚLTIPLA,Reta,Sim,3,0,1,0,2,0,1,3,-22.79498873,-43.03446105,SPRF-RJ,DEL02-RJ,UOP02-DEL02-RJ,2024,,11,,,,1.0
579266.0,2024-01-27,,06:40:00,RJ,101,297,ITABORAI,FUMAÇA,INCÊNDIO,SEM VÍTIMAS,PLENO DIA,Crescente,CÉU CLARO,MÚLTIPLA,Curva,Sim,1,0,0,0,1,0,0,1,-22.76942037,-42.91873581,SPRF-RJ,DEL02-RJ,UOP02-DEL02-RJ,2024,,6,,,,0.0
579269.0,2024-01-27,,03:30:00,RJ,101,297,ITABORAI,REAÇÃO TARDIA OU INEFICIENTE DO CONDUTOR,TOMBAMENTO,COM VÍTIMAS FERIDAS,PLENA NOITE,Crescente,CÉU CLARO,MÚLTIPLA,Curva,Sim,2,0,0,1,0,1,1,2,-22.76942037,-42.91873581,SPRF-RJ,DEL02-RJ,UOP02-DEL02-RJ,2024,,3,,,,1.0
579445.0,2024-02-06,6.0,16:00:00,RJ,101,323,NITEROI,AUSÊNCIA DE REAÇÃO DO CONDUTOR,COLISÃO TRASEIRA,COM VÍTIMAS FERIDAS,PLENO DIA,Decrescente,CÉU CLARO,MÚLTIPLA,Ponte;Reta,Não,3,0,1,0,2,0,1,2,-22.87684786,-43.11728689,SPRF-RJ,DEL02-RJ,UOP01-DEL02-RJ,2024,2024-06-02,16,2024.0,6.0,Domingo,1.0
582005.0,2024-02-19,,08:15:00,RJ,493,6,ITABORAI,ULTRAPASSAGEM INDEVIDA,COLISÃO LATERAL MESMO SENTIDO,COM VÍTIMAS FERIDAS,PLENO DIA,Crescente,CÉU CLARO,SIMPLES,Reta,Não,3,0,1,0,1,1,1,3,-22.73124198,-42.95145305,SPRF-RJ,DEL02-RJ,UOP02-DEL02-RJ,2024,,8,,,,1.0
584933.0,2024-03-04,2.0,09:15:00,RJ,101,318,SAO GONCALO,MANOBRA DE MUDANÇA DE FAIXA,COLISÃO TRASEIRA,SEM VÍTIMAS,PLENO DIA,Decrescente,CÉU CLARO,DUPLA,Reta,Não,2,0,0,0,2,0,0,2,-22.84562994,-43.09841211,SPRF-RJ,DEL02-RJ,UOP02-DEL02-RJ,2024,2024-04-03,9,2024.0,4.0,Quarta,0.0
585044.0,2024-03-04,2.0,15:35:00,RJ,101,328,NITEROI,CONDUTOR DEIXOU DE MANTER DISTÂNCIA DO VEÍCULO DA FRENTE,COLISÃO TRASEIRA,COM VÍTIMAS FERIDAS,PLENO DIA,Decrescente,CÉU CLARO,DUPLA,Aclive;Ponte;Reta,Não,2,0,0,1,1,0,1,2,-22.87028692,-43.16579699,SPRF-RJ,DEL02-RJ,UOP01-DEL02-RJ,2024,2024-04-03,15,2024.0,4.0,Quarta,1.0
586966.0,2024-03-13,,11:30:00,RJ,101,267,RIO BONITO,DEMAIS FALHAS MECÂNICAS OU ELÉTRICAS,CAPOTAMENTO,COM VÍTIMAS FERIDAS,PLENO DIA,Decrescente,CÉU CLARO,DUPLA,Reta,Não,2,0,1,0,1,0,1,1,-22.70728329,-42.66059086,SPRF-RJ,DEL02-RJ,UOP03-DEL02-RJ,2024,,11,,,,1.0
588409.0,2024-03-15,,19:13:00,RJ,493,6,ITABORAI,ACESSO IRREGULAR,ATROPELAMENTO DE PEDESTRE,COM VÍTIMAS FERIDAS,PLENA NOITE,Crescente,CÉU CLARO,SIMPLES,Reta,Não,2,0,1,0,1,0,1,2,-22.73124198,-42.95145305,SPRF-RJ,DEL02-RJ,UOP02-DEL02-RJ,2024,,19,,,,1.0
588821.0,2024-03-21,,14:10:00,RJ,101,293,ITABORAI,CONDUTOR DEIXOU DE MANTER DISTÂNCIA DO VEÍCULO DA FRENTE,COLISÃO TRASEIRA,COM VÍTIMAS FERIDAS,PLENO DIA,Decrescente,SOL,SIMPLES,Reta;Aclive;Viaduto,Sim,3,0,2,0,1,0,2,2,-22.756203,-42.88724,SPRF-RJ,DEL02-RJ,UOP02-DEL02-RJ,2024,,14,,,,1.0
589122.0,2024-03-22,,20:40:00,RJ,101,309,SAO GONCALO,REAÇÃO TARDIA OU INEFICIENTE DO CONDUTOR,COLISÃO TRASEIRA,COM VÍTIMAS FERIDAS,PLENA NOITE,Crescente,CHUVA,DUPLA,Reta,Não,2,0,1,0,1,0,1,2,-22.79498873,-43.03446105,SPRF-RJ,DEL02-RJ,UOP02-DEL02-RJ,2024,,20,,,,1.0
591221.0,2024-04-01,3.0,10:10:00,RJ,101,260,RIO BONITO,DEMAIS FALHAS MECÂNICAS OU ELÉTRICAS,COLISÃO COM OBJETO,COM VÍTIMAS FERIDAS,PLENO DIA,Crescente,CÉU CLARO,DUPLA,Curva,Sim,2,0,1,0,1,0,1,1,-22.70520044,-42.60578664,SPRF-RJ,DEL02-RJ,UOP03-DEL02-RJ,2024,2024-01-04,10,2024.0,1.0,Quinta,1.0
591856.0,2024-04-05,5.0,01:30:00,RJ,101,289,ITABORAI,DEFICIÊNCIA DO SISTEMA DE ILUMINAÇÃO/SINALIZAÇÃO,COLISÃO TRASEIRA,COM VÍTIMAS FATAIS,PLENA NOITE,Crescente,CÉU CLARO,DUPLA,Reta,Não,3,1,1,0,1,0,1,2,-22.76376316,-42.85172094,SPRF-RJ,DEL02-RJ,UOP02-DEL02-RJ,2024,2024-05-04,1,2024.0,5.0,Sábado,2.0
592517.0,2024-04-03,0.0,05:00:00,RJ,101,300,SAO GONCALO,AUSÊNCIA DE REAÇÃO DO CONDUTOR,COLISÃO TRASEIRA,SEM VÍTIMAS,PLENO DIA,Crescente,CÉU CLARO,MÚLTIPLA,Aclive;Reta,Não,2,0,0,0,2,0,0,2,-22.77645713,-42.94783697,SPRF-RJ,DEL02-RJ,UOP02-DEL02-RJ,2024,2024-03-04,5,2024.0,3.0,Segunda,0.0
592582.0,2024-04-08,6.0,06:25:00,RJ,101,"308,9",SAO GONCALO,ANIMAIS NA PISTA,ENGAVETAMENTO,COM VÍTIMAS FERIDAS,PLENO DIA,Crescente,CÉU CLARO,DUPLA,Reta,Sim,5,0,1,0,3,1,1,5,-22.79309326,-43.02479595,SPRF-RJ,DEL02-RJ,UOP02-DEL02-RJ,2024,2024-08-04,6,2024.0,8.0,Domingo,1.0