id,data_inversa,dia_semana,horario,uf,br,km,municipio,causa_acidente,tipo_acidente,classificacao_acidente,fase_dia,sentido_via,condicao_metereologica,tipo_pista,tracado_via,uso_solo,pessoas,mortos,feridos_leves,feridos_graves,ilesos,ignorados,feridos,veiculos,latitude,longitude,regional,delegacia,uop,ano_arquivo,data,hora,ano,mes,dia_semana_nome,gravidade
579215.0,2024-01-02,3.0,13:30:00,RJ,493,2,ITABORAI,TRANSITAR NO ACOSTAMENTO,COLISÃO LATERAL MESMO SENTIDO,COM VÍTIMAS FERIDAS,PLENO DIA,Decrescente,CÉU CLARO,DUPLA,Reta,Sim,3,0,2,0,1,0,2,2,-22.75950214,-42.93544822,SPRF-RJ,DEL02-RJ,UOP02-DEL02-RJ,2024,2024-02-01,13,2024.0,2.0,Quinta,1.0
579243.0,2024-02-05,3.0,18:00:00,RJ,101,297,ITABORAI,ACESSAR A VIA SEM OBSERVAR A PRESENÇA DOS OUTROS VEÍCULOS,COLISÃO LATERAL MESMO SENTIDO,COM VÍTIMAS FERIDAS,PLENO DIA,Crescente,CÉU CLARO,SIMPLES,Reta,Não,3,0,1,0,2,0,1,2,-22.76942037,-42.91873581,SPRF-RJ,DEL02-RJ,UOP02-DEL02-RJ,2024,2024-05-02,18,2024.0,5.0,Quinta,1.0
579489.0,2024-02-06,6.0,18:00:00,RJ,101,316,SAO GONCALO,MANOBRA DE MUDANÇA DE FAIXA,COLISÃO TRASEIRA,COM VÍTIMAS FERIDAS,PLENO DIA,Decrescente,CÉU CLARO,DUPLA,Reta,Não,2,0,1,0,1,0,1,2,-22.82835879,-43.09208739,SPRF-RJ,DEL02-RJ,UOP02-DEL02-RJ,2024,2024-06-02,18,2024.0,6.0,Domingo,1.0
579541.0,2024-02-03,5.0,22:35:00,RJ,101,319,NITEROI,AVARIAS E/OU DESGASTE EXCESSIVO NO PNEU,QUEDA DE OCUPANTE DE VEÍCULO,COM VÍTIMAS FERIDAS,PLENA NOITE,Decrescente,CÉU CLARO,DUPLA,Reta,Sim,2,0,2,0,0,0,2,1,-22.85411774,-43.1018014,SPRF-RJ,DEL02-RJ,UOP02-DEL02-RJ,2024,2024-03-02,22,2024.0,3.0,Sábado,1.0
579610.0,2024-02-07,1.0,14:05:00,RJ,101,310,SAO GONCALO,MANOBRA DE MUDANÇA DE FAIXA,COLISÃO LATERAL MESMO SENTIDO,COM VÍTIMAS FERIDAS,PLENO DIA,Crescente,SOL,DUPLA,Reta;Declive,Sim,3,0,2,0,1,0,2,2,-22.79726025,-43.04523826,SPRF-RJ,DEL02-RJ,UOP02-DEL02-RJ,2024,2024-07-02,14,2024.0,7.0,Terça,1.0
579643.0,2024-02-07,1.0,18:00:00,RJ,101,325,NITEROI,TRAFEGAR COM MOTOCICLETA (OU SIMILAR) ENTRE AS FAIXAS,COLISÃO LATERAL MESMO SENTIDO,COM VÍTIMAS FERIDAS,ANOITECER,Decrescente,CÉU CLARO,DUPLA,Reta;Declive,Não,2,0,1,0,1,0,1,2,-22.87292569,-43.13625699,SPRF-RJ,DEL02-RJ,UOP01-DEL02-RJ,2024,2024-07-02,18,2024.0,7.0,Terça,1.0
579908.0,2024-02-08,4.0,23:22:00,RJ,101,"278,5",ITABORAI,INGESTÃO DE ÁLCOOL PELO CONDUTOR,SAÍDA DE LEITO CARROÇÁVEL,SEM VÍTIMAS,PLENO DIA,Crescente,CÉU CLARO,DUPLA,Reta,Não,1,0,0,0,1,0,0,1,-22.74024136,-42.75799897,SPRF-RJ,DEL02-RJ,UOP03-DEL02-RJ,2024,2024-08-02,23,2024.0,8.0,Sexta,0.0
579933.0,2024-02-09,0.0,06:10:00,RJ,101,306,SAO GONCALO,INGESTÃO DE ÁLCOOL PELO CONDUTOR,SAÍDA DE LEITO CARROÇÁVEL,SEM VÍTIMAS,AMANHECER,Decrescente,CÉU CLARO,DUPLA,Reta,Sim,1,0,0,0,1,0,0,1,-22.78913759,-43.00550909,SPRF-RJ,DEL02-RJ,UOP02-DEL02-RJ,2024,2024-09-02,6,2024.0,9.0,Segunda,0.0
580008.0,2024-02-09,0.0,11:30:00,RJ,101,294,ITABORAI,CONDUTOR DEIXOU DE MANTER DISTÂNCIA DO VEÍCULO DA FRENTE,ENGAVETAMENTO,COM VÍTIMAS FERIDAS,PLENO DIA,Decrescente,CÉU CLARO,DUPLA,Reta,Sim,3,0,0,1,2,0,1,3,-22.7584434,-42.89502344,SPRF-RJ,DEL02-RJ,UOP02-DEL02-RJ,2024,2024-09-02,11,2024.0,9.0,Segunda,1.0
580104.0,2024-02-09,0.0,21:00:00,RJ,101,301,SAO GONCALO,AUSÊNCIA DE REAÇÃO DO CONDUTOR,COLISÃO TRASEIRA,COM VÍTIMAS FERIDAS,PLENA NOITE,Crescente,CÉU CLARO,DUPLA,Reta,Não,2,0,1,0,1,0,1,2,-22.77857497,-42.95745101,SPRF-RJ,DEL02-RJ,UOP02-DEL02-RJ,2024,2024-09-02,21,2024.0,9.0,Segunda,1.0
580116.0,2024-02-09,0.0,20:30:00,RJ,101,304,SAO GONCALO,DEMAIS FENÔMENOS DA NATUREZA,INCÊNDIO,SEM VÍTIMAS,PLENA NOITE,Crescente,CÉU CLARO,DUPLA,Reta,Não,1,0,0,0,1,0,0,1,-22.78491869,-42.98627706,SPRF-RJ,DEL02-RJ,UOP02-DEL02-RJ,2024,2024-09-02,20,2024.0,9.0,Segunda,0.0
580127.0,2024-02-09,0.0,10:15:00,RJ,101,295,ITABORAI,CONDUTOR DEIXOU DE MANTER DISTÂNCIA DO VEÍCULO DA FRENTE,COLISÃO LATERAL MESMO SENTIDO,COM VÍTIMAS FERIDAS,PLENO DIA,Decrescente,CÉU CLARO,DUPLA,Reta,Sim,2,0,1,0,1,0,1,2,-22.76365068,-42.90223623,SPRF-RJ,DEL02-RJ,UOP02-DEL02-RJ,2024,2024-09-02,10,2024.0,9.0,Segunda,1.0
580308.0,2024-02-10,2.0,11:45:00,RJ,493,6,ITABORAI,PEDESTRE - INGESTÃO DE ÁLCOOL/ SUBSTÂNCIAS PSICOATIVAS,ATROPELAMENTO DE PEDESTRE,COM VÍTIMAS FERIDAS,PLENO DIA,Decrescente,CÉU CLARO,SIMPLES,Reta,Sim,2,0,1,0,1,0,1,2,-22.73124198,-42.95145305,SPRF-RJ,DEL02-RJ,UOP02-DEL02-RJ,2024,2024-10-02,11,2024.0,10.0,Quarta,1.0
580318.0,2024-02-10,2.0,15:40:00,RJ,101,318,NITEROI,AVARIAS E/OU DESGASTE EXCESSIVO NO PNEU,QUEDA DE OCUPANTE DE VEÍCULO,COM VÍTIMAS FERIDAS,PLENO DIA,Decrescente,CÉU CLARO,DUPLA,Reta,Não,2,0,2,0,0,0,2,1,-22.84562994,-43.09841211,SPRF-RJ,DEL02-RJ,UOP02-DEL02-RJ,2024,2024-10-02,15,2024.0,10.0,Quarta,1.0
580328.0,2024-02-10,2.0,17:05:00,RJ,101,306,SAO GONCALO,MANOBRA DE MUDANÇA DE FAIXA,COLISÃO LATERAL MESMO SENTIDO,COM VÍTIMAS FERIDAS,PLENO DIA,Decrescente,SOL,DUPLA,Reta,Não,2,0,1,0,1,0,1,2,-22.78913759,-43.00550909,SPRF-RJ,DEL02-RJ,UOP02-DEL02-RJ,2024,2024-10-02,17,2024.0,10.0,Quarta,1.0
580548.0,2024-02-11,5.0,09:00:00,RJ,101,313,SAO GONCALO,REAÇÃO TARDIA OU INEFICIENTE DO CONDUTOR,TOMBAMENTO,COM VÍTIMAS FERIDAS,PLENO DIA,Decrescente,CÉU CLARO,DUPLA,Reta,Sim,2,0,2,0,0,0,2,1,-22.81049093,-43.06983304,SPRF-RJ,DEL02-RJ,UOP02-DEL02-RJ,2024,2024-11-02,9,2024.0,11.0,Sábado,1.0
580707.0,2024-02-12,0.0,07:50:00,RJ,101,322,NITEROI,MANOBRA DE MUDANÇA DE FAIXA,COLISÃO TRANSVERSAL,SEM VÍTIMAS,PLENO DIA,Decrescente,CÉU CLARO,MÚLTIPLA,Reta,Não,2,0,0,0,2,0,0,2,-22.878923,-43.110676,SPRF-RJ,DEL02-RJ,UOP01-DEL02-RJ,2024,2024-12-02,7,2024.0,12.0,Segunda,0.0
580839.0,2024-02-12,0.0,22:30:00,RJ,101,320,NITEROI,REAÇÃO TARDIA OU INEFICIENTE DO CONDUTOR,TOMBAMENTO,COM VÍTIMAS FERIDAS,PLENA NOITE,Decrescente,CÉU CLARO,SIMPLES,Curva,Sim,1,0,1,0,0,0,1,1,-22.872023,-43.144062,SPRF-RJ,DEL02-RJ,UOP01-DEL02-RJ,2024,2024-12-02,22,2024.0,12.0,Segunda,1.0
580982.0,2024-02-13,,19:00:00,RJ,101,306,SAO GONCALO,MANOBRA DE MUDANÇA DE FAIXA,COLISÃO COM OBJETO,COM VÍTIMAS FERIDAS,PLENA NOITE,Crescente,CÉU CLARO,MÚLTIPLA,Reta,Sim,2,0,0,1,1,0,1,2,-22.78702832,-42.99589293,SPRF-RJ,DEL02-RJ,UOP02-DEL02-RJ,2024,,19,,,,1.0
581001.0,2024-02-13,,14:10:00,RJ,101,325,NITEROI,TRANSTORNOS MENTAIS (EXCETO SUICIDIO),QUEDA DE OCUPANTE DE VEÍCULO,COM VÍTIMAS FERIDAS,PLENO DIA,Decrescente,CÉU CLARO,DUPLA,Ponte;Declive,Não,2,0,1,0,1,0,1,1,-22.87292569,-43.13625699,SPRF-RJ,DEL02-RJ,UOP01-DEL02-RJ,2024,,14,,,,1.0
581002.0,2024-02-13,,20:35:00,RJ,101,262,RIO BONITO,INGESTÃO DE ÁLCOOL PELO CONDUTOR,TOMBAMENTO,SEM VÍTIMAS,PLENA NOITE,Crescente,CÉU CLARO,DUPLA,Reta,Não,1,0,0,0,1,0,0,1,-22.71367506,-42.62052996,SPRF-RJ,DEL02-RJ,UOP03-DEL02-RJ,2024,,20,,,,0.0
581018.0,2024-02-13,,23:30:00,RJ,101,313,SAO GONCALO,ACESSAR A VIA SEM OBSERVAR A PRESENÇA DOS OUTROS VEÍCULOS,ATROPELAMENTO DE PEDESTRE,COM VÍTIMAS FERIDAS,PLENA NOITE,Crescente,CÉU CLARO,DUPLA,Reta,Sim,2,0,0,1,1,0,1,2,-22.81049093,-43.06983304,SPRF-RJ,DEL02-RJ,UOP02-DEL02-RJ,2024,,23,,,,1.0
581195.0,2024-02-14,,18:40:00,RJ,493,1,ITABORAI,ACESSO IRREGULAR,COLISÃO LATERAL SENTIDO OPOSTO,COM VÍTIMAS FERIDAS,PLENA NOITE,Crescente,IGNORADO,DUPLA,Reta,Sim,2,0,1,0,1,0,1,2,-22.76398788,-42.92731895,SPRF-RJ,DEL02-RJ,UOP02-DEL02-RJ,2024,,18,,,,1.0
581229.0,2024-02-15,,02:50:00,RJ,101,299,SAO GONCALO,CONDUTOR DORMINDO,COLISÃO LATERAL MESMO SENTIDO,COM VÍTIMAS FERIDAS,PLENA NOITE,Decrescente,CHUVA,DUPLA,Reta;Declive,Sim,4,0,1,0,3,0,1,2,-22.77683249,-42.9495419,SPRF-RJ,DEL02-RJ,UOP02-DEL02-RJ,2024,,2,,,,1.0
581352.0,2024-02-15,,10:20:00,RJ,101,324,NITEROI,CONDUTOR DEIXOU DE MANTER DISTÂNCIA DO VEÍCULO DA FRENTE,COLISÃO LATERAL MESMO SENTIDO,COM VÍTIMAS FERIDAS,PLENO DIA,Decrescente,GAROA/CHUVISCO,MÚLTIPLA,Reta,Não,2,0,1,0,0,1,1,2,-22.87381074,-43.12640997,SPRF-RJ,DEL02-RJ,UOP01-DEL02-RJ,2024,,10,,,,1.0
581353.0,2024-02-15,,16:35:00,RJ,101,324,NITEROI,MANOBRA DE MUDANÇA DE FAIXA,COLISÃO LATERAL MESMO SENTIDO,SEM VÍTIMAS,PLENO DIA,Decrescente,NUBLADO,DUPLA,Reta,Não,2,0,0,0,2,0,0,2,-22.87381074,-43.12640997,SPRF-RJ,DEL02-RJ,UOP01-DEL02-RJ,2024,,16,,,,0.0
581547.0,2024-02-16,,09:50:00,RJ,101,317,SAO GONCALO,DEMAIS FALHAS MECÂNICAS OU ELÉTRICAS,QUEDA DE OCUPANTE DE VEÍCULO,COM VÍTIMAS FERIDAS,PLENO DIA,Crescente,CÉU CLARO,MÚLTIPLA,Reta,Sim,2,0,1,0,1,0,1,1,-22.83707798,-43.09492006,SPRF-RJ,DEL02-RJ,UOP02-DEL02-RJ,2024,,9,,,,1.0
581652.0,2024-02-17,,10:00:00,RJ,101,299,ITABORAI,REAÇÃO TARDIA OU INEFICIENTE DO CONDUTOR,COLISÃO LATERAL MESMO SENTIDO,COM VÍTIMAS FERIDAS,PLENO DIA,Crescente,CÉU CLARO,MÚLTIPLA,Reta,Sim,3,0,1,0,2,0,1,2,-22.77432673,-42.93823207,SPRF-RJ,DEL02-RJ,UOP02-DEL02-RJ,2024,,10,,,,1.0
581796.0,2024-02-18,,01:20:00,RJ,493,6,ITABORAI,AUSÊNCIA DE REAÇÃO DO CONDUTOR,QUEDA DE OCUPANTE DE VEÍCULO,COM VÍTIMAS FERIDAS,PLENA NOITE,Decrescente,CÉU CLARO,DUPLA,Reta,Sim,1,0,1,0,0,0,1,1,-22.73124198,-42.95145305,SPRF-RJ,DEL02-RJ,UOP02-DEL02-RJ,2024,,1,,,,1.0
582163.0,2024-02-20,,07:00:00,RJ,101,322,NITEROI,CONDUTOR DEIXOU DE MANTER DISTÂNCIA DO VEÍCULO DA FRENTE,COLISÃO TRASEIRA,COM VÍTIMAS FERIDAS,PLENO DIA,Crescente,CÉU CLARO,SIMPLES,Ponte;Reta,Sim,3,0,1,0,2,0,1,3,-22.878923,-43.110676,SPRF-RJ,DEL02-RJ,UOP01-DEL02-RJ,2024,,7,,,,1.0
582456.0,2024-02-21,,17:30:00,RJ,101,311,SAO GONCALO,CONDUTOR DEIXOU DE MANTER DISTÂNCIA DO VEÍCULO DA FRENTE,COLISÃO TRASEIRA,COM VÍTIMAS FERIDAS,ANOITECER,Decrescente,CÉU CLARO,MÚLTIPLA,Reta,Não,2,0,1,0,1,0,1,2,-22.80062246,-43.05318779,SPRF-RJ,DEL02-RJ,UOP02-DEL02-RJ,2024,,17,,,,1.0
582474.0,2024-02-21,,19:30:00,RJ,493,1,ITABORAI,REAÇÃO TARDIA OU INEFICIENTE DO CONDUTOR,COLISÃO COM OBJETO,COM VÍTIMAS FERIDAS,PLENA NOITE,Decrescente,CÉU CLARO,DUPLA,Reta,Sim,1,0,1,0,0,0,1,1,-22.76398788,-42.92731895,SPRF-RJ,DEL02-RJ,UOP02-DEL02-RJ,2024,,19,,,,1.0
582565.0,2024-02-22,,08:00:00,RJ,101,267,RIO BONITO,PISTA ESCORREGADIA,COLISÃO COM OBJETO,COM VÍTIMAS FERIDAS,PLENO DIA,Decrescente,CHUVA,DUPLA,Reta,Não,1,0,1,0,0,0,1,1,-22.70728329,-42.66059086,SPRF-RJ,DEL02-RJ,UOP03-DEL02-RJ,2024,,8,,,,1.0
582649.0,2024-02-22,,18:10:00,RJ,101,318,SAO GONCALO,REAÇÃO TARDIA OU INEFICIENTE DO CONDUTOR,COLISÃO TRASEIRA,COM VÍTIMAS FERIDAS,ANOITECER,Decrescente,CÉU CLARO,SIMPLES,Reta,Sim,2,0,1,0,1,0,1,2,-22.84562994,-43.09841211,SPRF-RJ,DEL02-RJ,UOP02-DEL02-RJ,2024,,18,,,,1.0
582777.0,2024-02-23,,08:45:00,RJ,101,320,NITEROI,AVARIAS E/OU DESGASTE EXCESSIVO NO PNEU,TOMBAMENTO,COM VÍTIMAS FERIDAS,PLENO DIA,Crescente,NUBLADO,DUPLA,Curva,Sim,1,0,1,0,0,0,1,1,-22.86171098,-43.10714015,SPRF-RJ,DEL02-RJ,UOP01-DEL02-RJ,2024,,8,,,,1.0
582816.0,2024-02-23,,15:40:00,RJ,101,262,RIO BONITO,AUSÊNCIA DE REAÇÃO DO CONDUTOR,TOMBAMENTO,COM VÍTIMAS FERIDAS,PLENO DIA,Decrescente,CÉU CLARO,DUPLA,Curva,Não,1,0,1,0,0,0,1,1,-22.71367506,-42.62052996,SPRF-RJ,DEL02-RJ,UOP03-DEL02-RJ,2024,,15,,,,1.0
583031.0,2024-02-24,,07:00:00,RJ,101,306,SAO GONCALO,REAÇÃO TARDIA OU INEFICIENTE DO CONDUTOR,COLISÃO COM OBJETO,COM VÍTIMAS FERIDAS,PLENO DIA,Decrescente,CÉU CLARO,DUPLA,Reta,Sim,3,0,2,0,0,1,2,1,-22.78913759,-43.00550909,SPRF-RJ,DEL02-RJ,UOP02-DEL02-RJ,2024,,7,,,,1.0
583180.0,2024-02-25,,06:30:00,RJ,101,"261,9",RIO BONITO,AUSÊNCIA DE REAÇÃO DO CONDUTOR,TOMBAMENTO,COM VÍTIMAS FERIDAS,AMANHECER,Decrescente,CÉU CLARO,DUPLA,Curva;Aclive,Não,2,0,0,2,0,0,2,1,-22.71139378,-42.61157199,SPRF-RJ,DEL02-RJ,UOP03-DEL02-RJ,2024,,6,,,,1.0
583386.0,2024-02-26,,02:40:00,RJ,101,"310,9",SAO GONCALO,ACESSAR A VIA SEM OBSERVAR A PRESENÇA DOS OUTROS VEÍCULOS,ATROPELAMENTO DE PEDESTRE,COM VÍTIMAS FATAIS,PLENA NOITE,Crescente,CÉU CLARO,MÚLTIPLA,Reta,Sim,2,1,0,0,0,1,0,2,-22.79717023,-43.04404993,SPRF-RJ,DEL02-RJ,UOP02-DEL02-RJ,2024,,2,,,,2.0
583425.0,2024-02-26,,08:45:00,RJ,101,316,SAO GONCALO,CONDUTOR DORMINDO,QUEDA DE OCUPANTE DE VEÍCULO,COM VÍTIMAS FERIDAS,PLENO DIA,Crescente,CÉU CLARO,DUPLA,Reta,Não,1,0,1,0,0,0,1,1,-22.82835879,-43.09208739,SPRF-RJ,DEL02-RJ,UOP02-DEL02-RJ,2024,,8,,,,1.0
583541.0,2024-02-26,,15:10:00,RJ,101,322,NITEROI,REAÇÃO TARDIA OU INEFICIENTE DO CONDUTOR,COLISÃO TRASEIRA,COM VÍTIMAS FERIDAS,PLENO DIA,Decrescente,CÉU CLARO,DUPLA,Reta,Sim,4,0,1,0,3,0,1,2,-22.878923,-43.110676,SPRF-RJ,DEL02-RJ,UOP01-DEL02-RJ,2024,,15,,,,1.0
584195.0,2024-03-01,2.0,07:30:00,RJ,101,308,SAO GONCALO,TRAFEGAR COM MOTOCICLETA (OU SIMILAR) ENTRE AS FAIXAS,COLISÃO TRASEIRA,COM VÍTIMAS FERIDAS,AMANHECER,Crescente,CÉU CLARO,DUPLA,Reta,Sim,2,0,1,0,1,0,1,2,-22.79309326,-43.02479595,SPRF-RJ,DEL02-RJ,UOP02-DEL02-RJ,2024,2024-01-03,7,2024.0,1.0,Quarta,1.0
584428.0,2024-03-02,5.0,09:00:00,RJ,101,320,NITEROI,AVARIAS E/OU DESGASTE EXCESSIVO NO PNEU,TOMBAMENTO,COM VÍTIMAS FERIDAS,PLENO DIA,Crescente,CÉU CLARO,DUPLA,Curva,Não,2,0,1,0,1,0,1,1,-22.86171098,-43.10714015,SPRF-RJ,DEL02-RJ,UOP01-DEL02-RJ,2024,2024-02-03,9,2024.0,2.0,Sábado,1.0
584525.0,2024-03-02,5.0,14:00:00,RJ,101,325,NITEROI,CONDUTOR DEIXOU DE MANTER DISTÂNCIA DO VEÍCULO DA FRENTE,COLISÃO TRASEIRA,COM VÍTIMAS FERIDAS,PLENO DIA,Decrescente,CÉU CLARO,DUPLA,Reta;Declive,Não,3,0,2,0,1,0,2,2,-22.87292569,-43.13625699,SPRF-RJ,DEL02-RJ,UOP01-DEL02-RJ,2024,2024-02-03,14,2024.0,2.0,Sábado,1.0
584529.0,2024-03-01,2.0,03:30:00,RJ,101,322,NITEROI,AVARIAS E/OU DESGASTE EXCESSIVO NO PNEU,QUEDA DE OCUPANTE DE VEÍCULO,COM VÍTIMAS FERIDAS,PLENA NOITE,Decrescente,CÉU CLARO,DUPLA,Curva;Declive,Sim,2,0,2,0,0,0,2,1,-22.878923,-43.110676,SPRF-RJ,DEL02-RJ,UOP01-DEL02-RJ,2024,2024-01-03,3,2024.0,1.0,Quarta,1.0
584643.0,2024-03-03,6.0,06:10:00,RJ,101,325,NITEROI,CONDUTOR DEIXOU DE MANTER DISTÂNCIA DO VEÍCULO DA FRENTE,COLISÃO TRASEIRA,COM VÍTIMAS FERIDAS,PLENO DIA,Decrescente,CÉU CLARO,DUPLA,Reta,Sim,3,0,2,0,1,0,2,2,-22.87292569,-43.13625699,SPRF-RJ,DEL02-RJ,UOP01-DEL02-RJ,2024,2024-03-03,6,2024.0,3.0,Domingo,1.0
584710.0,2024-03-03,6.0,14:00:00,RJ,101,327,NITEROI,AUSÊNCIA DE REAÇÃO DO CONDUTOR,COLISÃO TRASEIRA,SEM VÍTIMAS,PLENO DIA,Decrescente,CÉU CLARO,DUPLA,Reta,Não,2,0,0,0,2,0,0,2,-22.87117393,-43.15595099,SPRF-RJ,DEL02-RJ,UOP01-DEL02-RJ,2024,2024-03-03,14,2024.0,3.0,Domingo,0.0
584821.0,2024-03-03,6.0,21:10:00,RJ,101,258,RIO BONITO,PEDESTRE CRUZAVA A PISTA FORA DA FAIXA,ATROPELAMENTO DE PEDESTRE,COM VÍTIMAS FERIDAS,PLENA NOITE,Crescente,CÉU CLARO,DUPLA,Reta,Não,3,0,1,0,2,0,1,2,-22.7015937,-42.58693809,SPRF-RJ,DEL02-RJ,UOP03-DEL02-RJ,2024,2024-03-03,21,2024.0,3.0,Domingo,1.0
584851.0,2024-02-20,,13:45:00,RJ,101,298,ITABORAI,ACESSAR A VIA SEM OBSERVAR A PRESENÇA DOS OUTROS VEÍCULOS,COLISÃO TRASEIRA,COM VÍTIMAS FERIDAS,PLENO DIA,Crescente,CÉU CLARO,DUPLA,Reta,Não,1,0,1,0,0,0,1,1,-22.7714,-42.92896,SPRF-RJ,DEL02-RJ,UOP02-DEL02-RJ,2024,,13,,,,1.0
585043.0,2024-03-04,2.0,18:02:00,RJ,101,324,NITEROI,CONDUTOR DEIXOU DE MANTER DISTÂNCIA DO VEÍCULO DA FRENTE,COLISÃO TRASEIRA,COM VÍTIMAS FERIDAS,PLENO DIA,Decrescente,CÉU CLARO,MÚLTIPLA,Reta,Não,2,0,1,0,0,1,1,2,-22.87381074,-43.12640997,SPRF-RJ,DEL02-RJ,UOP01-DEL02-RJ,2024,2024-04-03,18,2024.0,4.0,Quarta,1.0
585123.0,2024-03-05,4.0,09:25:00,RJ,101,267,RIO BONITO,AUSÊNCIA DE REAÇÃO DO CONDUTOR,COLISÃO TRASEIRA,COM VÍTIMAS FERIDAS,PLENO DIA,Decrescente,CÉU CLARO,DUPLA,Reta,Sim,1,0,1,0,0,0,1,1,-22.70728329,-42.66059086,SPRF-RJ,DEL02-RJ,UOP03-DEL02-RJ,2024,2024-05-03,9,2024.0,5.0,Sexta,1.0
585160.0,2024-03-05,4.0,12:10:00,RJ,101,321,NITEROI,AVARIAS E/OU DESGASTE EXCESSIVO NO PNEU,QUEDA DE OCUPANTE DE VEÍCULO,COM VÍTIMAS FERIDAS,PLENO DIA,Crescente,CÉU CLARO,MÚLTIPLA,Curva,Não,2,0,2,0,0,0,2,1,-22.86981096,-43.11046465,SPRF-RJ,DEL02-RJ,UOP01-DEL02-RJ,2024,2024-05-03,12,2024.0,5.0,Sexta,1.0
585493.0,2024-03-06,0.0,18:52:00,RJ,101,322,NITEROI,MANOBRA DE MUDANÇA DE FAIXA,COLISÃO LATERAL MESMO SENTIDO,COM VÍTIMAS FERIDAS,PLENA NOITE,Decrescente,CÉU CLARO,DUPLA,Reta,Não,3,0,1,0,2,0,1,3,-22.878923,-43.110676,SPRF-RJ,DEL02-RJ,UOP01-DEL02-RJ,2024,2024-06-03,18,2024.0,6.0,Segunda,1.0
585652.0,2024-02-28,,10:00:00,RJ,101,317,SAO GONCALO,DEMAIS FALHAS MECÂNICAS OU ELÉTRICAS,INCÊNDIO,COM VÍTIMAS FERIDAS,PLENO DIA,Crescente,CÉU CLARO,DUPLA,Reta,Sim,1,0,1,0,0,0,1,1,-22.83707798,-43.09492006,SPRF-RJ,DEL02-RJ,UOP02-DEL02-RJ,2024,,10,,,,1.0
585659.0,2024-02-01,1.0,03:30:00,RJ,101,309,SAO GONCALO,DEMAIS FALHAS MECÂNICAS OU ELÉTRICAS,INCÊNDIO,COM VÍTIMAS FERIDAS,PLENA NOITE,Decrescente,IGNORADO,DUPLA,Reta,Não,1,0,1,0,0,0,1,1,-22.79498873,-43.03446105,SPRF-RJ,DEL02-RJ,UOP02-DEL02-RJ,2024,2024-01-02,3,2024.0,1.0,Terça,1.0
585828.0,2024-02-18,,03:10:00,RJ,493,3,ITABORAI,ANIMAIS NA PISTA,ATROPELAMENTO DE ANIMAL,COM VÍTIMAS FATAIS,PLENA NOITE,Decrescente,CÉU CLARO,DUPLA,Reta,Sim,1,1,0,0,0,0,0,1,-22.7525329,-42.94160092,SPRF-RJ,DEL02-RJ,UOP02-DEL02-RJ,2024,,3,,,,2.0
585952.0,2024-01-15,,14:00:00,RJ,101,321,NITEROI,AUSÊNCIA DE REAÇÃO DO CONDUTOR,COLISÃO TRASEIRA,COM VÍTIMAS FERIDAS,PLENO DIA,Crescente,CÉU CLARO,DUPLA,Reta,Não,4,0,2,0,2,0,2,3,-22.86981096,-43.11046465,SPRF-RJ,DEL02-RJ,UOP01-DEL02-RJ,2024,,14,,,,1.0
585992.0,2024-03-08,5.0,22:10:00,RJ,101,294,ITABORAI,REAÇÃO TARDIA OU INEFICIENTE DO CONDUTOR,COLISÃO TRASEIRA,COM VÍTIMAS FERIDAS,PLENA NOITE,Decrescente,CÉU CLARO,DUPLA,Reta,Não,3,0,1,0,2,0,1,2,-22.7584434,-42.89502344,SPRF-RJ,DEL02-RJ,UOP02-DEL02-RJ,2024,2024-08-03,22,2024.0,8.0,Sábado,1.0
586458.0,2024-03-10,3.0,23:20:00,RJ,101,278,ITABORAI,MANOBRA DE MUDANÇA DE FAIXA,QUEDA DE OCUPANTE DE VEÍCULO,COM VÍTIMAS FERIDAS,PLENA NOITE,Decrescente,CÉU CLARO,DUPLA,Reta,Não,1,0,1,0,0,0,1,1,-22.74024136,-42.75799897,SPRF-RJ,DEL02-RJ,UOP03-DEL02-RJ,2024,2024-10-03,23,2024.0,10.0,Quinta,1.0
586590.0,2024-03-11,6.0,13:10:00,RJ,101,322,NITEROI,AUSÊNCIA DE REAÇÃO DO CONDUTOR,COLISÃO COM OBJETO,COM VÍTIMAS FERIDAS,PLENO DIA,Crescente,CÉU CLARO,SIMPLES,Curva,Não,1,0,1,0,0,0,1,1,-22.878923,-43.110676,SPRF-RJ,DEL02-RJ,UOP01-DEL02-RJ,2024,2024-11-03,13,2024.0,11.0,Domingo,1.0
586643.0,2024-03-11,6.0,19:20:00,RJ,101,319,NITEROI,CONDUTOR DEIXOU DE MANTER DISTÂNCIA DO VEÍCULO DA FRENTE,COLISÃO TRASEIRA,COM VÍTIMAS FERIDAS,PLENA NOITE,Decrescente,CÉU CLARO,DUPLA,Reta,Sim,2,0,1,0,1,0,1,2,-22.85411774,-43.1018014,SPRF-RJ,DEL02-RJ,UOP02-DEL02-RJ,2024,2024-11-03,19,2024.0,11.0,Domingo,1.0
587578.0,2024-03-15,,19:25:00,RJ,101,297,ITABORAI,TRAFEGAR COM MOTOCICLETA (OU SIMILAR) ENTRE AS FAIXAS,COLISÃO LATERAL MESMO SENTIDO,COM VÍTIMAS FERIDAS,PLENA NOITE,Crescente,CÉU CLARO,DUPLA,Viaduto,Sim,2,0,1,0,1,0,1,2,-22.76942037,-42.91873581,SPRF-RJ,DEL02-RJ,UOP02-DEL02-RJ,2024,,19,,,,1.0