id,data_inversa,dia_semana,horario,uf,br,km,municipio,causa_acidente,tipo_acidente,classificacao_acidente,fase_dia,sentido_via,condicao_metereologica,tipo_pista,tracado_via,uso_solo,pessoas,mortos,feridos_leves,feridos_graves,ilesos,ignorados,feridos,veiculos,latitude,longitude,regional,delegacia,uop,ano_arquivo,data,hora,ano,mes,dia_semana_nome,gravidade
601337.0,2024-05-18,,05:00:00,RJ,493,5,ITABORAI,ILUMINAÇÃO DEFICIENTE,ATROPELAMENTO DE ANIMAL,COM VÍTIMAS FERIDAS,PLENA NOITE,Crescente,CÉU CLARO,DUPLA,Reta,Não,1,0,1,0,0,0,1,1,-22.73998606,-42.95374823,SPRF-RJ,DEL02-RJ,UOP02-DEL02-RJ,2024,,5,,,,1.0
601416.0,2024-05-18,,20:00:00,RJ,101,311,SAO GONCALO,INGESTÃO DE ÁLCOOL PELO CONDUTOR,COLISÃO COM OBJETO,SEM VÍTIMAS,PLENA NOITE,Crescente,CÉU CLARO,DUPLA,Reta,Sim,1,0,0,0,1,0,0,1,-22.80062246,-43.05318779,SPRF-RJ,DEL02-RJ,UOP02-DEL02-RJ,2024,,20,,,,0.0
601594.0,2024-05-19,,13:05:00,RJ,101,320,NITEROI,REAÇÃO TARDIA OU INEFICIENTE DO CONDUTOR,QUEDA DE OCUPANTE DE VEÍCULO,COM VÍTIMAS FERIDAS,PLENO DIA,Decrescente,NUBLADO,DUPLA,Curva,Sim,1,0,1,0,0,0,1,1,-22.86171098,-43.10714015,SPRF-RJ,DEL02-RJ,UOP01-DEL02-RJ,2024,,13,,,,1.0
601733.0,2024-05-20,,03:20:00,RJ,101,297,ITABORAI,AUSÊNCIA DE REAÇÃO DO CONDUTOR,COLISÃO COM OBJETO,COM VÍTIMAS FERIDAS,PLENA NOITE,Decrescente,CÉU CLARO,SIMPLES,Retorno Regulamentado,Sim,3,0,2,0,1,0,2,1,-22.76942037,-42.91873581,SPRF-RJ,DEL02-RJ,UOP02-DEL02-RJ,2024,,3,,,,1.0
601735.0,2024-05-20,,04:20:00,RJ,101,311,SAO GONCALO,AUSÊNCIA DE REAÇÃO DO CONDUTOR,COLISÃO COM OBJETO,COM VÍTIMAS FERIDAS,AMANHECER,Crescente,NUBLADO,DUPLA,Reta,Sim,3,0,3,0,0,0,3,1,-22.80062246,-43.05318779,SPRF-RJ,DEL02-RJ,UOP02-DEL02-RJ,2024,,4,,,,1.0
601790.0,2024-03-05,4.0,11:50:00,RJ,101,265,RIO BONITO,ACESSAR A VIA SEM OBSERVAR A PRESENÇA DOS OUTROS VEÍCULOS,ATROPELAMENTO DE PEDESTRE,COM VÍTIMAS FERIDAS,PLENO DIA,Decrescente,CÉU CLARO,DUPLA,Reta,Não,2,0,0,1,1,0,1,2,-22.71359987,-42.64391188,SPRF-RJ,DEL02-RJ,UOP03-DEL02-RJ,2024,2024-05-03,11,2024.0,5.0,Sexta,1.0
601833.0,2024-05-20,,06:50:00,RJ,101,319,SAO GONCALO,TRAFEGAR COM MOTOCICLETA (OU SIMILAR) ENTRE AS FAIXAS,COLISÃO TRASEIRA,COM VÍTIMAS FERIDAS,PLENO DIA,Crescente,CÉU CLARO,DUPLA,Reta,Não,3,0,1,0,2,0,1,2,-22.85411774,-43.1018014,SPRF-RJ,DEL02-RJ,UOP02-DEL02-RJ,2024,,6,,,,1.0
601987.0,2024-05-18,,05:30:00,RJ,101,292,ITABORAI,CONDUTOR DORMINDO,QUEDA DE OCUPANTE DE VEÍCULO,COM VÍTIMAS FERIDAS,PLENO DIA,Decrescente,CÉU CLARO,DUPLA,Reta,Não,1,0,1,0,0,0,1,1,-22.76038215,-42.87856408,SPRF-RJ,DEL02-RJ,UOP02-DEL02-RJ,2024,,5,,,,1.0
602037.0,2024-05-11,1.0,13:50:00,RJ,101,313,SAO GONCALO,PISTA ESBURACADA,QUEDA DE OCUPANTE DE VEÍCULO,COM VÍTIMAS FERIDAS,PLENO DIA,Decrescente,CÉU CLARO,SIMPLES,Reta,Não,1,0,1,0,0,0,1,1,-22.81049093,-43.06983304,SPRF-RJ,DEL02-RJ,UOP02-DEL02-RJ,2024,2024-11-05,13,2024.0,11.0,Terça,1.0
602285.0,2024-05-22,,16:25:00,RJ,101,"309,6",SAO GONCALO,DEMAIS FALHAS MECÂNICAS OU ELÉTRICAS,TOMBAMENTO,COM VÍTIMAS FERIDAS,PLENO DIA,Decrescente,CÉU CLARO,DUPLA,Reta,Sim,1,0,0,1,0,0,1,1,-22.79498873,-43.03446105,SPRF-RJ,DEL02-RJ,UOP02-DEL02-RJ,2024,,16,,,,1.0
602297.0,2024-05-22,,20:30:00,RJ,101,328,NITEROI,DEMAIS FALHAS MECÂNICAS OU ELÉTRICAS,INCÊNDIO,SEM VÍTIMAS,PLENA NOITE,Decrescente,CÉU CLARO,DUPLA,Reta,Sim,1,0,0,0,1,0,0,1,-22.87028692,-43.16579699,SPRF-RJ,DEL02-RJ,UOP01-DEL02-RJ,2024,,20,,,,0.0
602403.0,2024-05-23,,12:30:00,RJ,101,315,SAO GONCALO,CONDUTOR DEIXOU DE MANTER DISTÂNCIA DO VEÍCULO DA FRENTE,ENGAVETAMENTO,COM VÍTIMAS FERIDAS,PLENO DIA,Crescente,CÉU CLARO,DUPLA,Reta,Sim,4,0,1,0,3,0,1,3,-22.82262092,-43.08460805,SPRF-RJ,DEL02-RJ,UOP02-DEL02-RJ,2024,,12,,,,1.0
602609.0,2024-05-24,,12:30:00,RJ,101,309,SAO GONCALO,REAÇÃO TARDIA OU INEFICIENTE DO CONDUTOR,COLISÃO TRASEIRA,COM VÍTIMAS FERIDAS,PLENO DIA,Decrescente,CÉU CLARO,SIMPLES,Reta,Sim,3,0,2,0,1,0,2,2,-22.79498873,-43.03446105,SPRF-RJ,DEL02-RJ,UOP02-DEL02-RJ,2024,,12,,,,1.0
602709.0,2024-05-24,,17:46:00,RJ,101,295,SAO GONCALO,MANOBRA DE MUDANÇA DE FAIXA,COLISÃO LATERAL MESMO SENTIDO,COM VÍTIMAS FERIDAS,ANOITECER,Crescente,CÉU CLARO,DUPLA,Reta,Sim,3,0,2,0,1,0,2,2,-22.76365068,-42.90223623,SPRF-RJ,DEL02-RJ,UOP02-DEL02-RJ,2024,,17,,,,1.0
602728.0,2024-05-24,,19:10:00,RJ,101,316,SAO GONCALO,TRAFEGAR COM MOTOCICLETA (OU SIMILAR) ENTRE AS FAIXAS,COLISÃO TRASEIRA,COM VÍTIMAS FERIDAS,PLENA NOITE,Decrescente,CÉU CLARO,DUPLA,Reta,Sim,4,0,2,0,2,0,2,3,-22.82835879,-43.09208739,SPRF-RJ,DEL02-RJ,UOP02-DEL02-RJ,2024,,19,,,,1.0
602752.0,2024-05-24,,21:00:00,RJ,493,0,ITABORAI,ACUMULO DE AREIA OU DETRITOS SOBRE O PAVIMENTO,QUEDA DE OCUPANTE DE VEÍCULO,COM VÍTIMAS FERIDAS,PLENA NOITE,Crescente,CÉU CLARO,MÚLTIPLA,Reta,Sim,1,0,1,0,0,0,1,1,-22.77062,-42.92223,SPRF-RJ,DEL02-RJ,UOP02-DEL02-RJ,2024,,21,,,,1.0
602950.0,2024-05-25,,19:45:00,RJ,101,258,RIO BONITO,ANIMAIS NA PISTA,ATROPELAMENTO DE ANIMAL,COM VÍTIMAS FERIDAS,PLENA NOITE,Decrescente,CHUVA,DUPLA,Reta,Não,2,0,1,0,1,0,1,1,-22.7015937,-42.58693809,SPRF-RJ,DEL02-RJ,UOP03-DEL02-RJ,2024,,19,,,,1.0
602966.0,2024-05-25,,20:30:00,RJ,101,295,ITABORAI,INGESTÃO DE ÁLCOOL PELO CONDUTOR,COLISÃO TRASEIRA,SEM VÍTIMAS,PLENA NOITE,Decrescente,GAROA/CHUVISCO,MÚLTIPLA,Reta,Sim,2,0,0,0,2,0,0,2,-22.76403329,-42.90270567,SPRF-RJ,DEL02-RJ,UOP02-DEL02-RJ,2024,,20,,,,0.0
603376.0,2024-05-27,,08:30:00,RJ,101,319,SAO GONCALO,MANOBRA DE MUDANÇA DE FAIXA,COLISÃO LATERAL MESMO SENTIDO,COM VÍTIMAS FERIDAS,PLENO DIA,Crescente,NUBLADO,DUPLA,Reta,Sim,2,0,1,0,1,0,1,2,-22.85411774,-43.1018014,SPRF-RJ,DEL02-RJ,UOP02-DEL02-RJ,2024,,8,,,,1.0
603542.0,2024-05-28,,07:45:00,RJ,493,1,ITABORAI,REAÇÃO TARDIA OU INEFICIENTE DO CONDUTOR,ATROPELAMENTO DE PEDESTRE,COM VÍTIMAS FERIDAS,PLENO DIA,Crescente,CÉU CLARO,DUPLA,Reta,Sim,2,0,0,2,0,0,2,2,-22.76268781,-42.9307723,SPRF-RJ,DEL02-RJ,UOP02-DEL02-RJ,2024,,7,,,,1.0
603830.0,2024-05-29,,12:30:00,RJ,101,318,SAO GONCALO,DEMAIS FALHAS MECÂNICAS OU ELÉTRICAS,TOMBAMENTO,COM VÍTIMAS FERIDAS,PLENO DIA,Crescente,NUBLADO,DUPLA,Reta,Sim,2,0,2,0,0,0,2,1,-22.84562994,-43.09841211,SPRF-RJ,DEL02-RJ,UOP02-DEL02-RJ,2024,,12,,,,1.0
603961.0,2024-05-30,,08:00:00,RJ,101,321,NITEROI,AUSÊNCIA DE REAÇÃO DO CONDUTOR,COLISÃO TRASEIRA,COM VÍTIMAS FERIDAS,PLENO DIA,Decrescente,CÉU CLARO,DUPLA,Reta,Não,2,0,1,0,1,0,1,2,-22.86981096,-43.11046465,SPRF-RJ,DEL02-RJ,UOP01-DEL02-RJ,2024,,8,,,,1.0
604000.0,2024-05-30,,11:39:00,RJ,101,322,NITEROI,MANOBRA DE MUDANÇA DE FAIXA,COLISÃO LATERAL MESMO SENTIDO,COM VÍTIMAS FERIDAS,PLENO DIA,Decrescente,CÉU CLARO,SIMPLES,Reta;Ponte,Sim,2,0,1,0,0,1,1,2,-22.878923,-43.110676,SPRF-RJ,DEL02-RJ,UOP01-DEL02-RJ,2024,,11,,,,1.0
604237.0,2024-05-31,,12:54:00,RJ,101,"307,5",SAO GONCALO,CONDUTOR DORMINDO,COLISÃO COM OBJETO,COM VÍTIMAS FERIDAS,PLENO DIA,Decrescente,NUBLADO,DUPLA,Reta,Não,1,0,1,0,0,0,1,1,-22.79115777,-43.01514205,SPRF-RJ,DEL02-RJ,UOP02-DEL02-RJ,2024,,12,,,,1.0
604409.0,2024-06-01,5.0,07:10:00,RJ,101,322,NITEROI,CURVA ACENTUADA,QUEDA DE OCUPANTE DE VEÍCULO,COM VÍTIMAS FERIDAS,PLENO DIA,Decrescente,NUBLADO,MÚLTIPLA,Curva,Não,1,0,1,0,0,0,1,1,-22.878923,-43.110676,SPRF-RJ,DEL02-RJ,UOP01-DEL02-RJ,2024,2024-01-06,7,2024.0,1.0,Sábado,1.0
604453.0,2024-06-01,5.0,06:20:00,RJ,493,2,ITABORAI,CONDUTOR DORMINDO,CAPOTAMENTO,COM VÍTIMAS FERIDAS,AMANHECER,Crescente,CÉU CLARO,SIMPLES,Declive,Sim,1,0,0,1,0,0,1,1,-22.75950214,-42.93544822,SPRF-RJ,DEL02-RJ,UOP02-DEL02-RJ,2024,2024-01-06,6,2024.0,1.0,Sábado,1.0
604552.0,2024-06-01,5.0,21:30:00,RJ,101,297,ITABORAI,REAÇÃO TARDIA OU INEFICIENTE DO CONDUTOR,CAPOTAMENTO,SEM VÍTIMAS,PLENA NOITE,Crescente,CÉU CLARO,DUPLA,Aclive;Curva,Sim,2,0,0,0,2,0,0,2,-22.76942037,-42.91873581,SPRF-RJ,DEL02-RJ,UOP02-DEL02-RJ,2024,2024-01-06,21,2024.0,1.0,Sábado,0.0
604627.0,2024-06-02,1.0,06:40:00,RJ,101,311,SAO GONCALO,ESTACIONAR OU PARAR EM LOCAL PROIBIDO,COLISÃO TRASEIRA,COM VÍTIMAS FERIDAS,PLENO DIA,Decrescente,CÉU CLARO,DUPLA,Reta,Não,4,0,2,0,2,0,2,2,-22.80062246,-43.05318779,SPRF-RJ,DEL02-RJ,UOP02-DEL02-RJ,2024,2024-02-06,6,2024.0,2.0,Terça,1.0
604639.0,2024-06-02,1.0,10:20:00,RJ,101,308,SAO GONCALO,AUSÊNCIA DE REAÇÃO DO CONDUTOR,ENGAVETAMENTO,COM VÍTIMAS FERIDAS,PLENO DIA,Crescente,CÉU CLARO,DUPLA,Reta;Ponte;Declive,Não,4,0,1,0,3,0,1,3,-22.79067,-43.013334,SPRF-RJ,DEL02-RJ,UOP02-DEL02-RJ,2024,2024-02-06,10,2024.0,2.0,Terça,1.0
604694.0,2024-06-02,1.0,15:30:00,RJ,101,302,SAO GONCALO,REAÇÃO TARDIA OU INEFICIENTE DO CONDUTOR,ENGAVETAMENTO,COM VÍTIMAS FERIDAS,PLENO DIA,Crescente,CÉU CLARO,DUPLA,Reta,Não,6,0,2,0,4,0,2,4,-22.78069318,-42.96706396,SPRF-RJ,DEL02-RJ,UOP02-DEL02-RJ,2024,2024-02-06,15,2024.0,2.0,Terça,1.0
604710.0,2024-06-02,1.0,07:31:00,RJ,101,313,SAO GONCALO,AVARIAS E/OU DESGASTE EXCESSIVO NO PNEU,QUEDA DE OCUPANTE DE VEÍCULO,COM VÍTIMAS FERIDAS,PLENO DIA,Decrescente,SOL,DUPLA,Reta,Sim,2,0,1,0,1,0,1,1,-22.81049093,-43.06983304,SPRF-RJ,DEL02-RJ,UOP02-DEL02-RJ,2024,2024-02-06,7,2024.0,2.0,Terça,1.0
604728.0,2024-06-02,1.0,17:45:00,RJ,101,261,RIO BONITO,AUSÊNCIA DE REAÇÃO DO CONDUTOR,COLISÃO TRASEIRA,COM VÍTIMAS FERIDAS,PLENA NOITE,Decrescente,CÉU CLARO,DUPLA,Reta,Não,4,0,1,0,3,0,1,2,-22.71139378,-42.61157199,SPRF-RJ,DEL02-RJ,UOP03-DEL02-RJ,2024,2024-02-06,17,2024.0,2.0,Terça,1.0
604811.0,2024-06-02,1.0,20:30:00,RJ,101,304,SAO GONCALO,REAÇÃO TARDIA OU INEFICIENTE DO CONDUTOR,COLISÃO LATERAL MESMO SENTIDO,COM VÍTIMAS FERIDAS,PLENA NOITE,Crescente,CÉU CLARO,DUPLA,Reta,Sim,5,0,2,0,3,0,2,2,-22.78491869,-42.98627706,SPRF-RJ,DEL02-RJ,UOP02-DEL02-RJ,2024,2024-02-06,20,2024.0,2.0,Terça,1.0
604816.0,2024-06-02,1.0,19:30:00,RJ,101,313,SAO GONCALO,AUSÊNCIA DE REAÇÃO DO CONDUTOR,COLISÃO TRASEIRA,SEM VÍTIMAS,PLENA NOITE,Crescente,CÉU CLARO,DUPLA,Reta,Não,2,0,0,0,2,0,0,2,-22.81049093,-43.06983304,SPRF-RJ,DEL02-RJ,UOP02-DEL02-RJ,2024,2024-02-06,19,2024.0,2.0,Terça,0.0
604880.0,2024-06-03,2.0,07:10:00,RJ,101,258,RIO BONITO,DEMAIS FENÔMENOS DA NATUREZA,QUEDA DE OCUPANTE DE VEÍCULO,COM VÍTIMAS FERIDAS,AMANHECER,Crescente,CÉU CLARO,DUPLA,Reta,Não,1,0,1,0,0,0,1,1,-22.7015937,-42.58693809,SPRF-RJ,DEL02-RJ,UOP03-DEL02-RJ,2024,2024-03-06,7,2024.0,3.0,Quarta,1.0
604905.0,2024-06-03,2.0,08:45:00,RJ,101,317,SAO GONCALO,REAÇÃO TARDIA OU INEFICIENTE DO CONDUTOR,QUEDA DE OCUPANTE DE VEÍCULO,COM VÍTIMAS FERIDAS,PLENO DIA,Crescente,CÉU CLARO,DUPLA,Reta,Sim,1,0,1,0,0,0,1,1,-22.83707798,-43.09492006,SPRF-RJ,DEL02-RJ,UOP02-DEL02-RJ,2024,2024-03-06,8,2024.0,3.0,Quarta,1.0
604931.0,2024-06-03,2.0,08:15:00,RJ,101,304,SAO GONCALO,ACESSAR A VIA SEM OBSERVAR A PRESENÇA DOS OUTROS VEÍCULOS,COLISÃO TRASEIRA,COM VÍTIMAS FERIDAS,PLENO DIA,Decrescente,CÉU CLARO,DUPLA,Reta,Não,3,0,0,2,1,0,2,2,-22.78491869,-42.98627706,SPRF-RJ,DEL02-RJ,UOP02-DEL02-RJ,2024,2024-03-06,8,2024.0,3.0,Quarta,1.0
605250.0,2024-06-04,5.0,23:00:00,RJ,101,297,ITABORAI,ACUMULO DE ÓLEO SOBRE O PAVIMENTO,TOMBAMENTO,COM VÍTIMAS FERIDAS,PLENA NOITE,Crescente,CÉU CLARO,DUPLA,Reta,Sim,3,0,3,0,0,0,3,2,-22.76942037,-42.91873581,SPRF-RJ,DEL02-RJ,UOP02-DEL02-RJ,2024,2024-04-06,23,2024.0,4.0,Sábado,1.0
605384.0,2024-06-05,0.0,17:13:00,RJ,101,"318,6",SAO GONCALO,MANOBRA DE MUDANÇA DE FAIXA,COLISÃO TRASEIRA,COM VÍTIMAS FERIDAS,PLENA NOITE,Decrescente,CÉU CLARO,DUPLA,Reta,Não,2,0,1,0,1,0,1,2,-22.84562994,-43.09841211,SPRF-RJ,DEL02-RJ,UOP02-DEL02-RJ,2024,2024-05-06,17,2024.0,5.0,Segunda,1.0
605410.0,2024-06-05,0.0,19:30:00,RJ,493,1,ITABORAI,CONDUTOR DEIXOU DE MANTER DISTÂNCIA DO VEÍCULO DA FRENTE,COLISÃO TRASEIRA,COM VÍTIMAS FERIDAS,PLENA NOITE,Crescente,CÉU CLARO,DUPLA,Reta,Sim,2,0,1,0,1,0,1,2,-22.76398788,-42.92731895,SPRF-RJ,DEL02-RJ,UOP02-DEL02-RJ,2024,2024-05-06,19,2024.0,5.0,Segunda,1.0
605415.0,2024-06-05,0.0,18:00:00,RJ,101,294,ITABORAI,PEDESTRE CRUZAVA A PISTA FORA DA FAIXA,ATROPELAMENTO DE PEDESTRE,COM VÍTIMAS FATAIS,PLENA NOITE,Decrescente,CÉU CLARO,DUPLA,Reta,Sim,2,1,0,0,1,0,0,2,-22.7633247,-42.9012166,SPRF-RJ,DEL02-RJ,UOP02-DEL02-RJ,2024,2024-05-06,18,2024.0,5.0,Segunda,2.0
605474.0,2024-06-06,3.0,07:00:00,RJ,101,319,SAO GONCALO,REAÇÃO TARDIA OU INEFICIENTE DO CONDUTOR,COLISÃO LATERAL MESMO SENTIDO,COM VÍTIMAS FERIDAS,PLENO DIA,Crescente,NEVOEIRO/NEBLINA,DUPLA,Reta,Sim,3,0,2,0,1,0,2,2,-22.85411774,-43.1018014,SPRF-RJ,DEL02-RJ,UOP02-DEL02-RJ,2024,2024-06-06,7,2024.0,6.0,Quinta,1.0
605940.0,2024-06-08,1.0,07:45:00,RJ,101,293,ITABORAI,CONDUTOR DEIXOU DE MANTER DISTÂNCIA DO VEÍCULO DA FRENTE,COLISÃO TRASEIRA,COM VÍTIMAS FERIDAS,PLENO DIA,Decrescente,CÉU CLARO,DUPLA,Reta,Sim,3,0,1,0,2,0,1,2,-22.756203,-42.88724,SPRF-RJ,DEL02-RJ,UOP02-DEL02-RJ,2024,2024-08-06,7,2024.0,8.0,Terça,1.0
605959.0,2024-06-08,1.0,09:25:00,RJ,101,323,NITEROI,CONDUTOR DEIXOU DE MANTER DISTÂNCIA DO VEÍCULO DA FRENTE,COLISÃO TRASEIRA,COM VÍTIMAS FERIDAS,PLENO DIA,Decrescente,CÉU CLARO,DUPLA,Reta,Não,3,0,1,1,1,0,2,2,-22.87684786,-43.11728689,SPRF-RJ,DEL02-RJ,UOP01-DEL02-RJ,2024,2024-08-06,9,2024.0,8.0,Terça,1.0
606062.0,2024-06-08,1.0,11:28:00,RJ,101,328,NITEROI,AVARIAS E/OU DESGASTE EXCESSIVO NO PNEU,QUEDA DE OCUPANTE DE VEÍCULO,COM VÍTIMAS FERIDAS,PLENO DIA,Decrescente,CÉU CLARO,DUPLA,Reta,Não,2,0,1,0,1,0,1,1,-22.87028692,-43.16579699,SPRF-RJ,DEL02-RJ,UOP01-DEL02-RJ,2024,2024-08-06,11,2024.0,8.0,Terça,1.0
606131.0,2024-06-08,1.0,18:45:00,RJ,101,304,SAO GONCALO,PEDESTRE CRUZAVA A PISTA FORA DA FAIXA,ATROPELAMENTO DE PEDESTRE,COM VÍTIMAS FATAIS,PLENA NOITE,Decrescente,CÉU CLARO,SIMPLES,Reta,Não,3,1,0,0,2,0,0,2,-22.78491869,-42.98627706,SPRF-RJ,DEL02-RJ,UOP02-DEL02-RJ,2024,2024-08-06,18,2024.0,8.0,Terça,2.0
606407.0,2024-06-09,4.0,22:30:00,RJ,101,269,RIO BONITO,REAÇÃO TARDIA OU INEFICIENTE DO CONDUTOR,COLISÃO LATERAL MESMO SENTIDO,COM VÍTIMAS FERIDAS,PLENA NOITE,Crescente,CÉU CLARO,DUPLA,Reta,Sim,2,0,0,1,1,0,1,2,-22.71495082,-42.67804708,SPRF-RJ,DEL02-RJ,UOP03-DEL02-RJ,2024,2024-09-06,22,2024.0,9.0,Sexta,1.0
606620.0,2024-06-10,6.0,17:00:00,RJ,101,287,ITABORAI,INGESTÃO DE ÁLCOOL PELO CONDUTOR,COLISÃO TRANSVERSAL,SEM VÍTIMAS,PLENA NOITE,Crescente,CÉU CLARO,DUPLA,Reta,Sim,3,0,0,0,3,0,0,2,-22.75517486,-42.83462502,SPRF-RJ,DEL02-RJ,UOP02-DEL02-RJ,2024,2024-10-06,17,2024.0,10.0,Domingo,0.0
606762.0,2024-06-11,2.0,14:10:00,RJ,101,265,RIO BONITO,OBJETO ESTÁTICO SOBRE O LEITO CARROÇÁVEL,COLISÃO COM OBJETO,COM VÍTIMAS FERIDAS,PLENO DIA,Crescente,CÉU CLARO,DUPLA,Reta,Não,1,0,1,0,0,0,1,1,-22.71359987,-42.64391188,SPRF-RJ,DEL02-RJ,UOP03-DEL02-RJ,2024,2024-11-06,14,2024.0,11.0,Quarta,1.0
607088.0,2024-06-13,,04:00:00,RJ,101,321,NITEROI,VELOCIDADE INCOMPATÍVEL,QUEDA DE OCUPANTE DE VEÍCULO,COM VÍTIMAS FERIDAS,PLENA NOITE,Decrescente,CÉU CLARO,MÚLTIPLA,Reta,Sim,2,0,0,2,0,0,2,1,-22.86981096,-43.11046465,SPRF-RJ,DEL02-RJ,UOP01-DEL02-RJ,2024,,4,,,,1.0
607141.0,2024-06-13,,06:20:00,RJ,101,293,ITABORAI,CONDUTOR DEIXOU DE MANTER DISTÂNCIA DO VEÍCULO DA FRENTE,COLISÃO TRASEIRA,COM VÍTIMAS FERIDAS,AMANHECER,Crescente,SOL,SIMPLES,Reta,Sim,2,0,1,0,1,0,1,2,-22.756203,-42.88724,SPRF-RJ,DEL02-RJ,UOP02-DEL02-RJ,2024,,6,,,,1.0
607316.0,2024-06-15,,00:30:00,RJ,101,311,SAO GONCALO,ANIMAIS NA PISTA,ATROPELAMENTO DE ANIMAL,COM VÍTIMAS FERIDAS,PLENA NOITE,Decrescente,CÉU CLARO,SIMPLES,Reta,Sim,5,0,3,0,2,0,3,3,-22.80062246,-43.05318779,SPRF-RJ,DEL02-RJ,UOP02-DEL02-RJ,2024,,0,,,,1.0
607471.0,2024-06-14,,08:55:00,RJ,101,324,NITEROI,ACESSO IRREGULAR,TOMBAMENTO,COM VÍTIMAS FERIDAS,PLENO DIA,Decrescente,CÉU CLARO,MÚLTIPLA,Reta,Não,1,0,1,0,0,0,1,1,-22.87381074,-43.12640997,SPRF-RJ,DEL02-RJ,UOP01-DEL02-RJ,2024,,8,,,,1.0
607680.0,2024-06-15,,09:15:00,RJ,101,307,SAO GONCALO,AUSÊNCIA DE REAÇÃO DO CONDUTOR,COLISÃO TRASEIRA,COM VÍTIMAS FERIDAS,PLENO DIA,Crescente,CÉU CLARO,DUPLA,Reta,Não,1,0,1,0,0,0,1,1,-22.79115777,-43.01514205,SPRF-RJ,DEL02-RJ,UOP02-DEL02-RJ,2024,,9,,,,1.0
607776.0,2024-06-16,,00:00:00,RJ,101,320,NITEROI,AUSÊNCIA DE REAÇÃO DO CONDUTOR,COLISÃO COM OBJETO,COM VÍTIMAS FERIDAS,PLENA NOITE,Decrescente,CÉU CLARO,DUPLA,Reta,Não,1,0,0,1,0,0,1,1,-22.86171098,-43.10714015,SPRF-RJ,DEL02-RJ,UOP01-DEL02-RJ,2024,,0,,,,1.0
608033.0,2024-06-16,,22:30:00,RJ,101,325,NITEROI,DEMAIS FALHAS MECÂNICAS OU ELÉTRICAS,COLISÃO TRASEIRA,COM VÍTIMAS FERIDAS,PLENA NOITE,Decrescente,CÉU CLARO,DUPLA,Reta;Ponte,Não,4,0,2,0,2,0,2,2,-22.87292569,-43.13625699,SPRF-RJ,DEL02-RJ,UOP01-DEL02-RJ,2024,,22,,,,1.0
608406.0,2024-06-14,,16:00:00,RJ,101,318,SAO GONCALO,TRAFEGAR COM MOTOCICLETA (OU SIMILAR) ENTRE AS FAIXAS,COLISÃO LATERAL MESMO SENTIDO,COM VÍTIMAS FERIDAS,PLENO DIA,Decrescente,CÉU CLARO,DUPLA,Reta;Viaduto,Não,2,0,1,0,1,0,1,2,-22.84562994,-43.09841211,SPRF-RJ,DEL02-RJ,UOP02-DEL02-RJ,2024,,16,,,,1.0
608407.0,2024-06-18,,17:40:00,RJ,101,313,SAO GONCALO,TRAFEGAR COM MOTOCICLETA (OU SIMILAR) ENTRE AS FAIXAS,QUEDA DE OCUPANTE DE VEÍCULO,COM VÍTIMAS FERIDAS,PLENA NOITE,Decrescente,CÉU CLARO,DUPLA,Reta,Não,1,0,1,0,0,0,1,1,-22.81049093,-43.06983304,SPRF-RJ,DEL02-RJ,UOP02-DEL02-RJ,2024,,17,,,,1.0
608429.0,2024-06-18,,19:07:00,RJ,101,322,NITEROI,AUSÊNCIA DE REAÇÃO DO CONDUTOR,QUEDA DE OCUPANTE DE VEÍCULO,COM VÍTIMAS FERIDAS,PLENA NOITE,Decrescente,CÉU CLARO,DUPLA,Curva,Não,1,0,1,0,0,0,1,1,-22.878923,-43.110676,SPRF-RJ,DEL02-RJ,UOP01-DEL02-RJ,2024,,19,,,,1.0
608557.0,2024-06-19,,09:10:00,RJ,101,319,NITEROI,REAÇÃO TARDIA OU INEFICIENTE DO CONDUTOR,COLISÃO LATERAL MESMO SENTIDO,COM VÍTIMAS FERIDAS,PLENO DIA,Decrescente,CÉU CLARO,SIMPLES,Reta,Sim,2,0,1,0,0,1,1,2,-22.85411774,-43.1018014,SPRF-RJ,DEL02-RJ,UOP02-DEL02-RJ,2024,,9,,,,1.0
608590.0,2024-06-19,,09:20:00,RJ,101,293,ITABORAI,AUSÊNCIA DE REAÇÃO DO CONDUTOR,COLISÃO TRASEIRA,COM VÍTIMAS FERIDAS,PLENO DIA,Decrescente,CÉU CLARO,DUPLA,Reta,Não,2,0,1,0,1,0,1,2,-22.756203,-42.88724,SPRF-RJ,DEL02-RJ,UOP02-DEL02-RJ,2024,,9,,,,1.0
608656.0,2024-06-03,2.0,19:20:00,RJ,101,322,NITEROI,TRAFEGAR COM MOTOCICLETA (OU SIMILAR) ENTRE AS FAIXAS,COLISÃO TRANSVERSAL,COM VÍTIMAS FERIDAS,PLENA NOITE,Decrescente,CÉU CLARO,DUPLA,Reta,Sim,3,0,2,0,1,0,2,2,-22.878923,-43.110676,SPRF-RJ,DEL02-RJ,UOP01-DEL02-RJ,2024,2024-03-06,19,2024.0,3.0,Quarta,1.0