id,data_inversa,dia_semana,horario,uf,br,km,municipio,causa_acidente,tipo_acidente,classificacao_acidente,fase_dia,sentido_via,condicao_metereologica,tipo_pista,tracado_via,uso_solo,pessoas,mortos,feridos_leves,feridos_graves,ilesos,ignorados,feridos,veiculos,latitude,longitude,regional,delegacia,uop,ano_arquivo,data,hora,ano,mes,dia_semana_nome,gravidade
608829.0,2024-06-20,,18:00:00,RJ,101,313,SAO GONCALO,DEMAIS FALHAS MECÂNICAS OU ELÉTRICAS,QUEDA DE OCUPANTE DE VEÍCULO,COM VÍTIMAS FERIDAS,PLENA NOITE,Decrescente,CÉU CLARO,DUPLA,Reta,Sim,2,0,1,0,1,0,1,1,-22.81049093,-43.06983304,SPRF-RJ,DEL02-RJ,UOP02-DEL02-RJ,2024,,18,,,,1.0
608895.0,2024-06-20,,22:20:00,RJ,101,323,NITEROI,DEMAIS FALHAS MECÂNICAS OU ELÉTRICAS,QUEDA DE OCUPANTE DE VEÍCULO,COM VÍTIMAS FERIDAS,PLENA NOITE,Decrescente,CÉU CLARO,DUPLA,Reta;Ponte,Não,2,0,2,0,0,0,2,1,-22.87684786,-43.11728689,SPRF-RJ,DEL02-RJ,UOP01-DEL02-RJ,2024,,22,,,,1.0
609062.0,2024-06-21,,16:15:00,RJ,101,325,NITEROI,REAÇÃO TARDIA OU INEFICIENTE DO CONDUTOR,COLISÃO TRASEIRA,COM VÍTIMAS FERIDAS,PLENO DIA,Crescente,CÉU CLARO,MÚLTIPLA,Reta;Ponte,Não,3,0,0,3,0,0,3,2,-22.87292569,-43.13625699,SPRF-RJ,DEL02-RJ,UOP01-DEL02-RJ,2024,,16,,,,1.0
609093.0,2024-06-21,,21:00:00,RJ,101,318,SAO GONCALO,AUSÊNCIA DE REAÇÃO DO CONDUTOR,COLISÃO LATERAL MESMO SENTIDO,COM VÍTIMAS FERIDAS,PLENA NOITE,Decrescente,CÉU CLARO,DUPLA,Reta,Não,3,0,1,0,2,0,1,3,-22.84562994,-43.09841211,SPRF-RJ,DEL02-RJ,UOP02-DEL02-RJ,2024,,21,,,,1.0
609097.0,2024-06-21,,18:20:00,RJ,101,322,NITEROI,MANOBRA DE MUDANÇA DE FAIXA,COLISÃO LATERAL MESMO SENTIDO,COM VÍTIMAS FERIDAS,PLENA NOITE,Decrescente,CÉU CLARO,MÚLTIPLA,Reta,Sim,2,0,1,0,1,0,1,2,-22.878923,-43.110676,SPRF-RJ,DEL02-RJ,UOP01-DEL02-RJ,2024,,18,,,,1.0
609178.0,2024-06-22,,06:45:00,RJ,101,324,NITEROI,INGESTÃO DE ÁLCOOL PELO CONDUTOR,COLISÃO TRASEIRA,COM VÍTIMAS FERIDAS,PLENO DIA,Decrescente,NUBLADO,DUPLA,Reta,Sim,6,0,2,0,4,0,2,2,-22.87381074,-43.12640997,SPRF-RJ,DEL02-RJ,UOP01-DEL02-RJ,2024,,6,,,,1.0
609304.0,2024-06-22,,12:30:00,RJ,101,295,ITABORAI,TRAFEGAR COM MOTOCICLETA (OU SIMILAR) ENTRE AS FAIXAS,COLISÃO LATERAL MESMO SENTIDO,COM VÍTIMAS FERIDAS,PLENO DIA,Decrescente,CÉU CLARO,DUPLA,Reta,Sim,2,0,1,0,1,0,1,2,-22.76365068,-42.90223623,SPRF-RJ,DEL02-RJ,UOP02-DEL02-RJ,2024,,12,,,,1.0
609309.0,2024-06-22,,18:20:00,RJ,101,269,RIO BONITO,ACESSAR A VIA SEM OBSERVAR A PRESENÇA DOS OUTROS VEÍCULOS,COLISÃO TRANSVERSAL,COM VÍTIMAS FERIDAS,PLENA NOITE,Crescente,IGNORADO,DUPLA,Reta,Não,2,0,0,1,1,0,1,2,-22.71495082,-42.67804708,SPRF-RJ,DEL02-RJ,UOP03-DEL02-RJ,2024,,18,,,,1.0
609311.0,2024-06-22,,09:00:00,RJ,101,322,NITEROI,CONDUTOR DEIXOU DE MANTER DISTÂNCIA DO VEÍCULO DA FRENTE,COLISÃO TRASEIRA,COM VÍTIMAS FERIDAS,PLENO DIA,Decrescente,CÉU CLARO,DUPLA,Reta,Não,2,0,1,0,1,0,1,2,-22.878923,-43.110676,SPRF-RJ,DEL02-RJ,UOP01-DEL02-RJ,2024,,9,,,,1.0
609577.0,2024-06-23,,20:23:00,RJ,101,265,RIO BONITO,VELOCIDADE INCOMPATÍVEL,ENGAVETAMENTO,SEM VÍTIMAS,PLENA NOITE,Crescente,CÉU CLARO,DUPLA,Curva,Sim,3,0,0,0,3,0,0,3,-22.71359987,-42.64391188,SPRF-RJ,DEL02-RJ,UOP03-DEL02-RJ,2024,,20,,,,0.0
609630.0,2024-06-24,,00:20:00,RJ,101,303,SAO GONCALO,INGESTÃO DE ÁLCOOL PELO CONDUTOR,COLISÃO COM OBJETO,COM VÍTIMAS FERIDAS,PLENA NOITE,Decrescente,CÉU CLARO,DUPLA,Curva,Sim,2,0,1,0,1,0,1,1,-22.7828205,-42.9766681,SPRF-RJ,DEL02-RJ,UOP02-DEL02-RJ,2024,,0,,,,1.0
609920.0,2024-06-25,,07:40:00,RJ,101,325,NITEROI,TRAFEGAR COM MOTOCICLETA (OU SIMILAR) ENTRE AS FAIXAS,COLISÃO TRASEIRA,COM VÍTIMAS FERIDAS,PLENO DIA,Crescente,CÉU CLARO,MÚLTIPLA,Reta;Ponte,Não,3,0,1,0,2,0,1,2,-22.87292569,-43.13625699,SPRF-RJ,DEL02-RJ,UOP01-DEL02-RJ,2024,,7,,,,1.0
610047.0,2024-06-25,,20:40:00,RJ,101,325,NITEROI,AUSÊNCIA DE REAÇÃO DO CONDUTOR,COLISÃO TRASEIRA,COM VÍTIMAS FERIDAS,PLENA NOITE,Decrescente,CÉU CLARO,MÚLTIPLA,Reta,Não,3,0,2,0,0,1,2,2,-22.87292569,-43.13625699,SPRF-RJ,DEL02-RJ,UOP01-DEL02-RJ,2024,,20,,,,1.0
610085.0,2024-06-22,,18:50:00,RJ,101,319,NITEROI,REAÇÃO TARDIA OU INEFICIENTE DO CONDUTOR,COLISÃO COM OBJETO,COM VÍTIMAS FERIDAS,PLENA NOITE,Decrescente,CÉU CLARO,DUPLA,Curva,Não,1,0,1,0,0,0,1,1,-22.85411774,-43.1018014,SPRF-RJ,DEL02-RJ,UOP02-DEL02-RJ,2024,,18,,,,1.0
610133.0,2024-06-26,,08:30:00,RJ,493,1,ITABORAI,PEDESTRE CRUZAVA A PISTA FORA DA FAIXA,ATROPELAMENTO DE PEDESTRE,COM VÍTIMAS FERIDAS,PLENO DIA,Decrescente,CÉU CLARO,DUPLA,Reta,Não,3,0,3,0,0,0,3,2,-22.76398788,-42.92731895,SPRF-RJ,DEL02-RJ,UOP02-DEL02-RJ,2024,,8,,,,1.0
610484.0,2024-06-27,,22:10:00,RJ,101,324,NITEROI,AUSÊNCIA DE REAÇÃO DO CONDUTOR,COLISÃO TRASEIRA,COM VÍTIMAS FERIDAS,PLENA NOITE,Decrescente,CÉU CLARO,DUPLA,Reta;Ponte,Sim,2,0,1,0,1,0,1,2,-22.87381074,-43.12640997,SPRF-RJ,DEL02-RJ,UOP01-DEL02-RJ,2024,,22,,,,1.0
610658.0,2024-06-28,,19:00:00,RJ,101,313,SAO GONCALO,REAÇÃO TARDIA OU INEFICIENTE DO CONDUTOR,COLISÃO LATERAL MESMO SENTIDO,COM VÍTIMAS FERIDAS,PLENA NOITE,Decrescente,CÉU CLARO,DUPLA,Reta,Sim,2,0,1,0,1,0,1,2,-22.81049093,-43.06983304,SPRF-RJ,DEL02-RJ,UOP02-DEL02-RJ,2024,,19,,,,1.0
610672.0,2024-06-24,,02:50:00,RJ,101,306,SAO GONCALO,REAÇÃO TARDIA OU INEFICIENTE DO CONDUTOR,SAÍDA DE LEITO CARROÇÁVEL,COM VÍTIMAS FERIDAS,PLENA NOITE,Crescente,CÉU CLARO,DUPLA,Reta,Sim,1,0,1,0,0,0,1,1,-22.78913759,-43.00550909,SPRF-RJ,DEL02-RJ,UOP02-DEL02-RJ,2024,,2,,,,1.0
610763.0,2024-06-29,,08:15:00,RJ,101,307,SAO GONCALO,REAÇÃO TARDIA OU INEFICIENTE DO CONDUTOR,COLISÃO COM OBJETO,COM VÍTIMAS FERIDAS,PLENO DIA,Decrescente,CÉU CLARO,DUPLA,Reta,Sim,1,0,1,0,0,0,1,1,-22.79115777,-43.01514205,SPRF-RJ,DEL02-RJ,UOP02-DEL02-RJ,2024,,8,,,,1.0
610885.0,2024-06-29,,16:10:00,RJ,493,"0,8",ITABORAI,PEDESTRE ANDAVA NA PISTA,ATROPELAMENTO DE PEDESTRE,COM VÍTIMAS FERIDAS,PLENO DIA,Crescente,CÉU CLARO,SIMPLES,Reta,Sim,2,0,1,0,1,0,1,2,-22.77062,-42.92223,SPRF-RJ,DEL02-RJ,UOP02-DEL02-RJ,2024,,16,,,,1.0
610944.0,2024-06-29,,23:30:00,RJ,101,271,RIO BONITO,DEMAIS FENÔMENOS DA NATUREZA,COLISÃO COM OBJETO,COM VÍTIMAS FERIDAS,PLENA NOITE,Decrescente,CHUVA,DUPLA,Reta,Não,12,0,8,0,4,0,8,4,-22.72443147,-42.69368143,SPRF-RJ,DEL02-RJ,UOP03-DEL02-RJ,2024,,23,,,,1.0
610952.0,2024-06-29,,23:20:00,RJ,493,"0,3",ITABORAI,INGESTÃO DE ÁLCOOL PELO CONDUTOR,COLISÃO FRONTAL,SEM VÍTIMAS,PLENA NOITE,Crescente,CHUVA,SIMPLES,Curva,Sim,2,0,0,0,2,0,0,2,-22.77062,-42.92223,SPRF-RJ,DEL02-RJ,UOP02-DEL02-RJ,2024,,23,,,,0.0
611023.0,2024-06-30,,10:30:00,RJ,101,319,SAO GONCALO,CHUVA,TOMBAMENTO,COM VÍTIMAS FERIDAS,PLENO DIA,Decrescente,CHUVA,DUPLA,Reta,Não,2,0,2,0,0,0,2,1,-22.85411774,-43.1018014,SPRF-RJ,DEL02-RJ,UOP02-DEL02-RJ,2024,,10,,,,1.0
611030.0,2024-06-30,,12:00:00,RJ,101,306,SAO GONCALO,CONDUTOR DEIXOU DE MANTER DISTÂNCIA DO VEÍCULO DA FRENTE,COLISÃO TRASEIRA,COM VÍTIMAS FERIDAS,PLENO DIA,Crescente,GAROA/CHUVISCO,DUPLA,Reta,Não,6,0,1,0,5,0,1,2,-22.78913759,-43.00550909,SPRF-RJ,DEL02-RJ,UOP02-DEL02-RJ,2024,,12,,,,1.0
611084.0,2024-06-30,,07:53:00,RJ,101,327,NITEROI,MANOBRA DE MUDANÇA DE FAIXA,COLISÃO TRASEIRA,COM VÍTIMAS FERIDAS,PLENO DIA,Decrescente,NUBLADO,DUPLA,Reta,Não,6,0,1,2,3,0,3,2,-22.87117393,-43.15595099,SPRF-RJ,DEL02-RJ,UOP01-DEL02-RJ,2024,,7,,,,1.0
611087.0,2024-06-30,,17:10:00,RJ,101,267,RIO BONITO,CHUVA,TOMBAMENTO,COM VÍTIMAS FERIDAS,PLENA NOITE,Crescente,CHUVA,DUPLA,Reta,Não,1,0,1,0,0,0,1,1,-22.70728329,-42.66059086,SPRF-RJ,DEL02-RJ,UOP03-DEL02-RJ,2024,,17,,,,1.0
611405.0,2024-06-27,,22:00:00,RJ,493,1,ITABORAI,CONVERSÃO PROIBIDA,COLISÃO TRANSVERSAL,COM VÍTIMAS FERIDAS,PLENA NOITE,Decrescente,CÉU CLARO,DUPLA,Reta,Sim,3,0,2,0,1,0,2,2,-22.76398788,-42.92731895,SPRF-RJ,DEL02-RJ,UOP02-DEL02-RJ,2024,,22,,,,1.0
611470.0,2024-07-02,2.0,10:45:00,RJ,101,322,NITEROI,MANOBRA DE MUDANÇA DE FAIXA,COLISÃO LATERAL MESMO SENTIDO,COM VÍTIMAS FERIDAS,PLENO DIA,Crescente,CÉU CLARO,DUPLA,Curva,Sim,2,0,1,0,1,0,1,2,-22.878923,-43.110676,SPRF-RJ,DEL02-RJ,UOP01-DEL02-RJ,2024,2024-02-07,10,2024.0,2.0,Quarta,1.0
611488.0,2024-07-02,2.0,13:15:00,RJ,101,309,SAO GONCALO,ENTRADA INOPINADA DO PEDESTRE,ATROPELAMENTO DE PEDESTRE,COM VÍTIMAS FERIDAS,PLENO DIA,Decrescente,CÉU CLARO,DUPLA,Reta,Sim,2,0,1,0,1,0,1,2,-22.79498873,-43.03446105,SPRF-RJ,DEL02-RJ,UOP02-DEL02-RJ,2024,2024-02-07,13,2024.0,2.0,Quarta,1.0
611585.0,2024-07-02,2.0,18:50:00,RJ,101,317,SAO GONCALO,MANOBRA DE MUDANÇA DE FAIXA,COLISÃO LATERAL MESMO SENTIDO,COM VÍTIMAS FERIDAS,PLENA NOITE,Decrescente,CÉU CLARO,DUPLA,Reta,Não,2,0,1,0,1,0,1,2,-22.83707798,-43.09492006,SPRF-RJ,DEL02-RJ,UOP02-DEL02-RJ,2024,2024-02-07,18,2024.0,2.0,Quarta,1.0
612115.0,2024-07-05,1.0,07:00:00,RJ,101,314,SAO GONCALO,TRANSITAR NO ACOSTAMENTO,COLISÃO LATERAL SENTIDO OPOSTO,COM VÍTIMAS FERIDAS,PLENO DIA,Decrescente,CÉU CLARO,DUPLA,Reta,Sim,2,0,1,0,0,1,1,2,-22.81648739,-43.07728467,SPRF-RJ,DEL02-RJ,UOP02-DEL02-RJ,2024,2024-05-07,7,2024.0,5.0,Terça,1.0
612144.0,2024-07-05,1.0,09:10:00,RJ,101,296,ITABORAI,CONDUTOR DEIXOU DE MANTER DISTÂNCIA DO VEÍCULO DA FRENTE,COLISÃO TRASEIRA,COM VÍTIMAS FERIDAS,PLENO DIA,Crescente,CÉU CLARO,DUPLA,Reta,Não,2,0,1,0,1,0,1,2,-22.76731776,-42.91311264,SPRF-RJ,DEL02-RJ,UOP02-DEL02-RJ,2024,2024-05-07,9,2024.0,5.0,Terça,1.0
612605.0,2024-07-06,4.0,22:30:00,RJ,101,306,SAO GONCALO,AUSÊNCIA DE REAÇÃO DO CONDUTOR,QUEDA DE OCUPANTE DE VEÍCULO,COM VÍTIMAS FERIDAS,PLENA NOITE,Crescente,NUBLADO,DUPLA,Reta,Sim,1,0,1,0,0,0,1,1,-22.78913759,-43.00550909,SPRF-RJ,DEL02-RJ,UOP02-DEL02-RJ,2024,2024-06-07,22,2024.0,6.0,Sexta,1.0
612798.0,2024-07-07,6.0,16:10:00,RJ,101,309,SAO GONCALO,CONDUTOR DEIXOU DE MANTER DISTÂNCIA DO VEÍCULO DA FRENTE,COLISÃO TRASEIRA,COM VÍTIMAS FERIDAS,PLENO DIA,Crescente,CÉU CLARO,DUPLA,Reta,Sim,3,0,2,0,1,0,2,2,-22.79498873,-43.03446105,SPRF-RJ,DEL02-RJ,UOP02-DEL02-RJ,2024,2024-07-07,16,2024.0,7.0,Domingo,1.0
612936.0,2024-07-04,6.0,19:40:00,RJ,101,313,SAO GONCALO,AUSÊNCIA DE REAÇÃO DO CONDUTOR,COLISÃO TRASEIRA,COM VÍTIMAS FERIDAS,ANOITECER,Decrescente,CÉU CLARO,DUPLA,Reta,Não,4,0,1,0,3,0,1,2,-22.81049093,-43.06983304,SPRF-RJ,DEL02-RJ,UOP02-DEL02-RJ,2024,2024-04-07,19,2024.0,4.0,Domingo,1.0
613093.0,2024-07-08,2.0,19:40:00,RJ,101,270,RIO BONITO,VELOCIDADE INCOMPATÍVEL,COLISÃO TRASEIRA,COM VÍTIMAS FERIDAS,PLENA NOITE,Decrescente,CÉU CLARO,DUPLA,Reta,Sim,2,0,0,1,1,0,1,2,-22.720229,-42.690406,SPRF-RJ,DEL02-RJ,UOP03-DEL02-RJ,2024,2024-08-07,19,2024.0,8.0,Quarta,1.0
613183.0,2024-07-09,5.0,08:20:00,RJ,101,323,NITEROI,AVARIAS E/OU DESGASTE EXCESSIVO NO PNEU,TOMBAMENTO,COM VÍTIMAS FERIDAS,PLENO DIA,Crescente,NUBLADO,SIMPLES,Reta;Ponte,Sim,2,0,2,0,0,0,2,1,-22.87684786,-43.11728689,SPRF-RJ,DEL02-RJ,UOP01-DEL02-RJ,2024,2024-09-07,8,2024.0,9.0,Sábado,1.0
613440.0,2024-07-10,0.0,10:20:00,RJ,101,304,SAO GONCALO,CONDUTOR DEIXOU DE MANTER DISTÂNCIA DO VEÍCULO DA FRENTE,COLISÃO TRASEIRA,COM VÍTIMAS FERIDAS,PLENO DIA,Decrescente,NUBLADO,DUPLA,Reta,Sim,2,0,1,0,1,0,1,2,-22.78491869,-42.98627706,SPRF-RJ,DEL02-RJ,UOP02-DEL02-RJ,2024,2024-10-07,10,2024.0,10.0,Segunda,1.0
613490.0,2024-06-24,,15:00:00,RJ,101,297,ITABORAI,CONDUTOR DEIXOU DE MANTER DISTÂNCIA DO VEÍCULO DA FRENTE,COLISÃO LATERAL MESMO SENTIDO,COM VÍTIMAS FERIDAS,PLENO DIA,Decrescente,CÉU CLARO,DUPLA,Reta,Sim,3,0,1,0,2,0,1,3,-22.76942037,-42.91873581,SPRF-RJ,DEL02-RJ,UOP02-DEL02-RJ,2024,,15,,,,1.0
613492.0,2024-07-10,0.0,10:30:00,RJ,101,325,NITEROI,AVARIAS E/OU DESGASTE EXCESSIVO NO PNEU,QUEDA DE OCUPANTE DE VEÍCULO,SEM VÍTIMAS,PLENO DIA,Crescente,CÉU CLARO,DUPLA,Reta,Sim,2,0,0,0,2,0,0,1,-22.87292569,-43.13625699,SPRF-RJ,DEL02-RJ,UOP01-DEL02-RJ,2024,2024-10-07,10,2024.0,10.0,Segunda,0.0
613575.0,2024-07-10,0.0,10:35:00,RJ,101,322,NITEROI,CONVERSÃO PROIBIDA,COLISÃO TRASEIRA,COM VÍTIMAS FERIDAS,PLENO DIA,Crescente,CÉU CLARO,MÚLTIPLA,Reta,Sim,2,0,1,0,1,0,1,2,-22.878923,-43.110676,SPRF-RJ,DEL02-RJ,UOP01-DEL02-RJ,2024,2024-10-07,10,2024.0,10.0,Segunda,1.0
613601.0,2024-07-11,3.0,05:28:00,RJ,101,270,RIO BONITO,DEMAIS FALHAS MECÂNICAS OU ELÉTRICAS,QUEDA DE OCUPANTE DE VEÍCULO,COM VÍTIMAS FERIDAS,PLENA NOITE,Crescente,CÉU CLARO,DUPLA,Curva,Sim,1,0,1,0,0,0,1,1,-22.72223833,-42.69287109,SPRF-RJ,DEL02-RJ,UOP03-DEL02-RJ,2024,2024-11-07,5,2024.0,11.0,Quinta,1.0
613799.0,2024-07-11,3.0,18:40:00,RJ,101,319,NITEROI,AUSÊNCIA DE REAÇÃO DO CONDUTOR,COLISÃO TRASEIRA,COM VÍTIMAS FERIDAS,PLENA NOITE,Decrescente,NUBLADO,MÚLTIPLA,Reta,Não,2,0,1,0,1,0,1,2,-22.85411774,-43.1018014,SPRF-RJ,DEL02-RJ,UOP02-DEL02-RJ,2024,2024-11-07,18,2024.0,11.0,Quinta,1.0
614040.0,2024-07-12,5.0,19:40:00,RJ,101,319,NITEROI,AUSÊNCIA DE REAÇÃO DO CONDUTOR,COLISÃO LATERAL MESMO SENTIDO,COM VÍTIMAS FERIDAS,PLENA NOITE,Decrescente,CÉU CLARO,DUPLA,Reta,Não,2,0,1,0,1,0,1,2,-22.85411774,-43.1018014,SPRF-RJ,DEL02-RJ,UOP02-DEL02-RJ,2024,2024-12-07,19,2024.0,12.0,Sábado,1.0
614309.0,2024-07-02,2.0,14:00:00,RJ,101,317,SAO GONCALO,CONDUTOR DEIXOU DE MANTER DISTÂNCIA DO VEÍCULO DA FRENTE,COLISÃO TRASEIRA,SEM VÍTIMAS,PLENO DIA,Crescente,SOL,DUPLA,Reta,Sim,2,0,0,0,2,0,0,2,-22.83707798,-43.09492006,SPRF-RJ,DEL02-RJ,UOP02-DEL02-RJ,2024,2024-02-07,14,2024.0,2.0,Quarta,0.0
614465.0,2024-07-14,,18:30:00,RJ,101,259,RIO BONITO,CONDUTOR DEIXOU DE MANTER DISTÂNCIA DO VEÍCULO DA FRENTE,COLISÃO TRASEIRA,COM VÍTIMAS FERIDAS,PLENA NOITE,Crescente,CÉU CLARO,DUPLA,Reta,Sim,4,0,2,0,2,0,2,2,-22.70382012,-42.59637797,SPRF-RJ,DEL02-RJ,UOP03-DEL02-RJ,2024,,18,,,,1.0
614561.0,2024-07-15,,07:00:00,RJ,101,319,SAO GONCALO,CONDUTOR DEIXOU DE MANTER DISTÂNCIA DO VEÍCULO DA FRENTE,COLISÃO TRASEIRA,COM VÍTIMAS FERIDAS,PLENO DIA,Crescente,NUBLADO,DUPLA,Reta,Sim,2,0,0,1,1,0,1,2,-22.85355647,-43.10168266,SPRF-RJ,DEL02-RJ,UOP02-DEL02-RJ,2024,,7,,,,1.0
614620.0,2024-07-15,,11:10:00,RJ,101,322,NITEROI,TRANSITAR NA CONTRAMÃO,COLISÃO FRONTAL,COM VÍTIMAS FERIDAS,PLENO DIA,Crescente,NUBLADO,MÚLTIPLA,Reta,Não,2,0,1,0,0,1,1,2,-22.878923,-43.110676,SPRF-RJ,DEL02-RJ,UOP01-DEL02-RJ,2024,,11,,,,1.0
614851.0,2024-07-16,,07:40:00,RJ,101,309,SAO GONCALO,ULTRAPASSAGEM INDEVIDA,COLISÃO LATERAL MESMO SENTIDO,COM VÍTIMAS FERIDAS,PLENO DIA,Crescente,NUBLADO,DUPLA,Reta,Sim,1,0,1,0,0,0,1,1,-22.79498873,-43.03446105,SPRF-RJ,DEL02-RJ,UOP02-DEL02-RJ,2024,,7,,,,1.0
614867.0,2024-07-16,,14:40:00,RJ,101,"304,5",SAO GONCALO,PEDESTRE CRUZAVA A PISTA FORA DA FAIXA,ATROPELAMENTO DE PEDESTRE,COM VÍTIMAS FATAIS,PLENO DIA,Crescente,CÉU CLARO,DUPLA,Reta,Não,2,1,0,0,1,0,0,2,-22.78491869,-42.98627706,SPRF-RJ,DEL02-RJ,UOP02-DEL02-RJ,2024,,14,,,,2.0
615058.0,2024-07-17,,16:30:00,RJ,101,296,ITABORAI,AUSÊNCIA DE REAÇÃO DO CONDUTOR,COLISÃO TRASEIRA,COM VÍTIMAS FERIDAS,PLENO DIA,Crescente,CÉU CLARO,DUPLA,Reta,Não,3,0,1,0,2,0,1,2,-22.7670498,-42.91019601,SPRF-RJ,DEL02-RJ,UOP02-DEL02-RJ,2024,,16,,,,1.0
615065.0,2024-07-13,,19:00:00,RJ,101,295,ITABORAI,AUSÊNCIA DE REAÇÃO DO CONDUTOR,COLISÃO TRASEIRA,COM VÍTIMAS FERIDAS,PLENA NOITE,Crescente,CÉU CLARO,DUPLA,Reta,Sim,7,0,1,0,6,0,1,2,-22.76365068,-42.90223623,SPRF-RJ,DEL02-RJ,UOP02-DEL02-RJ,2024,,19,,,,1.0
615151.0,2024-07-18,,01:40:00,RJ,101,268,RIO BONITO,REAÇÃO TARDIA OU INEFICIENTE DO CONDUTOR,CAPOTAMENTO,COM VÍTIMAS FERIDAS,PLENA NOITE,Crescente,NEVOEIRO/NEBLINA,DUPLA,Reta,Não,2,0,1,0,1,0,1,1,-22.7112997,-42.66922613,SPRF-RJ,DEL02-RJ,UOP03-DEL02-RJ,2024,,1,,,,1.0
615212.0,2024-07-18,,08:45:00,RJ,101,311,SAO GONCALO,MANOBRA DE MUDANÇA DE FAIXA,ATROPELAMENTO DE PEDESTRE,COM VÍTIMAS FERIDAS,PLENO DIA,Crescente,CÉU CLARO,DUPLA,Reta,Sim,2,0,1,0,1,0,1,2,-22.80062246,-43.05318779,SPRF-RJ,DEL02-RJ,UOP02-DEL02-RJ,2024,,8,,,,1.0
615426.0,2024-07-19,,07:05:00,RJ,101,322,NITEROI,MANOBRA DE MUDANÇA DE FAIXA,COLISÃO LATERAL MESMO SENTIDO,COM VÍTIMAS FERIDAS,PLENO DIA,Decrescente,CÉU CLARO,MÚLTIPLA,Reta,Sim,2,0,1,0,1,0,1,2,-22.878923,-43.110676,SPRF-RJ,DEL02-RJ,UOP01-DEL02-RJ,2024,,7,,,,1.0
615567.0,2024-07-19,,19:20:00,RJ,101,255,RIO BONITO,ANIMAIS NA PISTA,SAÍDA DE LEITO CARROÇÁVEL,COM VÍTIMAS FERIDAS,PLENA NOITE,Crescente,CÉU CLARO,DUPLA,Reta,Não,2,0,1,0,1,0,1,1,-22.69421578,-42.55904705,SPRF-RJ,DEL02-RJ,UOP03-DEL02-RJ,2024,,19,,,,1.0
615685.0,2024-07-20,,10:30:00,RJ,101,306,SAO GONCALO,REAÇÃO TARDIA OU INEFICIENTE DO CONDUTOR,COLISÃO TRASEIRA,COM VÍTIMAS FERIDAS,PLENO DIA,Decrescente,CÉU CLARO,DUPLA,Reta,Sim,3,0,2,0,0,1,2,2,-22.78913759,-43.00550909,SPRF-RJ,DEL02-RJ,UOP02-DEL02-RJ,2024,,10,,,,1.0
615767.0,2024-07-20,,18:30:00,RJ,101,285,ITABORAI,AUSÊNCIA DE SINALIZAÇÃO,COLISÃO COM OBJETO,SEM VÍTIMAS,PLENA NOITE,Crescente,CÉU CLARO,DUPLA,Reta,Não,2,0,0,0,1,1,0,2,-22.7498742,-42.81644087,SPRF-RJ,DEL02-RJ,UOP02-DEL02-RJ,2024,,18,,,,0.0
615795.0,2024-07-20,,16:50:00,RJ,101,312,SAO GONCALO,ENTRADA INOPINADA DO PEDESTRE,ATROPELAMENTO DE PEDESTRE,COM VÍTIMAS FATAIS,ANOITECER,Crescente,SOL,DUPLA,Reta,Não,2,1,0,0,1,0,0,2,-22.80546555,-43.06156967,SPRF-RJ,DEL02-RJ,UOP02-DEL02-RJ,2024,,16,,,,2.0
615843.0,2024-07-21,,01:50:00,RJ,493,3,ITABORAI,AUSÊNCIA DE REAÇÃO DO CONDUTOR,COLISÃO COM OBJETO,COM VÍTIMAS FERIDAS,PLENA NOITE,Crescente,CÉU CLARO,DUPLA,Declive;Reta,Não,1,0,1,0,0,0,1,1,-22.7525329,-42.94160092,SPRF-RJ,DEL02-RJ,UOP02-DEL02-RJ,2024,,1,,,,1.0
615978.0,2024-07-17,,17:50:00,RJ,101,318,SAO GONCALO,ACESSAR A VIA SEM OBSERVAR A PRESENÇA DOS OUTROS VEÍCULOS,COLISÃO LATERAL MESMO SENTIDO,COM VÍTIMAS FERIDAS,ANOITECER,Decrescente,CÉU CLARO,DUPLA,Reta,Sim,2,0,2,0,0,0,2,2,-22.84562994,-43.09841211,SPRF-RJ,DEL02-RJ,UOP02-DEL02-RJ,2024,,17,,,,1.0
615997.0,2024-07-21,,18:50:00,RJ,101,326,NITEROI,DEMAIS FALHAS MECÂNICAS OU ELÉTRICAS,TOMBAMENTO,COM VÍTIMAS FERIDAS,PLENA NOITE,Decrescente,CÉU CLARO,SIMPLES,Reta;Ponte,Sim,2,0,2,0,0,0,2,1,-22.871564,-43.1151746,SPRF-RJ,DEL02-RJ,UOP01-DEL02-RJ,2024,,18,,,,1.0
616015.0,2024-07-21,,20:10:00,RJ,101,308,SAO GONCALO,AVARIAS E/OU DESGASTE EXCESSIVO NO PNEU,QUEDA DE OCUPANTE DE VEÍCULO,COM VÍTIMAS FERIDAS,PLENA NOITE,Decrescente,CÉU CLARO,DUPLA,Reta,Sim,2,0,1,0,1,0,1,1,-22.79309326,-43.02479595,SPRF-RJ,DEL02-RJ,UOP02-DEL02-RJ,2024,,20,,,,1.0
616177.0,2024-07-22,,13:10:00,RJ,101,309,SAO GONCALO,VELOCIDADE INCOMPATÍVEL,COLISÃO COM OBJETO,SEM VÍTIMAS,PLENO DIA,Decrescente,CÉU CLARO,DUPLA,Reta,Não,1,0,0,0,0,1,0,1,-22.79498873,-43.03446105,SPRF-RJ,DEL02-RJ,UOP02-DEL02-RJ,2024,,13,,,,0.0