id,data_inversa,dia_semana,horario,uf,br,km,municipio,causa_acidente,tipo_acidente,classificacao_acidente,fase_dia,sentido_via,condicao_metereologica,tipo_pista,tracado_via,uso_solo,pessoas,mortos,feridos_leves,feridos_graves,ilesos,ignorados,feridos,veiculos,latitude,longitude,regional,delegacia,uop,ano_arquivo,data,hora,ano,mes,dia_semana_nome,gravidade
633203.0,2024-10-07,2.0,08:30:00,RJ,101,302,SAO GONCALO,CONDUTOR DEIXOU DE MANTER DISTÂNCIA DO VEÍCULO DA FRENTE,COLISÃO TRASEIRA,COM VÍTIMAS FERIDAS,PLENO DIA,Crescente,SOL,DUPLA,Reta,Não,2,0,1,0,1,0,1,2,-22.78069318,-42.96706396,SPRF-RJ,DEL02-RJ,UOP02-DEL02-RJ,2024,2024-07-10,8,2024.0,7.0,Quarta,1.0
633550.0,2024-10-08,5.0,19:30:00,RJ,101,323,NITEROI,AUSÊNCIA DE REAÇÃO DO CONDUTOR,QUEDA DE OCUPANTE DE VEÍCULO,COM VÍTIMAS FERIDAS,PLENA NOITE,Decrescente,CÉU CLARO,MÚLTIPLA,Reta,Não,1,0,1,0,0,0,1,1,-22.87684786,-43.11728689,SPRF-RJ,DEL02-RJ,UOP01-DEL02-RJ,2024,2024-08-10,19,2024.0,8.0,Sábado,1.0
633588.0,2024-10-05,4.0,20:30:00,RJ,493,1,ITABORAI,ACESSAR A VIA SEM OBSERVAR A PRESENÇA DOS OUTROS VEÍCULOS,COLISÃO FRONTAL,COM VÍTIMAS FERIDAS,PLENA NOITE,Crescente,CÉU CLARO,SIMPLES,Curva,Não,3,0,2,1,0,0,3,2,-22.76398788,-42.92731895,SPRF-RJ,DEL02-RJ,UOP02-DEL02-RJ,2024,2024-05-10,20,2024.0,5.0,Sexta,1.0
633635.0,2024-10-09,1.0,09:40:00,RJ,101,297,ITABORAI,AUSÊNCIA DE REAÇÃO DO CONDUTOR,COLISÃO TRASEIRA,COM VÍTIMAS FERIDAS,PLENO DIA,Crescente,CÉU CLARO,DUPLA,Reta,Sim,2,0,1,0,1,0,1,2,-22.76942037,-42.91873581,SPRF-RJ,DEL02-RJ,UOP02-DEL02-RJ,2024,2024-09-10,9,2024.0,9.0,Terça,1.0
633825.0,2024-10-10,3.0,06:55:00,RJ,101,316,SAO GONCALO,TRAFEGAR COM MOTOCICLETA (OU SIMILAR) ENTRE AS FAIXAS,COLISÃO LATERAL MESMO SENTIDO,COM VÍTIMAS FERIDAS,PLENO DIA,Crescente,NUBLADO,DUPLA,Reta,Sim,3,0,2,0,1,0,2,2,-22.82835879,-43.09208739,SPRF-RJ,DEL02-RJ,UOP02-DEL02-RJ,2024,2024-10-10,6,2024.0,10.0,Quinta,1.0
633854.0,2024-10-10,3.0,10:40:00,RJ,101,321,NITEROI,PEDESTRE ANDAVA NA PISTA,COLISÃO LATERAL MESMO SENTIDO,COM VÍTIMAS FERIDAS,PLENO DIA,Crescente,GAROA/CHUVISCO,DUPLA,Reta,Sim,3,0,1,0,2,0,1,3,-22.86981096,-43.11046465,SPRF-RJ,DEL02-RJ,UOP01-DEL02-RJ,2024,2024-10-10,10,2024.0,10.0,Quinta,1.0
633918.0,2024-10-10,3.0,14:10:00,RJ,101,295,ITABORAI,CONDUTOR DEIXOU DE MANTER DISTÂNCIA DO VEÍCULO DA FRENTE,COLISÃO TRASEIRA,COM VÍTIMAS FERIDAS,PLENO DIA,Crescente,NUBLADO,DUPLA,Reta,Não,3,0,2,0,1,0,2,2,-22.76365068,-42.90223623,SPRF-RJ,DEL02-RJ,UOP02-DEL02-RJ,2024,2024-10-10,14,2024.0,10.0,Quinta,1.0
633971.0,2024-10-05,4.0,00:50:00,RJ,101,301,SAO GONCALO,AUSÊNCIA DE REAÇÃO DO CONDUTOR,COLISÃO TRASEIRA,SEM VÍTIMAS,PLENA NOITE,Decrescente,CÉU CLARO,DUPLA,Reta,Sim,2,0,0,0,2,0,0,2,-22.77857497,-42.95745101,SPRF-RJ,DEL02-RJ,UOP02-DEL02-RJ,2024,2024-05-10,0,2024.0,5.0,Sexta,0.0
634001.0,2024-10-10,3.0,20:30:00,RJ,101,294,ITABORAI,ACESSAR A VIA SEM OBSERVAR A PRESENÇA DOS OUTROS VEÍCULOS,ATROPELAMENTO DE PEDESTRE,COM VÍTIMAS FERIDAS,PLENA NOITE,Crescente,NUBLADO,DUPLA,Reta,Sim,2,0,1,0,0,1,1,2,-22.7584434,-42.89502344,SPRF-RJ,DEL02-RJ,UOP02-DEL02-RJ,2024,2024-10-10,20,2024.0,10.0,Quinta,1.0
634094.0,2024-10-11,6.0,07:14:00,RJ,101,"312,7",SAO GONCALO,MANOBRA DE MUDANÇA DE FAIXA,COLISÃO LATERAL MESMO SENTIDO,COM VÍTIMAS FERIDAS,PLENO DIA,Crescente,NUBLADO,DUPLA,Reta,Sim,3,0,2,0,1,0,2,2,-22.80546555,-43.06156967,SPRF-RJ,DEL02-RJ,UOP02-DEL02-RJ,2024,2024-11-10,7,2024.0,11.0,Domingo,1.0
634099.0,2024-10-11,6.0,07:00:00,RJ,101,318,SAO GONCALO,DEMAIS FALHAS MECÂNICAS OU ELÉTRICAS,QUEDA DE OCUPANTE DE VEÍCULO,COM VÍTIMAS FERIDAS,AMANHECER,Crescente,NUBLADO,DUPLA,Reta,Sim,1,0,1,0,0,0,1,1,-22.84562994,-43.09841211,SPRF-RJ,DEL02-RJ,UOP02-DEL02-RJ,2024,2024-11-10,7,2024.0,11.0,Domingo,1.0
634201.0,2024-10-11,6.0,18:15:00,RJ,101,316,SAO GONCALO,MANOBRA DE MUDANÇA DE FAIXA,COLISÃO TRASEIRA,COM VÍTIMAS FERIDAS,ANOITECER,Decrescente,CÉU CLARO,SIMPLES,Reta,Sim,3,0,2,0,1,0,2,2,-22.82835879,-43.09208739,SPRF-RJ,DEL02-RJ,UOP02-DEL02-RJ,2024,2024-11-10,18,2024.0,11.0,Domingo,1.0
634220.0,2024-10-11,6.0,17:00:00,RJ,101,306,SAO GONCALO,CONDUTOR DEIXOU DE MANTER DISTÂNCIA DO VEÍCULO DA FRENTE,ENGAVETAMENTO,COM VÍTIMAS FERIDAS,PLENO DIA,Decrescente,CÉU CLARO,DUPLA,Reta,Sim,6,0,0,1,5,0,1,5,-22.78987169,-43.00881386,SPRF-RJ,DEL02-RJ,UOP02-DEL02-RJ,2024,2024-11-10,17,2024.0,11.0,Domingo,1.0
634222.0,2024-10-11,6.0,16:10:00,RJ,101,304,SAO GONCALO,TRAFEGAR COM MOTOCICLETA (OU SIMILAR) ENTRE AS FAIXAS,COLISÃO LATERAL MESMO SENTIDO,COM VÍTIMAS FERIDAS,PLENO DIA,Decrescente,CÉU CLARO,DUPLA,Reta,Sim,2,0,1,0,1,0,1,2,-22.78491869,-42.98627706,SPRF-RJ,DEL02-RJ,UOP02-DEL02-RJ,2024,2024-11-10,16,2024.0,11.0,Domingo,1.0
634237.0,2024-10-11,6.0,18:18:00,RJ,101,313,SAO GONCALO,TRAFEGAR COM MOTOCICLETA (OU SIMILAR) ENTRE AS FAIXAS,COLISÃO TRANSVERSAL,COM VÍTIMAS FERIDAS,PLENA NOITE,Decrescente,CÉU CLARO,DUPLA,Reta,Não,2,0,1,0,1,0,1,2,-22.81049093,-43.06983304,SPRF-RJ,DEL02-RJ,UOP02-DEL02-RJ,2024,2024-11-10,18,2024.0,11.0,Domingo,1.0
634409.0,2024-10-12,1.0,12:50:00,RJ,101,265,RIO BONITO,DEMAIS FALHAS MECÂNICAS OU ELÉTRICAS,COLISÃO TRASEIRA,COM VÍTIMAS FERIDAS,PLENO DIA,Decrescente,CÉU CLARO,DUPLA,Curva,Não,2,0,1,0,1,0,1,2,-22.71359987,-42.64391188,SPRF-RJ,DEL02-RJ,UOP03-DEL02-RJ,2024,2024-12-10,12,2024.0,12.0,Terça,1.0
634449.0,2024-10-12,1.0,15:00:00,RJ,493,5,ITABORAI,TRANSITAR NA CONTRAMÃO,COLISÃO FRONTAL,COM VÍTIMAS FERIDAS,PLENO DIA,Decrescente,CÉU CLARO,SIMPLES,Declive;Curva;Viaduto,Sim,2,0,1,0,1,0,1,2,-22.73998606,-42.95374823,SPRF-RJ,DEL02-RJ,UOP02-DEL02-RJ,2024,2024-12-10,15,2024.0,12.0,Terça,1.0
634457.0,2024-10-12,1.0,14:50:00,RJ,101,296,ITABORAI,TRAFEGAR COM MOTOCICLETA (OU SIMILAR) ENTRE AS FAIXAS,COLISÃO LATERAL MESMO SENTIDO,COM VÍTIMAS FERIDAS,PLENO DIA,Decrescente,CÉU CLARO,DUPLA,Reta,Não,2,0,0,1,1,0,1,2,-22.7670498,-42.91019601,SPRF-RJ,DEL02-RJ,UOP02-DEL02-RJ,2024,2024-12-10,14,2024.0,12.0,Terça,1.0
634467.0,2024-10-12,1.0,16:00:00,RJ,101,324,NITEROI,MANOBRA DE MUDANÇA DE FAIXA,COLISÃO LATERAL MESMO SENTIDO,COM VÍTIMAS FERIDAS,PLENO DIA,Decrescente,CÉU CLARO,MÚLTIPLA,Reta,Não,4,0,1,0,3,0,1,2,-22.87381074,-43.12640997,SPRF-RJ,DEL02-RJ,UOP01-DEL02-RJ,2024,2024-12-10,16,2024.0,12.0,Terça,1.0
634685.0,2024-10-13,,18:45:00,RJ,101,"324,3",NITEROI,MANOBRA DE MUDANÇA DE FAIXA,COLISÃO LATERAL MESMO SENTIDO,COM VÍTIMAS FERIDAS,PLENA NOITE,Decrescente,CÉU CLARO,SIMPLES,Reta;Ponte,Sim,3,0,2,0,1,0,2,2,-22.87381074,-43.12640997,SPRF-RJ,DEL02-RJ,UOP01-DEL02-RJ,2024,,18,,,,1.0
634872.0,2024-10-14,,13:01:00,RJ,101,265,RIO BONITO,REAÇÃO TARDIA OU INEFICIENTE DO CONDUTOR,CAPOTAMENTO,COM VÍTIMAS FATAIS,PLENO DIA,Decrescente,SOL,DUPLA,Reta,Sim,2,1,0,1,0,0,1,1,-22.71359987,-42.64391188,SPRF-RJ,DEL02-RJ,UOP03-DEL02-RJ,2024,,13,,,,2.0
635101.0,2024-10-15,,11:16:00,RJ,101,"313,8",SAO GONCALO,AUSÊNCIA DE REAÇÃO DO CONDUTOR,ENGAVETAMENTO,COM VÍTIMAS FERIDAS,PLENO DIA,Decrescente,SOL,DUPLA,Reta,Não,3,0,1,0,2,0,1,3,-22.81049093,-43.06983304,SPRF-RJ,DEL02-RJ,UOP02-DEL02-RJ,2024,,11,,,,1.0
635127.0,2024-10-15,,14:50:00,RJ,493,1,ITABORAI,CONDUTOR DEIXOU DE MANTER DISTÂNCIA DO VEÍCULO DA FRENTE,COLISÃO TRASEIRA,COM VÍTIMAS FERIDAS,PLENO DIA,Crescente,CÉU CLARO,SIMPLES,Reta,Sim,2,0,1,0,1,0,1,2,-22.76398788,-42.92731895,SPRF-RJ,DEL02-RJ,UOP02-DEL02-RJ,2024,,14,,,,1.0
635340.0,2024-10-16,,07:44:00,RJ,101,324,NITEROI,CONDUTOR DEIXOU DE MANTER DISTÂNCIA DO VEÍCULO DA FRENTE,COLISÃO TRASEIRA,COM VÍTIMAS FERIDAS,PLENO DIA,Crescente,CÉU CLARO,DUPLA,Reta,Não,2,0,1,0,1,0,1,2,-22.87381074,-43.12640997,SPRF-RJ,DEL02-RJ,UOP01-DEL02-RJ,2024,,7,,,,1.0
635497.0,2024-10-10,3.0,00:30:00,RJ,493,1,ITABORAI,ACESSAR A VIA SEM OBSERVAR A PRESENÇA DOS OUTROS VEÍCULOS,COLISÃO FRONTAL,COM VÍTIMAS FERIDAS,PLENO DIA,Decrescente,CHUVA,SIMPLES,Reta,Sim,2,0,1,0,1,0,1,2,-22.76398788,-42.92731895,SPRF-RJ,DEL02-RJ,UOP02-DEL02-RJ,2024,2024-10-10,0,2024.0,10.0,Quinta,1.0
635598.0,2024-10-17,,22:30:00,RJ,101,"296,7",ITABORAI,REAÇÃO TARDIA OU INEFICIENTE DO CONDUTOR,COLISÃO COM OBJETO,COM VÍTIMAS FERIDAS,PLENA NOITE,Crescente,CÉU CLARO,DUPLA,Reta,Sim,1,0,0,1,0,0,1,1,-22.7670498,-42.91019601,SPRF-RJ,DEL02-RJ,UOP02-DEL02-RJ,2024,,22,,,,1.0
635718.0,2024-10-18,,14:08:00,RJ,101,313,SAO GONCALO,AVARIAS E/OU DESGASTE EXCESSIVO NO PNEU,QUEDA DE OCUPANTE DE VEÍCULO,COM VÍTIMAS FERIDAS,PLENO DIA,Decrescente,NUBLADO,DUPLA,Reta,Sim,1,0,1,0,0,0,1,1,-22.81049093,-43.06983304,SPRF-RJ,DEL02-RJ,UOP02-DEL02-RJ,2024,,14,,,,1.0
635941.0,2024-10-19,,13:30:00,RJ,493,0,ITABORAI,CONDUTOR DEIXOU DE MANTER DISTÂNCIA DO VEÍCULO DA FRENTE,COLISÃO TRASEIRA,COM VÍTIMAS FERIDAS,PLENO DIA,Crescente,NUBLADO,SIMPLES,Reta,Sim,3,0,1,0,1,1,1,2,-22.77062,-42.92223,SPRF-RJ,DEL02-RJ,UOP02-DEL02-RJ,2024,,13,,,,1.0
636078.0,2024-10-20,,01:30:00,RJ,101,313,SAO GONCALO,ACUMULO DE ÁGUA SOBRE O PAVIMENTO,COLISÃO TRASEIRA,COM VÍTIMAS FERIDAS,PLENA NOITE,Decrescente,CHUVA,DUPLA,Reta,Não,2,0,1,0,1,0,1,2,-22.81049093,-43.06983304,SPRF-RJ,DEL02-RJ,UOP02-DEL02-RJ,2024,,1,,,,1.0
636238.0,2024-10-20,,17:10:00,RJ,101,261,RIO BONITO,VELOCIDADE INCOMPATÍVEL,SAÍDA DE LEITO CARROÇÁVEL,COM VÍTIMAS FERIDAS,PLENO DIA,Decrescente,CHUVA,DUPLA,Curva;Viaduto,Não,4,0,1,0,3,0,1,1,-22.71139378,-42.61157199,SPRF-RJ,DEL02-RJ,UOP03-DEL02-RJ,2024,,17,,,,1.0
636266.0,2024-10-04,2.0,13:30:00,RJ,101,316,SAO GONCALO,CONDUTOR DEIXOU DE MANTER DISTÂNCIA DO VEÍCULO DA FRENTE,COLISÃO TRASEIRA,COM VÍTIMAS FERIDAS,PLENO DIA,Decrescente,CÉU CLARO,DUPLA,Reta,Não,3,0,1,0,2,0,1,3,-22.82835879,-43.09208739,SPRF-RJ,DEL02-RJ,UOP02-DEL02-RJ,2024,2024-04-10,13,2024.0,4.0,Quarta,1.0
636421.0,2024-10-21,,07:30:00,RJ,101,262,RIO BONITO,CHUVA,SAÍDA DE LEITO CARROÇÁVEL,SEM VÍTIMAS,PLENO DIA,Crescente,CHUVA,DUPLA,Reta,Não,1,0,0,0,1,0,0,1,-22.71367506,-42.62052996,SPRF-RJ,DEL02-RJ,UOP03-DEL02-RJ,2024,,7,,,,0.0
636589.0,2024-10-22,,05:50:00,RJ,101,325,NITEROI,MANOBRA DE MUDANÇA DE FAIXA,COLISÃO LATERAL MESMO SENTIDO,COM VÍTIMAS FERIDAS,PLENO DIA,Crescente,CÉU CLARO,DUPLA,Ponte;Reta,Não,2,0,1,0,1,0,1,2,-22.87292569,-43.13625699,SPRF-RJ,DEL02-RJ,UOP01-DEL02-RJ,2024,,5,,,,1.0
636608.0,2024-10-22,,08:00:00,RJ,101,312,SAO GONCALO,CONDUTOR DEIXOU DE MANTER DISTÂNCIA DO VEÍCULO DA FRENTE,COLISÃO TRASEIRA,COM VÍTIMAS FERIDAS,PLENO DIA,Crescente,CÉU CLARO,DUPLA,Reta,Não,1,0,1,0,0,0,1,1,-22.80546555,-43.06156967,SPRF-RJ,DEL02-RJ,UOP02-DEL02-RJ,2024,,8,,,,1.0
636698.0,2024-10-22,,15:50:00,RJ,101,282,ITABORAI,REAÇÃO TARDIA OU INEFICIENTE DO CONDUTOR,QUEDA DE OCUPANTE DE VEÍCULO,COM VÍTIMAS FERIDAS,PLENO DIA,Decrescente,CÉU CLARO,SIMPLES,Retorno Regulamentado,Não,1,0,0,1,0,0,1,1,-22.7371391,-42.79664601,SPRF-RJ,DEL02-RJ,UOP02-DEL02-RJ,2024,,15,,,,1.0
636714.0,2024-10-22,,16:45:00,RJ,101,313,SAO GONCALO,ACUMULO DE AREIA OU DETRITOS SOBRE O PAVIMENTO,QUEDA DE OCUPANTE DE VEÍCULO,COM VÍTIMAS FERIDAS,PLENO DIA,Crescente,CÉU CLARO,SIMPLES,Curva;Viaduto;Aclive,Sim,1,0,1,0,0,0,1,1,-22.81049093,-43.06983304,SPRF-RJ,DEL02-RJ,UOP02-DEL02-RJ,2024,,16,,,,1.0
636757.0,2024-10-22,,18:30:00,RJ,101,318,NITEROI,FUMAÇA,INCÊNDIO,SEM VÍTIMAS,PLENA NOITE,Decrescente,CÉU CLARO,SIMPLES,Reta;Aclive,Não,1,0,0,0,0,1,0,1,-22.84562994,-43.09841211,SPRF-RJ,DEL02-RJ,UOP02-DEL02-RJ,2024,,18,,,,0.0
636865.0,2024-10-23,,13:05:00,RJ,101,269,RIO BONITO,MAL SÚBITO DO CONDUTOR,COLISÃO COM OBJETO,COM VÍTIMAS FERIDAS,PLENO DIA,Decrescente,CÉU CLARO,DUPLA,Reta,Sim,1,0,1,0,0,0,1,1,-22.71495082,-42.67804708,SPRF-RJ,DEL02-RJ,UOP03-DEL02-RJ,2024,,13,,,,1.0
637385.0,2024-10-25,,19:25:00,RJ,101,327,NITEROI,DEMAIS FALHAS MECÂNICAS OU ELÉTRICAS,COLISÃO TRASEIRA,COM VÍTIMAS FATAIS,PLENA NOITE,Decrescente,CÉU CLARO,SIMPLES,Reta;Ponte,Não,4,1,2,0,1,0,2,3,-22.87117393,-43.15595099,SPRF-RJ,DEL02-RJ,UOP01-DEL02-RJ,2024,,19,,,,2.0
637452.0,2024-10-25,,07:20:00,RJ,101,"319,2",NITEROI,VELOCIDADE INCOMPATÍVEL,COLISÃO LATERAL MESMO SENTIDO,COM VÍTIMAS FERIDAS,PLENO DIA,Decrescente,CÉU CLARO,SIMPLES,Reta,Sim,2,0,1,0,1,0,1,2,-22.85411774,-43.1018014,SPRF-RJ,DEL02-RJ,UOP01-DEL02-RJ,2024,,7,,,,1.0
637721.0,2024-10-25,,23:00:00,RJ,101,262,RIO BONITO,VELOCIDADE INCOMPATÍVEL,COLISÃO COM OBJETO,SEM VÍTIMAS,PLENA NOITE,Crescente,CÉU CLARO,DUPLA,Curva,Sim,1,0,0,0,1,0,0,1,-22.71367506,-42.62052996,SPRF-RJ,DEL02-RJ,UOP03-DEL02-RJ,2024,,23,,,,0.0
638087.0,2024-10-28,,17:40:00,RJ,101,318,SAO GONCALO,TRAFEGAR COM MOTOCICLETA (OU SIMILAR) ENTRE AS FAIXAS,COLISÃO LATERAL MESMO SENTIDO,COM VÍTIMAS FERIDAS,PLENO DIA,Decrescente,CÉU CLARO,DUPLA,Reta,Sim,2,0,1,0,1,0,1,2,-22.84562994,-43.09841211,SPRF-RJ,DEL02-RJ,UOP02-DEL02-RJ,2024,,17,,,,1.0
638139.0,2024-10-29,,07:48:00,RJ,101,324,NITEROI,DEMAIS FALHAS MECÂNICAS OU ELÉTRICAS,COLISÃO LATERAL MESMO SENTIDO,SEM VÍTIMAS,PLENO DIA,Decrescente,CÉU CLARO,MÚLTIPLA,Reta,Sim,2,0,0,0,2,0,0,2,-22.87381074,-43.12640997,SPRF-RJ,DEL02-RJ,UOP01-DEL02-RJ,2024,,7,,,,0.0
638145.0,2024-10-29,,08:46:00,RJ,101,325,NITEROI,AUSÊNCIA DE REAÇÃO DO CONDUTOR,COLISÃO TRASEIRA,COM VÍTIMAS FERIDAS,PLENO DIA,Crescente,CÉU CLARO,DUPLA,Reta;Ponte,Não,3,0,2,0,1,0,2,2,-22.87292569,-43.13625699,SPRF-RJ,DEL02-RJ,UOP01-DEL02-RJ,2024,,8,,,,1.0
638278.0,2024-10-29,,18:00:00,RJ,101,302,SAO GONCALO,FREAR BRUSCAMENTE,QUEDA DE OCUPANTE DE VEÍCULO,COM VÍTIMAS FERIDAS,PLENA NOITE,Crescente,CÉU CLARO,DUPLA,Reta,Sim,1,0,1,0,0,0,1,1,-22.78069318,-42.96706396,SPRF-RJ,DEL02-RJ,UOP02-DEL02-RJ,2024,,18,,,,1.0
638382.0,2024-10-26,,18:50:00,RJ,493,1,ITABORAI,CONVERSÃO PROIBIDA,COLISÃO LATERAL SENTIDO OPOSTO,COM VÍTIMAS FERIDAS,PLENA NOITE,Crescente,CHUVA,DUPLA,Reta,Sim,3,0,1,1,0,1,2,2,-22.76398788,-42.92731895,SPRF-RJ,DEL02-RJ,UOP02-DEL02-RJ,2024,,18,,,,1.0
638415.0,2024-10-30,,15:45:00,RJ,101,297,ITABORAI,REAÇÃO TARDIA OU INEFICIENTE DO CONDUTOR,TOMBAMENTO,COM VÍTIMAS FERIDAS,PLENO DIA,Crescente,CÉU CLARO,DUPLA,Curva;Retorno Regulamentado;Interseção de Vias,Sim,1,0,1,0,0,0,1,1,-22.76942037,-42.91873581,SPRF-RJ,DEL02-RJ,UOP02-DEL02-RJ,2024,,15,,,,1.0
638417.0,2024-10-30,,15:40:00,RJ,101,321,NITEROI,MANOBRA DE MUDANÇA DE FAIXA,COLISÃO LATERAL MESMO SENTIDO,COM VÍTIMAS FERIDAS,PLENO DIA,Decrescente,CÉU CLARO,DUPLA,Curva,Sim,3,0,2,0,0,1,2,2,-22.86981096,-43.11046465,SPRF-RJ,DEL02-RJ,UOP01-DEL02-RJ,2024,,15,,,,1.0
638618.0,2024-10-31,,15:10:00,RJ,101,295,ITABORAI,AVARIAS E/OU DESGASTE EXCESSIVO NO PNEU,TOMBAMENTO,COM VÍTIMAS FERIDAS,PLENO DIA,Crescente,CÉU CLARO,DUPLA,Reta,Sim,2,0,0,2,0,0,2,1,-22.76304397,-42.90193319,SPRF-RJ,DEL02-RJ,UOP02-DEL02-RJ,2024,,15,,,,1.0
638699.0,2024-10-31,,23:10:00,RJ,101,314,SAO GONCALO,ACESSAR A VIA SEM OBSERVAR A PRESENÇA DOS OUTROS VEÍCULOS,ATROPELAMENTO DE PEDESTRE,COM VÍTIMAS FATAIS,PLENA NOITE,Decrescente,NUBLADO,DUPLA,Reta,Sim,2,1,0,0,1,0,0,2,-22.81648739,-43.07728467,SPRF-RJ,DEL02-RJ,UOP02-DEL02-RJ,2024,,23,,,,2.0
638731.0,2024-11-01,3.0,03:00:00,RJ,101,271,RIO BONITO,CONDUTOR DEIXOU DE MANTER DISTÂNCIA DO VEÍCULO DA FRENTE,COLISÃO TRASEIRA,COM VÍTIMAS FERIDAS,PLENA NOITE,Crescente,CÉU CLARO,DUPLA,Reta,Sim,1,0,1,0,0,0,1,1,-22.72443147,-42.69368143,SPRF-RJ,DEL02-RJ,UOP03-DEL02-RJ,2024,2024-01-11,3,2024.0,1.0,Quinta,1.0
638898.0,2024-11-01,3.0,19:40:00,RJ,101,295,ITABORAI,TRAFEGAR COM MOTOCICLETA (OU SIMILAR) ENTRE AS FAIXAS,QUEDA DE OCUPANTE DE VEÍCULO,COM VÍTIMAS FERIDAS,PLENA NOITE,Crescente,CÉU CLARO,DUPLA,Reta,Não,3,0,1,0,1,1,1,2,-22.76365068,-42.90223623,SPRF-RJ,DEL02-RJ,UOP02-DEL02-RJ,2024,2024-01-11,19,2024.0,1.0,Quinta,1.0
638942.0,2024-11-02,6.0,03:00:00,RJ,101,312,SAO GONCALO,AUSÊNCIA DE REAÇÃO DO CONDUTOR,TOMBAMENTO,COM VÍTIMAS FATAIS,PLENA NOITE,Crescente,CÉU CLARO,DUPLA,Reta,Não,1,1,0,0,0,0,0,1,-22.80546555,-43.06156967,SPRF-RJ,DEL02-RJ,UOP02-DEL02-RJ,2024,2024-02-11,3,2024.0,2.0,Domingo,2.0
639025.0,2024-11-02,6.0,06:00:00,RJ,493,5,ITABORAI,REAÇÃO TARDIA OU INEFICIENTE DO CONDUTOR,INCÊNDIO,COM VÍTIMAS FERIDAS,PLENO DIA,Decrescente,CÉU CLARO,SIMPLES,Curva;Declive;Viaduto,Não,1,0,1,0,0,0,1,1,-22.73998606,-42.95374823,SPRF-RJ,DEL02-RJ,UOP02-DEL02-RJ,2024,2024-02-11,6,2024.0,2.0,Domingo,1.0
639043.0,2024-11-02,6.0,13:00:00,RJ,101,323,NITEROI,CONDUTOR DEIXOU DE MANTER DISTÂNCIA DO VEÍCULO DA FRENTE,ENGAVETAMENTO,COM VÍTIMAS FERIDAS,PLENO DIA,Decrescente,CÉU CLARO,SIMPLES,Reta;Ponte,Sim,6,0,3,0,3,0,3,3,-22.87684786,-43.11728689,SPRF-RJ,DEL02-RJ,UOP01-DEL02-RJ,2024,2024-02-11,13,2024.0,2.0,Domingo,1.0
639068.0,2024-10-29,,17:00:00,RJ,101,312,SAO GONCALO,CONDUTOR DEIXOU DE MANTER DISTÂNCIA DO VEÍCULO DA FRENTE,COLISÃO LATERAL MESMO SENTIDO,COM VÍTIMAS FERIDAS,ANOITECER,Decrescente,CÉU CLARO,DUPLA,Reta,Sim,3,0,1,0,2,0,1,3,-22.80546555,-43.06156967,SPRF-RJ,DEL02-RJ,UOP02-DEL02-RJ,2024,,17,,,,1.0
639147.0,2024-10-29,,20:30:00,RJ,101,282,ITABORAI,AUSÊNCIA DE REAÇÃO DO CONDUTOR,COLISÃO LATERAL SENTIDO OPOSTO,COM VÍTIMAS FERIDAS,PLENA NOITE,Decrescente,CÉU CLARO,DUPLA,Reta,Não,7,0,3,0,2,2,3,5,-22.7371391,-42.79664601,SPRF-RJ,DEL02-RJ,UOP02-DEL02-RJ,2024,,20,,,,1.0
639377.0,2024-11-03,0.0,20:30:00,RJ,493,0,ITABORAI,AUSÊNCIA DE REAÇÃO DO CONDUTOR,COLISÃO TRANSVERSAL,SEM VÍTIMAS,PLENA NOITE,Decrescente,NUBLADO,SIMPLES,Reta,Sim,2,0,0,0,2,0,0,2,-22.77062,-42.92223,SPRF-RJ,DEL02-RJ,UOP02-DEL02-RJ,2024,2024-03-11,20,2024.0,3.0,Segunda,0.0
639399.0,2024-11-03,0.0,23:45:00,RJ,101,"321,8",NITEROI,MAL SÚBITO DO CONDUTOR,COLISÃO COM OBJETO,COM VÍTIMAS FATAIS,PLENA NOITE,Decrescente,CÉU CLARO,DUPLA,Reta,Sim,1,1,0,0,0,0,0,1,-22.87828469,-43.11064124,SPRF-RJ,DEL02-RJ,UOP01-DEL02-RJ,2024,2024-03-11,23,2024.0,3.0,Segunda,2.0
639523.0,2024-11-04,3.0,13:00:00,RJ,101,297,ITABORAI,ACUMULO DE ÓLEO SOBRE O PAVIMENTO,QUEDA DE OCUPANTE DE VEÍCULO,COM VÍTIMAS FERIDAS,PLENO DIA,Crescente,SOL,DUPLA,Curva,Não,1,0,1,0,0,0,1,1,-22.76942037,-42.91873581,SPRF-RJ,DEL02-RJ,UOP02-DEL02-RJ,2024,2024-04-11,13,2024.0,4.0,Quinta,1.0
639697.0,2024-11-05,5.0,07:45:00,RJ,101,321,NITEROI,AUSÊNCIA DE REAÇÃO DO CONDUTOR,TOMBAMENTO,COM VÍTIMAS FERIDAS,PLENO DIA,Crescente,CÉU CLARO,DUPLA,Curva,Não,1,0,1,0,0,0,1,1,-22.86981096,-43.11046465,SPRF-RJ,DEL02-RJ,UOP01-DEL02-RJ,2024,2024-05-11,7,2024.0,5.0,Sábado,1.0