id,data_inversa,dia_semana,horario,uf,br,km,municipio,causa_acidente,tipo_acidente,classificacao_acidente,fase_dia,sentido_via,condicao_metereologica,tipo_pista,tracado_via,uso_solo,pessoas,mortos,feridos_leves,feridos_graves,ilesos,ignorados,feridos,veiculos,latitude,longitude,regional,delegacia,uop,ano_arquivo,data,hora,ano,mes,dia_semana_nome,gravidade
639773.0,2024-11-05,5.0,14:10:00,RJ,101,314,SAO GONCALO,CONDUTOR DEIXOU DE MANTER DISTÂNCIA DO VEÍCULO DA FRENTE,COLISÃO TRASEIRA,COM VÍTIMAS FERIDAS,PLENO DIA,Decrescente,NUBLADO,DUPLA,Reta,Sim,3,0,1,0,2,0,1,2,-22.81648739,-43.07728467,SPRF-RJ,DEL02-RJ,UOP02-DEL02-RJ,2024,2024-05-11,14,2024.0,5.0,Sábado,1.0
639786.0,2024-11-01,3.0,16:10:00,RJ,101,296,ITABORAI,REAÇÃO TARDIA OU INEFICIENTE DO CONDUTOR,COLISÃO TRASEIRA,COM VÍTIMAS FERIDAS,PLENO DIA,Decrescente,CÉU CLARO,DUPLA,Reta,Sim,4,0,1,0,3,0,1,3,-22.7670498,-42.91019601,SPRF-RJ,DEL02-RJ,UOP02-DEL02-RJ,2024,2024-01-11,16,2024.0,1.0,Quinta,1.0
639805.0,2024-11-05,5.0,19:00:00,RJ,101,322,NITEROI,MANOBRA DE MUDANÇA DE FAIXA,COLISÃO LATERAL MESMO SENTIDO,COM VÍTIMAS FERIDAS,PLENA NOITE,Decrescente,CÉU CLARO,MÚLTIPLA,Reta,Não,3,0,1,0,1,1,1,2,-22.878923,-43.110676,SPRF-RJ,DEL02-RJ,UOP01-DEL02-RJ,2024,2024-05-11,19,2024.0,5.0,Sábado,1.0
639811.0,2024-11-05,5.0,19:30:00,RJ,101,295,ITABORAI,ACESSAR A VIA SEM OBSERVAR A PRESENÇA DOS OUTROS VEÍCULOS,ATROPELAMENTO DE PEDESTRE,COM VÍTIMAS FERIDAS,PLENA NOITE,Decrescente,CÉU CLARO,DUPLA,Reta,Sim,3,0,1,0,2,0,1,2,-22.76365068,-42.90223623,SPRF-RJ,DEL02-RJ,UOP02-DEL02-RJ,2024,2024-05-11,19,2024.0,5.0,Sábado,1.0
639956.0,2024-11-06,1.0,08:20:00,RJ,101,305,SAO GONCALO,MANOBRA DE MUDANÇA DE FAIXA,COLISÃO LATERAL MESMO SENTIDO,COM VÍTIMAS FERIDAS,PLENO DIA,Crescente,CÉU CLARO,DUPLA,Reta,Sim,2,0,1,0,1,0,1,2,-22.78702832,-42.99589293,SPRF-RJ,DEL02-RJ,UOP02-DEL02-RJ,2024,2024-06-11,8,2024.0,6.0,Terça,1.0
639961.0,2024-11-06,1.0,15:20:00,RJ,101,252,RIO BONITO,DEMAIS FALHAS MECÂNICAS OU ELÉTRICAS,INCÊNDIO,SEM VÍTIMAS,PLENO DIA,Decrescente,CÉU CLARO,DUPLA,Reta,Não,1,0,0,0,1,0,0,1,-22.68214756,-42.53377419,SPRF-RJ,DEL02-RJ,UOP03-DEL02-RJ,2024,2024-06-11,15,2024.0,6.0,Terça,0.0
640126.0,2024-11-07,3.0,12:00:00,RJ,101,322,NITEROI,MANOBRA DE MUDANÇA DE FAIXA,COLISÃO LATERAL MESMO SENTIDO,COM VÍTIMAS FERIDAS,PLENO DIA,Decrescente,CÉU CLARO,MÚLTIPLA,Reta;Interseção de Vias,Sim,3,0,1,0,2,0,1,2,-22.878923,-43.110676,SPRF-RJ,DEL02-RJ,UOP01-DEL02-RJ,2024,2024-07-11,12,2024.0,7.0,Quinta,1.0
640162.0,2024-11-07,3.0,15:20:00,RJ,101,322,NITEROI,INGESTÃO DE ÁLCOOL PELO CONDUTOR,COLISÃO LATERAL MESMO SENTIDO,SEM VÍTIMAS,PLENO DIA,Decrescente,CÉU CLARO,MÚLTIPLA,Reta,Sim,3,0,0,0,3,0,0,2,-22.878923,-43.110676,SPRF-RJ,DEL02-RJ,UOP01-DEL02-RJ,2024,2024-07-11,15,2024.0,7.0,Quinta,0.0
640207.0,2024-11-07,3.0,18:55:00,RJ,101,290,ITABORAI,INGESTÃO DE ÁLCOOL PELO CONDUTOR,COLISÃO LATERAL MESMO SENTIDO,SEM VÍTIMAS,PLENA NOITE,Crescente,CÉU CLARO,DUPLA,Reta,Não,2,0,0,0,2,0,0,2,-22.76708384,-42.86081305,SPRF-RJ,DEL02-RJ,UOP02-DEL02-RJ,2024,2024-07-11,18,2024.0,7.0,Quinta,0.0
640339.0,2024-11-08,6.0,08:00:00,RJ,101,319,SAO GONCALO,AVARIAS E/OU DESGASTE EXCESSIVO NO PNEU,QUEDA DE OCUPANTE DE VEÍCULO,COM VÍTIMAS FERIDAS,PLENO DIA,Crescente,SOL,DUPLA,Reta,Sim,2,0,2,0,0,0,2,1,-22.85411774,-43.1018014,SPRF-RJ,DEL02-RJ,UOP02-DEL02-RJ,2024,2024-08-11,8,2024.0,8.0,Domingo,1.0
640402.0,2024-11-08,6.0,12:10:00,RJ,101,305,SAO GONCALO,CONDUTOR DEIXOU DE MANTER DISTÂNCIA DO VEÍCULO DA FRENTE,COLISÃO TRASEIRA,COM VÍTIMAS FERIDAS,PLENO DIA,Decrescente,NUBLADO,DUPLA,Reta,Sim,2,0,0,1,1,0,1,2,-22.78508424,-42.9868412,SPRF-RJ,DEL02-RJ,UOP02-DEL02-RJ,2024,2024-08-11,12,2024.0,8.0,Domingo,1.0
640497.0,2024-11-08,6.0,21:15:00,RJ,101,"308,8",SAO GONCALO,CHUVA,COLISÃO TRANSVERSAL,COM VÍTIMAS FERIDAS,PLENA NOITE,Decrescente,CHUVA,DUPLA,Reta,Sim,3,0,2,0,1,0,2,2,-22.79309326,-43.02479595,SPRF-RJ,DEL02-RJ,UOP02-DEL02-RJ,2024,2024-08-11,21,2024.0,8.0,Domingo,1.0
640823.0,2024-11-10,4.0,08:30:00,RJ,493,6,ITABORAI,REAÇÃO TARDIA OU INEFICIENTE DO CONDUTOR,QUEDA DE OCUPANTE DE VEÍCULO,COM VÍTIMAS FERIDAS,PLENO DIA,Crescente,NUBLADO,DUPLA,Reta,Sim,1,0,1,0,0,0,1,1,-22.73124198,-42.95145305,SPRF-RJ,DEL02-RJ,UOP02-DEL02-RJ,2024,2024-10-11,8,2024.0,10.0,Sexta,1.0
640859.0,2024-11-10,4.0,12:20:00,RJ,101,297,ITABORAI,TRANSITAR NA CONTRAMÃO,QUEDA DE OCUPANTE DE VEÍCULO,COM VÍTIMAS FERIDAS,PLENO DIA,Crescente,CÉU CLARO,DUPLA,Reta,Sim,2,0,1,0,0,1,1,2,-22.76942037,-42.91873581,SPRF-RJ,DEL02-RJ,UOP02-DEL02-RJ,2024,2024-10-11,12,2024.0,10.0,Sexta,1.0
640886.0,2024-11-10,4.0,16:00:00,RJ,101,303,SAO GONCALO,PEDESTRE ANDAVA NA PISTA,ATROPELAMENTO DE PEDESTRE,COM VÍTIMAS FERIDAS,PLENO DIA,Crescente,CÉU CLARO,DUPLA,Reta,Sim,2,0,1,0,1,0,1,2,-22.7828205,-42.9766681,SPRF-RJ,DEL02-RJ,UOP02-DEL02-RJ,2024,2024-10-11,16,2024.0,10.0,Sexta,1.0
640986.0,2024-11-10,4.0,18:40:00,RJ,101,318,SAO GONCALO,REAÇÃO TARDIA OU INEFICIENTE DO CONDUTOR,ENGAVETAMENTO,COM VÍTIMAS FERIDAS,PLENA NOITE,Crescente,NUBLADO,DUPLA,Reta,Sim,3,0,1,0,2,0,1,3,-22.84562994,-43.09841211,SPRF-RJ,DEL02-RJ,UOP02-DEL02-RJ,2024,2024-10-11,18,2024.0,10.0,Sexta,1.0
641269.0,2024-11-12,2.0,08:02:00,RJ,101,321,NITEROI,PEDESTRE ANDAVA NA PISTA,ATROPELAMENTO DE PEDESTRE,COM VÍTIMAS FERIDAS,PLENO DIA,Decrescente,CÉU CLARO,MÚLTIPLA,Reta,Sim,2,0,1,0,1,0,1,2,-22.878923,-43.110676,SPRF-RJ,DEL02-RJ,UOP01-DEL02-RJ,2024,2024-12-11,8,2024.0,12.0,Quarta,1.0
641389.0,2024-11-12,2.0,07:10:00,RJ,101,316,SAO GONCALO,MANOBRA DE MUDANÇA DE FAIXA,COLISÃO LATERAL MESMO SENTIDO,COM VÍTIMAS FERIDAS,PLENO DIA,Crescente,CÉU CLARO,SIMPLES,Reta,Não,3,0,1,0,2,0,1,2,-22.82835879,-43.09208739,SPRF-RJ,DEL02-RJ,UOP02-DEL02-RJ,2024,2024-12-11,7,2024.0,12.0,Quarta,1.0
641398.0,2024-11-12,2.0,10:00:00,RJ,101,298,ITABORAI,AUSÊNCIA DE REAÇÃO DO CONDUTOR,COLISÃO COM OBJETO,COM VÍTIMAS FERIDAS,PLENO DIA,Crescente,CÉU CLARO,DUPLA,Reta,Sim,2,0,1,0,1,0,1,1,-22.77184863,-42.93231726,SPRF-RJ,DEL02-RJ,UOP02-DEL02-RJ,2024,2024-12-11,10,2024.0,12.0,Quarta,1.0
641832.0,2024-11-14,,19:30:00,RJ,101,308,SAO GONCALO,CONDUTOR DEIXOU DE MANTER DISTÂNCIA DO VEÍCULO DA FRENTE,COLISÃO TRASEIRA,SEM VÍTIMAS,PLENA NOITE,Crescente,CÉU CLARO,DUPLA,Reta,Sim,2,0,0,0,2,0,0,2,-22.79309326,-43.02479595,SPRF-RJ,DEL02-RJ,UOP02-DEL02-RJ,2024,,19,,,,0.0
642035.0,2024-11-15,,08:30:00,RJ,101,305,SAO GONCALO,AUSÊNCIA DE REAÇÃO DO CONDUTOR,TOMBAMENTO,COM VÍTIMAS FERIDAS,PLENO DIA,Decrescente,GAROA/CHUVISCO,DUPLA,Reta,Não,1,0,1,0,0,0,1,1,-22.78702832,-42.99589293,SPRF-RJ,DEL02-RJ,UOP02-DEL02-RJ,2024,,8,,,,1.0
642070.0,2024-11-15,,16:10:00,RJ,101,309,SAO GONCALO,TRAFEGAR COM MOTOCICLETA (OU SIMILAR) ENTRE AS FAIXAS,COLISÃO TRASEIRA,COM VÍTIMAS FERIDAS,PLENO DIA,Decrescente,NUBLADO,DUPLA,Reta,Sim,3,0,1,0,2,0,1,3,-22.79498873,-43.03446105,SPRF-RJ,DEL02-RJ,UOP02-DEL02-RJ,2024,,16,,,,1.0
642075.0,2024-11-15,,14:40:00,RJ,101,315,SAO GONCALO,REAÇÃO TARDIA OU INEFICIENTE DO CONDUTOR,COLISÃO LATERAL MESMO SENTIDO,COM VÍTIMAS FERIDAS,PLENO DIA,Decrescente,NUBLADO,DUPLA,Reta,Sim,3,0,1,0,2,0,1,2,-22.82262092,-43.08460805,SPRF-RJ,DEL02-RJ,UOP02-DEL02-RJ,2024,,14,,,,1.0
642078.0,2024-11-15,,16:59:00,RJ,101,262,RIO BONITO,VELOCIDADE INCOMPATÍVEL,QUEDA DE OCUPANTE DE VEÍCULO,COM VÍTIMAS FERIDAS,PLENO DIA,Crescente,NUBLADO,DUPLA,Curva,Sim,1,0,0,1,0,0,1,1,-22.71367506,-42.62052996,SPRF-RJ,DEL02-RJ,UOP03-DEL02-RJ,2024,,16,,,,1.0
642148.0,2024-11-15,,23:36:00,RJ,101,269,RIO BONITO,INGESTÃO DE ÁLCOOL PELO CONDUTOR,SAÍDA DE LEITO CARROÇÁVEL,SEM VÍTIMAS,PLENA NOITE,Decrescente,CHUVA,DUPLA,Reta,Sim,1,0,0,0,1,0,0,1,-22.71495082,-42.67804708,SPRF-RJ,DEL02-RJ,UOP03-DEL02-RJ,2024,,23,,,,0.0
642152.0,2024-11-16,,00:05:00,RJ,493,1,ITABORAI,REAÇÃO TARDIA OU INEFICIENTE DO CONDUTOR,QUEDA DE OCUPANTE DE VEÍCULO,COM VÍTIMAS FERIDAS,PLENA NOITE,Crescente,GAROA/CHUVISCO,DUPLA,Reta,Sim,1,0,0,1,0,0,1,1,-22.76398788,-42.92731895,SPRF-RJ,DEL02-RJ,UOP02-DEL02-RJ,2024,,0,,,,1.0
642156.0,2024-11-16,,01:20:00,RJ,101,318,SAO GONCALO,DEMAIS FALHAS MECÂNICAS OU ELÉTRICAS,INCÊNDIO,SEM VÍTIMAS,PLENA NOITE,Decrescente,CHUVA,DUPLA,Reta,Não,1,0,0,0,0,1,0,1,-22.84562994,-43.09841211,SPRF-RJ,DEL02-RJ,UOP02-DEL02-RJ,2024,,1,,,,0.0
642439.0,2024-11-13,,06:50:00,RJ,101,316,SAO GONCALO,TRAFEGAR COM MOTOCICLETA (OU SIMILAR) ENTRE AS FAIXAS,COLISÃO LATERAL MESMO SENTIDO,COM VÍTIMAS FERIDAS,PLENO DIA,Crescente,NUBLADO,DUPLA,Reta,Sim,3,0,1,0,2,0,1,2,-22.82835879,-43.09208739,SPRF-RJ,DEL02-RJ,UOP02-DEL02-RJ,2024,,6,,,,1.0
642475.0,2024-11-17,,11:35:00,RJ,101,325,NITEROI,AUSÊNCIA DE REAÇÃO DO CONDUTOR,COLISÃO TRASEIRA,COM VÍTIMAS FERIDAS,PLENO DIA,Decrescente,CÉU CLARO,DUPLA,Reta,Não,2,0,1,0,1,0,1,2,-22.87292569,-43.13625699,SPRF-RJ,DEL02-RJ,UOP01-DEL02-RJ,2024,,11,,,,1.0
642737.0,2024-11-10,4.0,18:00:00,RJ,101,295,ITABORAI,REAÇÃO TARDIA OU INEFICIENTE DO CONDUTOR,COLISÃO TRASEIRA,COM VÍTIMAS FERIDAS,PLENO DIA,Crescente,CÉU CLARO,DUPLA,Reta,Não,3,0,1,0,2,0,1,2,-22.76365068,-42.90223623,SPRF-RJ,DEL02-RJ,UOP02-DEL02-RJ,2024,2024-10-11,18,2024.0,10.0,Sexta,1.0
642866.0,2024-11-19,,10:40:00,RJ,101,319,NITEROI,TRAFEGAR COM MOTOCICLETA (OU SIMILAR) ENTRE AS FAIXAS,COLISÃO LATERAL MESMO SENTIDO,COM VÍTIMAS FERIDAS,PLENO DIA,Crescente,CÉU CLARO,DUPLA,Reta,Não,3,0,1,0,2,0,1,2,-22.85411774,-43.1018014,SPRF-RJ,DEL02-RJ,UOP02-DEL02-RJ,2024,,10,,,,1.0
642909.0,2024-11-19,,13:15:00,RJ,101,304,SAO GONCALO,FREAR BRUSCAMENTE,COLISÃO TRASEIRA,COM VÍTIMAS FERIDAS,PLENO DIA,Crescente,CÉU CLARO,DUPLA,Reta,Sim,1,0,1,0,0,0,1,1,-22.78491869,-42.98627706,SPRF-RJ,DEL02-RJ,UOP02-DEL02-RJ,2024,,13,,,,1.0
642990.0,2024-11-19,,19:59:00,RJ,101,304,SAO GONCALO,DEMAIS FALHAS MECÂNICAS OU ELÉTRICAS,QUEDA DE OCUPANTE DE VEÍCULO,COM VÍTIMAS FERIDAS,PLENA NOITE,Decrescente,CÉU CLARO,DUPLA,Reta,Sim,2,0,0,2,0,0,2,1,-22.78494933,-42.98640784,SPRF-RJ,DEL02-RJ,UOP02-DEL02-RJ,2024,,19,,,,1.0
643006.0,2024-11-19,,19:00:00,RJ,101,309,SAO GONCALO,ENTRADA INOPINADA DO PEDESTRE,ATROPELAMENTO DE PEDESTRE,COM VÍTIMAS FERIDAS,PLENA NOITE,Crescente,CÉU CLARO,DUPLA,Reta,Sim,2,0,0,1,1,0,1,2,-22.79498873,-43.03446105,SPRF-RJ,DEL02-RJ,UOP02-DEL02-RJ,2024,,19,,,,1.0
643101.0,2024-11-20,,13:35:00,RJ,101,306,SAO GONCALO,AVARIAS E/OU DESGASTE EXCESSIVO NO PNEU,QUEDA DE OCUPANTE DE VEÍCULO,COM VÍTIMAS FERIDAS,PLENO DIA,Decrescente,SOL,DUPLA,Reta,Sim,2,0,1,0,1,0,1,1,-22.78913759,-43.00550909,SPRF-RJ,DEL02-RJ,UOP02-DEL02-RJ,2024,,13,,,,1.0
643105.0,2024-11-20,,13:00:00,RJ,493,6,ITABORAI,ACESSAR A VIA SEM OBSERVAR A PRESENÇA DOS OUTROS VEÍCULOS,COLISÃO FRONTAL,COM VÍTIMAS FERIDAS,PLENO DIA,Decrescente,CÉU CLARO,SIMPLES,Reta,Não,2,0,1,0,1,0,1,2,-22.73124198,-42.95145305,SPRF-RJ,DEL02-RJ,UOP02-DEL02-RJ,2024,,13,,,,1.0
643127.0,2024-11-20,,13:30:00,RJ,101,321,NITEROI,AUSÊNCIA DE REAÇÃO DO CONDUTOR,COLISÃO COM OBJETO,COM VÍTIMAS FERIDAS,PLENO DIA,Decrescente,CÉU CLARO,DUPLA,Reta,Sim,1,0,1,0,0,0,1,1,-22.86981096,-43.11046465,SPRF-RJ,DEL02-RJ,UOP01-DEL02-RJ,2024,,13,,,,1.0
643130.0,2024-11-20,,16:30:00,RJ,101,271,RIO BONITO,ACESSAR A VIA SEM OBSERVAR A PRESENÇA DOS OUTROS VEÍCULOS,COLISÃO LATERAL MESMO SENTIDO,COM VÍTIMAS FERIDAS,PLENO DIA,Crescente,SOL,DUPLA,Reta,Sim,3,0,1,1,1,0,2,2,-22.72443147,-42.69368143,SPRF-RJ,DEL02-RJ,UOP03-DEL02-RJ,2024,,16,,,,1.0
643255.0,2024-11-21,,07:50:00,RJ,101,312,SAO GONCALO,AUSÊNCIA DE REAÇÃO DO CONDUTOR,COLISÃO TRASEIRA,COM VÍTIMAS FERIDAS,PLENO DIA,Crescente,CÉU CLARO,DUPLA,Reta,Sim,6,0,3,0,3,0,3,3,-22.80546555,-43.06156967,SPRF-RJ,DEL02-RJ,UOP02-DEL02-RJ,2024,,7,,,,1.0
643515.0,2024-11-22,,16:20:00,RJ,101,310,SAO GONCALO,AUSÊNCIA DE REAÇÃO DO CONDUTOR,COLISÃO TRASEIRA,COM VÍTIMAS FERIDAS,PLENO DIA,Crescente,CÉU CLARO,DUPLA,Reta,Sim,2,0,1,0,1,0,1,2,-22.79717023,-43.04404993,SPRF-RJ,DEL02-RJ,UOP02-DEL02-RJ,2024,,16,,,,1.0
643550.0,2024-11-22,,17:00:00,RJ,101,296,ITABORAI,MANOBRA DE MUDANÇA DE FAIXA,COLISÃO LATERAL MESMO SENTIDO,COM VÍTIMAS FERIDAS,ANOITECER,Decrescente,GAROA/CHUVISCO,MÚLTIPLA,Reta,Sim,2,0,1,0,1,0,1,2,-22.7670498,-42.91019601,SPRF-RJ,DEL02-RJ,UOP02-DEL02-RJ,2024,,17,,,,1.0
643730.0,2024-11-23,,06:00:00,RJ,101,308,SAO GONCALO,REAÇÃO TARDIA OU INEFICIENTE DO CONDUTOR,QUEDA DE OCUPANTE DE VEÍCULO,COM VÍTIMAS FERIDAS,AMANHECER,Crescente,NUBLADO,DUPLA,Reta,Sim,2,0,1,0,1,0,1,1,-22.79309326,-43.02479595,SPRF-RJ,DEL02-RJ,UOP02-DEL02-RJ,2024,,6,,,,1.0
644070.0,2024-11-25,,01:00:00,RJ,101,307,SAO GONCALO,DEMAIS FALHAS MECÂNICAS OU ELÉTRICAS,INCÊNDIO,SEM VÍTIMAS,PLENA NOITE,Crescente,CÉU CLARO,DUPLA,Reta;Viaduto,Sim,1,0,0,0,0,1,0,1,-22.79115777,-43.01514205,SPRF-RJ,DEL02-RJ,UOP02-DEL02-RJ,2024,,1,,,,0.0
644143.0,2024-11-22,,04:55:00,RJ,101,306,SAO GONCALO,INGESTÃO DE ÁLCOOL PELO CONDUTOR,COLISÃO COM OBJETO,COM VÍTIMAS FERIDAS,AMANHECER,Decrescente,NUBLADO,DUPLA,Reta,Sim,5,0,5,0,0,0,5,1,-22.78913759,-43.00550909,SPRF-RJ,DEL02-RJ,UOP02-DEL02-RJ,2024,,4,,,,1.0
644151.0,2024-11-25,,08:50:00,RJ,101,296,SAO GONCALO,TRAFEGAR COM MOTOCICLETA (OU SIMILAR) ENTRE AS FAIXAS,COLISÃO LATERAL MESMO SENTIDO,COM VÍTIMAS FERIDAS,PLENO DIA,Crescente,CÉU CLARO,DUPLA,Reta,Não,2,0,0,1,1,0,1,2,-22.7670498,-42.91019601,SPRF-RJ,DEL02-RJ,UOP02-DEL02-RJ,2024,,8,,,,1.0
644330.0,2024-11-26,,08:03:00,RJ,101,312,SAO GONCALO,REAÇÃO TARDIA OU INEFICIENTE DO CONDUTOR,COLISÃO LATERAL MESMO SENTIDO,COM VÍTIMAS FERIDAS,PLENO DIA,Crescente,CÉU CLARO,DUPLA,Reta,Sim,2,0,1,0,1,0,1,2,-22.80546555,-43.06156967,SPRF-RJ,DEL02-RJ,UOP02-DEL02-RJ,2024,,8,,,,1.0
644471.0,2024-11-26,,11:20:00,RJ,101,318,SAO GONCALO,ACESSAR A VIA SEM OBSERVAR A PRESENÇA DOS OUTROS VEÍCULOS,COLISÃO TRASEIRA,COM VÍTIMAS FERIDAS,PLENO DIA,Decrescente,CÉU CLARO,DUPLA,Reta,Sim,4,0,2,0,2,0,2,2,-22.79309326,-43.02479595,SPRF-RJ,DEL02-RJ,UOP02-DEL02-RJ,2024,,11,,,,1.0
644607.0,2024-11-27,,11:00:00,RJ,101,306,SAO GONCALO,DEMAIS FALHAS MECÂNICAS OU ELÉTRICAS,INCÊNDIO,SEM VÍTIMAS,PLENO DIA,Decrescente,CÉU CLARO,DUPLA,Reta,Sim,1,0,0,0,1,0,0,1,-22.78913759,-43.00550909,SPRF-RJ,DEL02-RJ,UOP02-DEL02-RJ,2024,,11,,,,0.0
644740.0,2024-11-28,,07:30:00,RJ,101,295,ITABORAI,AUSÊNCIA DE REAÇÃO DO CONDUTOR,COLISÃO COM OBJETO,COM VÍTIMAS FERIDAS,PLENO DIA,Decrescente,CÉU CLARO,DUPLA,Reta,Sim,1,0,0,1,0,0,1,1,-22.76732314,-42.91353403,SPRF-RJ,DEL02-RJ,UOP02-DEL02-RJ,2024,,7,,,,1.0
644788.0,2024-11-28,,07:50:00,RJ,101,320,NITEROI,AUSÊNCIA DE REAÇÃO DO CONDUTOR,COLISÃO TRASEIRA,COM VÍTIMAS FERIDAS,PLENO DIA,Decrescente,CÉU CLARO,MÚLTIPLA,Reta,Sim,3,0,3,0,0,0,3,2,-22.86171098,-43.10714015,SPRF-RJ,DEL02-RJ,UOP01-DEL02-RJ,2024,,7,,,,1.0
644810.0,2024-11-28,,16:20:00,RJ,101,269,RIO BONITO,CONDUTOR DEIXOU DE MANTER DISTÂNCIA DO VEÍCULO DA FRENTE,COLISÃO TRASEIRA,COM VÍTIMAS FERIDAS,PLENO DIA,Crescente,SOL,DUPLA,Reta,Sim,1,0,1,0,0,0,1,1,-22.71495082,-42.67804708,SPRF-RJ,DEL02-RJ,UOP03-DEL02-RJ,2024,,16,,,,1.0
644813.0,2024-11-28,,06:20:00,RJ,101,302,SAO GONCALO,TRANSITAR NA CONTRAMÃO,COLISÃO FRONTAL,COM VÍTIMAS FERIDAS,AMANHECER,Crescente,CÉU CLARO,SIMPLES,Retorno Regulamentado,Sim,3,0,2,0,1,0,2,2,-22.78069318,-42.96706396,SPRF-RJ,DEL02-RJ,UOP02-DEL02-RJ,2024,,6,,,,1.0
644819.0,2024-11-08,6.0,13:10:00,RJ,101,295,ITABORAI,MAL SÚBITO DO CONDUTOR,COLISÃO TRASEIRA,COM VÍTIMAS FERIDAS,PLENO DIA,Crescente,CÉU CLARO,MÚLTIPLA,Reta,Sim,3,0,1,0,2,0,1,2,-22.76365068,-42.90223623,SPRF-RJ,DEL02-RJ,UOP02-DEL02-RJ,2024,2024-08-11,13,2024.0,8.0,Domingo,1.0
645102.0,2024-11-29,,14:55:00,RJ,101,322,NITEROI,AUSÊNCIA DE REAÇÃO DO CONDUTOR,ATROPELAMENTO DE PEDESTRE,COM VÍTIMAS FERIDAS,PLENO DIA,Crescente,CÉU CLARO,DUPLA,Reta,Não,2,0,1,0,1,0,1,2,-22.878923,-43.110676,SPRF-RJ,DEL02-RJ,UOP01-DEL02-RJ,2024,,14,,,,1.0
645242.0,2024-11-30,,16:00:00,RJ,101,298,ITABORAI,MANOBRA DE MUDANÇA DE FAIXA,COLISÃO LATERAL MESMO SENTIDO,COM VÍTIMAS FERIDAS,PLENO DIA,Decrescente,CÉU CLARO,DUPLA,Reta,Sim,2,0,1,0,1,0,1,2,-22.7714,-42.92896,SPRF-RJ,DEL02-RJ,UOP02-DEL02-RJ,2024,,16,,,,1.0
645292.0,2024-11-30,,11:10:00,RJ,101,297,ITABORAI,DEMAIS FALHAS MECÂNICAS OU ELÉTRICAS,INCÊNDIO,SEM VÍTIMAS,PLENO DIA,Decrescente,CÉU CLARO,DUPLA,Reta,Sim,1,0,0,0,1,0,0,1,-22.76942037,-42.91873581,SPRF-RJ,DEL02-RJ,UOP02-DEL02-RJ,2024,,11,,,,0.0
645329.0,2024-12-01,4.0,00:06:00,RJ,101,323,NITEROI,CONDUTOR DORMINDO,QUEDA DE OCUPANTE DE VEÍCULO,COM VÍTIMAS FERIDAS,PLENA NOITE,Decrescente,CÉU CLARO,DUPLA,Reta;Ponte,Não,1,0,1,0,0,0,1,1,-22.87684786,-43.11728689,SPRF-RJ,DEL02-RJ,UOP01-DEL02-RJ,2024,2024-01-12,0,2024.0,1.0,Sexta,1.0
645562.0,2024-12-01,4.0,20:30:00,RJ,101,305,SAO GONCALO,CONDUTOR DEIXOU DE MANTER DISTÂNCIA DO VEÍCULO DA FRENTE,COLISÃO TRASEIRA,COM VÍTIMAS FERIDAS,PLENA NOITE,Crescente,CÉU CLARO,MÚLTIPLA,Reta,Sim,2,0,1,0,1,0,1,2,-22.78702832,-42.99589293,SPRF-RJ,DEL02-RJ,UOP02-DEL02-RJ,2024,2024-01-12,20,2024.0,1.0,Sexta,1.0
645575.0,2024-12-01,4.0,22:30:00,RJ,101,294,ITABORAI,ENTRADA INOPINADA DO PEDESTRE,ATROPELAMENTO DE PEDESTRE,COM VÍTIMAS FERIDAS,PLENA NOITE,Decrescente,CÉU CLARO,DUPLA,Reta,Sim,2,0,1,0,1,0,1,2,-22.7584434,-42.89502344,SPRF-RJ,DEL02-RJ,UOP02-DEL02-RJ,2024,2024-01-12,22,2024.0,1.0,Sexta,1.0
645576.0,2024-12-01,4.0,17:20:00,RJ,101,303,SAO GONCALO,MANOBRA DE MUDANÇA DE FAIXA,COLISÃO TRASEIRA,COM VÍTIMAS FERIDAS,PLENO DIA,Crescente,CÉU CLARO,DUPLA,Reta,Não,3,0,1,0,2,0,1,2,-22.7828205,-42.9766681,SPRF-RJ,DEL02-RJ,UOP02-DEL02-RJ,2024,2024-01-12,17,2024.0,1.0,Sexta,1.0
645606.0,2024-12-02,0.0,03:15:00,RJ,101,295,ITABORAI,REAÇÃO TARDIA OU INEFICIENTE DO CONDUTOR,CAPOTAMENTO,SEM VÍTIMAS,PLENA NOITE,Decrescente,CÉU CLARO,DUPLA,Reta,Sim,3,0,0,0,3,0,0,1,-22.76365068,-42.90223623,SPRF-RJ,DEL02-RJ,UOP02-DEL02-RJ,2024,2024-02-12,3,2024.0,2.0,Segunda,0.0
645672.0,2024-07-02,2.0,05:50:00,RJ,101,312,SAO GONCALO,REAÇÃO TARDIA OU INEFICIENTE DO CONDUTOR,COLISÃO TRASEIRA,COM VÍTIMAS FERIDAS,PLENO DIA,Crescente,CÉU CLARO,DUPLA,Reta,Sim,2,0,0,1,1,0,1,2,-22.80546555,-43.06156967,SPRF-RJ,DEL02-RJ,UOP02-DEL02-RJ,2024,2024-02-07,5,2024.0,2.0,Quarta,1.0
645864.0,2024-12-03,1.0,08:05:00,RJ,101,324,NITEROI,AUSÊNCIA DE REAÇÃO DO CONDUTOR,COLISÃO LATERAL MESMO SENTIDO,COM VÍTIMAS FERIDAS,PLENO DIA,Crescente,CÉU CLARO,DUPLA,Reta,Não,3,0,1,0,2,0,1,3,-22.87381074,-43.12640997,SPRF-RJ,DEL02-RJ,UOP01-DEL02-RJ,2024,2024-03-12,8,2024.0,3.0,Terça,1.0