id,data_inversa,dia_semana,horario,uf,br,km,municipio,causa_acidente,tipo_acidente,classificacao_acidente,fase_dia,sentido_via,condicao_metereologica,tipo_pista,tracado_via,uso_solo,pessoas,mortos,feridos_leves,feridos_graves,ilesos,ignorados,feridos,veiculos,latitude,longitude,regional,delegacia,uop,ano_arquivo,data,hora,ano,mes,dia_semana_nome,gravidade
645971.0,2024-12-03,1.0,18:58:00,RJ,101,306,SAO GONCALO,ACUMULO DE ÁGUA SOBRE O PAVIMENTO,COLISÃO TRASEIRA,SEM VÍTIMAS,ANOITECER,Crescente,CHUVA,DUPLA,Reta,Não,2,0,0,0,2,0,0,2,-22.78913759,-43.00550909,SPRF-RJ,DEL02-RJ,UOP02-DEL02-RJ,2024,2024-03-12,18,2024.0,3.0,Terça,0.0
646095.0,2024-12-04,4.0,11:45:00,RJ,101,262,RIO BONITO,PISTA ESCORREGADIA,COLISÃO COM OBJETO,COM VÍTIMAS FERIDAS,PLENO DIA,Crescente,CHUVA,DUPLA,Curva;Viaduto,Sim,1,0,1,0,0,0,1,1,-22.71367506,-42.62052996,SPRF-RJ,DEL02-RJ,UOP03-DEL02-RJ,2024,2024-04-12,11,2024.0,4.0,Sexta,1.0
646353.0,2024-12-05,6.0,19:40:00,RJ,101,324,NITEROI,MANOBRA DE MUDANÇA DE FAIXA,COLISÃO LATERAL MESMO SENTIDO,COM VÍTIMAS FERIDAS,PLENA NOITE,Decrescente,GAROA/CHUVISCO,DUPLA,Ponte;Reta,Não,2,0,1,0,1,0,1,2,-22.87381074,-43.12640997,SPRF-RJ,DEL02-RJ,UOP01-DEL02-RJ,2024,2024-05-12,19,2024.0,5.0,Domingo,1.0
646482.0,2024-12-06,2.0,06:40:00,RJ,101,317,SAO GONCALO,MANOBRA DE MUDANÇA DE FAIXA,QUEDA DE OCUPANTE DE VEÍCULO,COM VÍTIMAS FERIDAS,PLENO DIA,Crescente,CÉU CLARO,SIMPLES,Reta,Sim,3,0,2,0,1,0,2,2,-22.83707798,-43.09492006,SPRF-RJ,DEL02-RJ,UOP02-DEL02-RJ,2024,2024-06-12,6,2024.0,6.0,Quarta,1.0
646753.0,2024-12-07,4.0,09:15:00,RJ,101,296,ITABORAI,CONDUTOR DEIXOU DE MANTER DISTÂNCIA DO VEÍCULO DA FRENTE,COLISÃO TRASEIRA,COM VÍTIMAS FERIDAS,PLENO DIA,Decrescente,CÉU CLARO,DUPLA,Reta,Não,2,0,1,0,1,0,1,2,-22.7670498,-42.91019601,SPRF-RJ,DEL02-RJ,UOP02-DEL02-RJ,2024,2024-07-12,9,2024.0,7.0,Sexta,1.0
646754.0,2024-12-07,4.0,08:45:00,RJ,101,296,ITABORAI,MANOBRA DE MUDANÇA DE FAIXA,COLISÃO LATERAL MESMO SENTIDO,COM VÍTIMAS FERIDAS,PLENO DIA,Decrescente,CÉU CLARO,DUPLA,Reta,Não,2,0,1,0,1,0,1,2,-22.7670498,-42.91019601,SPRF-RJ,DEL02-RJ,UOP02-DEL02-RJ,2024,2024-07-12,8,2024.0,7.0,Sexta,1.0
646768.0,2024-12-07,4.0,10:30:00,RJ,101,320,NITEROI,AVARIAS E/OU DESGASTE EXCESSIVO NO PNEU,TOMBAMENTO,COM VÍTIMAS FERIDAS,PLENO DIA,Crescente,CÉU CLARO,DUPLA,Curva,Sim,2,0,2,0,0,0,2,1,-22.86171098,-43.10714015,SPRF-RJ,DEL02-RJ,UOP01-DEL02-RJ,2024,2024-07-12,10,2024.0,7.0,Sexta,1.0
646818.0,2024-12-07,4.0,15:15:00,RJ,101,329,NITEROI,AUSÊNCIA DE REAÇÃO DO CONDUTOR,COLISÃO TRASEIRA,COM VÍTIMAS FERIDAS,PLENO DIA,Decrescente,CÉU CLARO,MÚLTIPLA,Reta,Não,2,0,1,0,1,0,1,2,-22.86939305,-43.175642,SPRF-RJ,DEL02-RJ,UOP01-DEL02-RJ,2024,2024-07-12,15,2024.0,7.0,Sexta,1.0
646880.0,2024-12-07,4.0,18:30:00,RJ,101,316,SAO GONCALO,AUSÊNCIA DE REAÇÃO DO CONDUTOR,CAPOTAMENTO,COM VÍTIMAS FERIDAS,PLENA NOITE,Crescente,CÉU CLARO,DUPLA,Reta,Sim,1,0,1,0,0,0,1,1,-22.82835879,-43.09208739,SPRF-RJ,DEL02-RJ,UOP02-DEL02-RJ,2024,2024-07-12,18,2024.0,7.0,Sexta,1.0
647162.0,2024-12-08,0.0,19:20:00,RJ,101,263,RIO BONITO,PEDESTRE - INGESTÃO DE ÁLCOOL/ SUBSTÂNCIAS PSICOATIVAS,ATROPELAMENTO DE PEDESTRE,COM VÍTIMAS FERIDAS,PLENA NOITE,Decrescente,CÉU CLARO,DUPLA,Reta,Não,3,0,3,0,0,0,3,2,-22.71887266,-42.62637498,SPRF-RJ,DEL02-RJ,UOP03-DEL02-RJ,2024,2024-08-12,19,2024.0,8.0,Segunda,1.0
647222.0,2024-12-09,3.0,08:00:00,RJ,101,294,ITABORAI,AUSÊNCIA DE REAÇÃO DO CONDUTOR,COLISÃO TRASEIRA,SEM VÍTIMAS,PLENO DIA,Crescente,CÉU CLARO,SIMPLES,Reta,Sim,3,0,0,0,2,1,0,2,-22.7584434,-42.89502344,SPRF-RJ,DEL02-RJ,UOP02-DEL02-RJ,2024,2024-09-12,8,2024.0,9.0,Quinta,0.0
647230.0,2024-12-09,3.0,07:00:00,RJ,101,313,SAO GONCALO,AUSÊNCIA DE REAÇÃO DO CONDUTOR,COLISÃO LATERAL MESMO SENTIDO,COM VÍTIMAS FERIDAS,PLENO DIA,Crescente,CÉU CLARO,DUPLA,Reta,Sim,3,0,1,0,2,0,1,2,-22.81049093,-43.06983304,SPRF-RJ,DEL02-RJ,UOP02-DEL02-RJ,2024,2024-09-12,7,2024.0,9.0,Quinta,1.0
647282.0,2024-12-09,3.0,05:40:00,RJ,101,296,ITABORAI,VELOCIDADE INCOMPATÍVEL,COLISÃO COM OBJETO,COM VÍTIMAS FATAIS,AMANHECER,Decrescente,CÉU CLARO,DUPLA,Curva,Sim,1,1,0,0,0,0,0,1,-22.7670498,-42.91019601,SPRF-RJ,DEL02-RJ,UOP02-DEL02-RJ,2024,2024-09-12,5,2024.0,9.0,Quinta,2.0
647402.0,2024-12-09,3.0,22:37:00,RJ,101,326,NITEROI,DEMAIS FALHAS MECÂNICAS OU ELÉTRICAS,QUEDA DE OCUPANTE DE VEÍCULO,COM VÍTIMAS FERIDAS,PLENA NOITE,Decrescente,CÉU CLARO,DUPLA,Declive,Não,2,0,1,0,1,0,1,1,-22.87206203,-43.146105,SPRF-RJ,DEL02-RJ,UOP01-DEL02-RJ,2024,2024-09-12,22,2024.0,9.0,Quinta,1.0
647555.0,2024-12-10,5.0,18:00:00,RJ,101,293,ITABORAI,FREAR BRUSCAMENTE,COLISÃO TRASEIRA,SEM VÍTIMAS,ANOITECER,Crescente,NUBLADO,DUPLA,Reta,Sim,5,0,0,0,4,1,0,3,-22.756203,-42.88724,SPRF-RJ,DEL02-RJ,UOP02-DEL02-RJ,2024,2024-10-12,18,2024.0,10.0,Sábado,0.0
647596.0,2024-12-10,5.0,21:50:00,RJ,493,7,ITABORAI,TRANSITAR NA CONTRAMÃO,COLISÃO FRONTAL,COM VÍTIMAS FERIDAS,PLENA NOITE,Crescente,CHUVA,DUPLA,Reta,Não,2,0,0,1,1,0,1,2,-22.72241646,-42.95150042,SPRF-RJ,DEL02-RJ,UOP02-DEL02-RJ,2024,2024-10-12,21,2024.0,10.0,Sábado,1.0
647795.0,2024-12-11,1.0,18:30:00,RJ,101,319,NITEROI,TRAFEGAR COM MOTOCICLETA (OU SIMILAR) ENTRE AS FAIXAS,COLISÃO TRASEIRA,COM VÍTIMAS FERIDAS,PLENA NOITE,Decrescente,CÉU CLARO,DUPLA,Reta,Não,2,0,1,0,1,0,1,2,-22.85411774,-43.1018014,SPRF-RJ,DEL02-RJ,UOP02-DEL02-RJ,2024,2024-11-12,18,2024.0,11.0,Terça,1.0
647853.0,2024-12-12,3.0,06:05:00,RJ,101,"321,9",NITEROI,AUSÊNCIA DE REAÇÃO DO CONDUTOR,COLISÃO TRASEIRA,COM VÍTIMAS FERIDAS,PLENO DIA,Crescente,CÉU CLARO,DUPLA,Reta,Sim,2,0,1,0,1,0,1,2,-22.86981096,-43.11046465,SPRF-RJ,DEL02-RJ,UOP01-DEL02-RJ,2024,2024-12-12,6,2024.0,12.0,Quinta,1.0
647927.0,2024-12-12,3.0,14:00:00,RJ,101,"324,4",NITEROI,AUSÊNCIA DE REAÇÃO DO CONDUTOR,COLISÃO TRASEIRA,COM VÍTIMAS FERIDAS,PLENO DIA,Decrescente,CÉU CLARO,MÚLTIPLA,Reta,Sim,2,0,1,0,1,0,1,2,-22.87381074,-43.12640997,SPRF-RJ,DEL02-RJ,UOP01-DEL02-RJ,2024,2024-12-12,14,2024.0,12.0,Quinta,1.0
647958.0,2024-12-12,3.0,16:10:00,RJ,101,309,SAO GONCALO,CONDUTOR DEIXOU DE MANTER DISTÂNCIA DO VEÍCULO DA FRENTE,COLISÃO TRASEIRA,SEM VÍTIMAS,PLENO DIA,Decrescente,CÉU CLARO,DUPLA,Reta,Sim,2,0,0,0,2,0,0,2,-22.79498873,-43.03446105,SPRF-RJ,DEL02-RJ,UOP02-DEL02-RJ,2024,2024-12-12,16,2024.0,12.0,Quinta,0.0
648003.0,2024-12-12,3.0,18:10:00,RJ,101,267,RIO BONITO,AUSÊNCIA DE REAÇÃO DO CONDUTOR,TOMBAMENTO,COM VÍTIMAS FERIDAS,PLENA NOITE,Crescente,NUBLADO,DUPLA,Reta,Não,1,0,1,0,0,0,1,1,-22.70728329,-42.66059086,SPRF-RJ,DEL02-RJ,UOP03-DEL02-RJ,2024,2024-12-12,18,2024.0,12.0,Quinta,1.0
648035.0,2024-12-12,3.0,22:00:00,RJ,101,322,NITEROI,AUSÊNCIA DE REAÇÃO DO CONDUTOR,ENGAVETAMENTO,COM VÍTIMAS FERIDAS,PLENA NOITE,Decrescente,CÉU CLARO,SIMPLES,Ponte;Reta,Sim,6,0,1,0,5,0,1,5,-22.878923,-43.110676,SPRF-RJ,DEL02-RJ,UOP01-DEL02-RJ,2024,2024-12-12,22,2024.0,12.0,Quinta,1.0
648069.0,2024-12-13,,04:45:00,RJ,101,323,NITEROI,AUSÊNCIA DE REAÇÃO DO CONDUTOR,COLISÃO TRASEIRA,COM VÍTIMAS FERIDAS,AMANHECER,Decrescente,CÉU CLARO,MÚLTIPLA,Reta,Sim,2,0,1,0,1,0,1,2,-22.87684786,-43.11728689,SPRF-RJ,DEL02-RJ,UOP01-DEL02-RJ,2024,,4,,,,1.0
648189.0,2024-12-13,,12:30:00,RJ,493,1,ITABORAI,RETORNO PROIBIDO,COLISÃO TRANSVERSAL,COM VÍTIMAS FERIDAS,PLENO DIA,Decrescente,CÉU CLARO,DUPLA,Reta,Sim,2,0,1,0,1,0,1,2,-22.76398788,-42.92731895,SPRF-RJ,DEL02-RJ,UOP02-DEL02-RJ,2024,,12,,,,1.0
648222.0,2024-12-13,,16:00:00,RJ,101,325,NITEROI,CONDUTOR DEIXOU DE MANTER DISTÂNCIA DO VEÍCULO DA FRENTE,COLISÃO LATERAL MESMO SENTIDO,COM VÍTIMAS FERIDAS,PLENO DIA,Decrescente,CÉU CLARO,DUPLA,Reta,Não,3,0,1,0,2,0,1,2,-22.87292569,-43.13625699,SPRF-RJ,DEL02-RJ,UOP01-DEL02-RJ,2024,,16,,,,1.0
648226.0,2024-12-13,,18:40:00,RJ,493,4,ITABORAI,DEFICIÊNCIA DO SISTEMA DE ILUMINAÇÃO/SINALIZAÇÃO,COLISÃO TRASEIRA,COM VÍTIMAS FERIDAS,PLENA NOITE,Decrescente,NUBLADO,DUPLA,Reta,Sim,3,0,1,0,2,0,1,2,-22.74828913,-42.9500441,SPRF-RJ,DEL02-RJ,UOP02-DEL02-RJ,2024,,18,,,,1.0
648296.0,2024-12-14,,00:10:00,RJ,101,316,SAO GONCALO,AUSÊNCIA DE REAÇÃO DO CONDUTOR,COLISÃO TRASEIRA,COM VÍTIMAS FERIDAS,PLENO DIA,Decrescente,CÉU CLARO,DUPLA,Reta,Sim,2,0,0,1,1,0,1,2,-22.82835879,-43.09208739,SPRF-RJ,DEL02-RJ,UOP02-DEL02-RJ,2024,,0,,,,1.0
648640.0,2024-12-15,,06:21:00,RJ,101,327,NITEROI,AUSÊNCIA DE REAÇÃO DO CONDUTOR,COLISÃO LATERAL MESMO SENTIDO,SEM VÍTIMAS,PLENO DIA,Decrescente,CHUVA,DUPLA,Reta,Não,2,0,0,0,2,0,0,2,-22.87117393,-43.15595099,SPRF-RJ,DEL02-RJ,UOP01-DEL02-RJ,2024,,6,,,,0.0
648889.0,2024-12-16,,07:59:00,RJ,101,322,NITEROI,PEDESTRE ANDAVA NA PISTA,ATROPELAMENTO DE PEDESTRE,COM VÍTIMAS FERIDAS,PLENO DIA,Crescente,CÉU CLARO,DUPLA,Reta,Sim,2,0,1,0,1,0,1,2,-22.878923,-43.110676,SPRF-RJ,DEL02-RJ,UOP01-DEL02-RJ,2024,,7,,,,1.0
648925.0,2024-12-16,,11:00:00,RJ,101,321,NITEROI,REAÇÃO TARDIA OU INEFICIENTE DO CONDUTOR,COLISÃO TRASEIRA,COM VÍTIMAS FERIDAS,PLENO DIA,Crescente,CÉU CLARO,SIMPLES,Reta,Sim,3,0,2,0,1,0,2,2,-22.86981096,-43.11046465,SPRF-RJ,DEL02-RJ,UOP01-DEL02-RJ,2024,,11,,,,1.0
648981.0,2024-12-12,3.0,10:00:00,RJ,101,287,ITABORAI,FREAR BRUSCAMENTE,QUEDA DE OCUPANTE DE VEÍCULO,COM VÍTIMAS FERIDAS,PLENO DIA,Crescente,CÉU CLARO,DUPLA,Reta,Não,1,0,1,0,0,0,1,1,-22.75517486,-42.83462502,SPRF-RJ,DEL02-RJ,UOP02-DEL02-RJ,2024,2024-12-12,10,2024.0,12.0,Quinta,1.0
648989.0,2024-12-13,,03:20:00,RJ,101,313,SAO GONCALO,AUSÊNCIA DE REAÇÃO DO CONDUTOR,CAPOTAMENTO,SEM VÍTIMAS,PLENA NOITE,Decrescente,CÉU CLARO,DUPLA,Reta,Não,1,0,0,0,1,0,0,1,-22.81049093,-43.06983304,SPRF-RJ,DEL02-RJ,UOP02-DEL02-RJ,2024,,3,,,,0.0
649003.0,2024-12-16,,11:00:00,RJ,101,304,SAO GONCALO,DEMAIS FALHAS MECÂNICAS OU ELÉTRICAS,COLISÃO LATERAL MESMO SENTIDO,SEM VÍTIMAS,PLENO DIA,Crescente,CÉU CLARO,DUPLA,Reta,Sim,2,0,0,0,2,0,0,2,-22.78491869,-42.98627706,SPRF-RJ,DEL02-RJ,UOP02-DEL02-RJ,2024,,11,,,,0.0
649114.0,2024-12-17,,09:30:00,RJ,101,323,NITEROI,FREAR BRUSCAMENTE,COLISÃO LATERAL MESMO SENTIDO,SEM VÍTIMAS,PLENO DIA,Crescente,CÉU CLARO,DUPLA,Reta;Ponte,Não,3,0,0,0,3,0,0,3,-22.87684786,-43.11728689,SPRF-RJ,DEL02-RJ,UOP01-DEL02-RJ,2024,,9,,,,0.0
649168.0,2024-12-17,,13:10:00,RJ,101,293,ITABORAI,ACESSAR A VIA SEM OBSERVAR A PRESENÇA DOS OUTROS VEÍCULOS,COLISÃO TRANSVERSAL,COM VÍTIMAS FERIDAS,PLENO DIA,Crescente,NUBLADO,DUPLA,Retorno Regulamentado,Sim,2,0,1,0,1,0,1,2,-22.756203,-42.88724,SPRF-RJ,DEL02-RJ,UOP02-DEL02-RJ,2024,,13,,,,1.0
649234.0,2024-12-13,,11:36:00,RJ,101,320,NITEROI,CONDUTOR DEIXOU DE MANTER DISTÂNCIA DO VEÍCULO DA FRENTE,COLISÃO TRASEIRA,COM VÍTIMAS FERIDAS,PLENO DIA,Crescente,CÉU CLARO,DUPLA,Reta,Não,2,0,1,0,1,0,1,2,-22.86171098,-43.10714015,SPRF-RJ,DEL02-RJ,UOP01-DEL02-RJ,2024,,11,,,,1.0
649360.0,2024-12-18,,12:40:00,RJ,101,306,SAO GONCALO,TRAFEGAR COM MOTOCICLETA (OU SIMILAR) ENTRE AS FAIXAS,COLISÃO TRANSVERSAL,COM VÍTIMAS FERIDAS,PLENO DIA,Decrescente,NUBLADO,DUPLA,Reta,Sim,2,0,1,0,1,0,1,2,-22.78913759,-43.00550909,SPRF-RJ,DEL02-RJ,UOP02-DEL02-RJ,2024,,12,,,,1.0
649492.0,2024-12-18,,09:20:00,RJ,101,313,SAO GONCALO,AVARIAS E/OU DESGASTE EXCESSIVO NO PNEU,QUEDA DE OCUPANTE DE VEÍCULO,COM VÍTIMAS FERIDAS,AMANHECER,Crescente,CÉU CLARO,DUPLA,Reta,Sim,2,0,1,0,1,0,1,1,-22.81049093,-43.06983304,SPRF-RJ,DEL02-RJ,UOP02-DEL02-RJ,2024,,9,,,,1.0
649579.0,2024-11-30,,11:00:00,RJ,493,1,ITABORAI,CONVERSÃO PROIBIDA,COLISÃO FRONTAL,COM VÍTIMAS FERIDAS,PLENO DIA,Crescente,CÉU CLARO,SIMPLES,Reta,Não,2,0,1,0,1,0,1,2,-22.76398788,-42.92731895,SPRF-RJ,DEL02-RJ,UOP02-DEL02-RJ,2024,,11,,,,1.0
649670.0,2024-12-19,,18:55:00,RJ,101,297,ITABORAI,TRAFEGAR COM MOTOCICLETA (OU SIMILAR) ENTRE AS FAIXAS,COLISÃO LATERAL MESMO SENTIDO,COM VÍTIMAS FERIDAS,PLENA NOITE,Crescente,CÉU CLARO,DUPLA,Reta,Sim,2,0,1,0,1,0,1,2,-22.76942037,-42.91873581,SPRF-RJ,DEL02-RJ,UOP02-DEL02-RJ,2024,,18,,,,1.0
649711.0,2024-12-19,,21:04:00,RJ,101,327,NITEROI,AUSÊNCIA DE REAÇÃO DO CONDUTOR,COLISÃO LATERAL MESMO SENTIDO,SEM VÍTIMAS,PLENA NOITE,Decrescente,CÉU CLARO,DUPLA,Reta,Não,2,0,0,0,2,0,0,2,-22.87117393,-43.15595099,SPRF-RJ,DEL02-RJ,UOP01-DEL02-RJ,2024,,21,,,,0.0
649797.0,2024-12-20,,10:25:00,RJ,101,316,SAO GONCALO,DEMAIS FALHAS MECÂNICAS OU ELÉTRICAS,COLISÃO TRASEIRA,COM VÍTIMAS FERIDAS,PLENO DIA,Crescente,CÉU CLARO,DUPLA,Reta,Sim,7,0,2,0,5,0,2,5,-22.82835879,-43.09208739,SPRF-RJ,DEL02-RJ,UOP02-DEL02-RJ,2024,,10,,,,1.0
649842.0,2024-12-20,,11:05:00,RJ,101,261,RIO BONITO,VELOCIDADE INCOMPATÍVEL,SAÍDA DE LEITO CARROÇÁVEL,COM VÍTIMAS FERIDAS,PLENO DIA,Decrescente,CÉU CLARO,DUPLA,Curva,Não,1,0,0,1,0,0,1,1,-22.71139378,-42.61157199,SPRF-RJ,DEL02-RJ,UOP03-DEL02-RJ,2024,,11,,,,1.0
649873.0,2024-12-20,,15:50:00,RJ,101,321,NITEROI,DEMAIS FALHAS MECÂNICAS OU ELÉTRICAS,INCÊNDIO,SEM VÍTIMAS,PLENO DIA,Crescente,CHUVA,DUPLA,Reta,Não,1,0,0,0,1,0,0,1,-22.86981096,-43.11046465,SPRF-RJ,DEL02-RJ,UOP01-DEL02-RJ,2024,,15,,,,0.0
649886.0,2024-12-20,,14:00:00,RJ,101,"261,4",RIO BONITO,AUSÊNCIA DE REAÇÃO DO CONDUTOR,COLISÃO COM OBJETO,COM VÍTIMAS FATAIS,PLENO DIA,Crescente,CÉU CLARO,DUPLA,Curva,Não,2,2,0,0,0,0,0,1,-22.71139378,-42.61157199,SPRF-RJ,DEL02-RJ,UOP03-DEL02-RJ,2024,,14,,,,2.0
650117.0,2024-12-21,,08:10:00,RJ,101,301,SAO GONCALO,CONDUTOR DEIXOU DE MANTER DISTÂNCIA DO VEÍCULO DA FRENTE,COLISÃO TRASEIRA,COM VÍTIMAS FERIDAS,PLENO DIA,Decrescente,NUBLADO,DUPLA,Reta,Não,3,0,1,0,2,0,1,2,-22.77857497,-42.95745101,SPRF-RJ,DEL02-RJ,UOP02-DEL02-RJ,2024,,8,,,,1.0
650651.0,2024-12-22,,20:30:00,RJ,101,319,NITEROI,PEDESTRE CRUZAVA A PISTA FORA DA FAIXA,ATROPELAMENTO DE PEDESTRE,COM VÍTIMAS FERIDAS,PLENA NOITE,Decrescente,CHUVA,MÚLTIPLA,Reta,Sim,2,0,1,0,1,0,1,2,-22.85411774,-43.1018014,SPRF-RJ,DEL02-RJ,UOP02-DEL02-RJ,2024,,20,,,,1.0
650680.0,2024-12-23,,04:20:00,RJ,101,322,NITEROI,AUSÊNCIA DE REAÇÃO DO CONDUTOR,COLISÃO COM OBJETO,COM VÍTIMAS FERIDAS,PLENA NOITE,Crescente,NUBLADO,MÚLTIPLA,Reta,Sim,5,0,1,0,4,0,1,1,-22.878923,-43.110676,SPRF-RJ,DEL02-RJ,UOP01-DEL02-RJ,2024,,4,,,,1.0
650771.0,2024-12-23,,10:38:00,RJ,101,320,NITEROI,AUSÊNCIA DE REAÇÃO DO CONDUTOR,COLISÃO LATERAL MESMO SENTIDO,COM VÍTIMAS FERIDAS,PLENO DIA,Crescente,NUBLADO,DUPLA,Curva,Não,2,0,1,0,1,0,1,2,-22.86171098,-43.10714015,SPRF-RJ,DEL02-RJ,UOP01-DEL02-RJ,2024,,10,,,,1.0
650885.0,2024-12-09,3.0,19:30:00,RJ,101,276,RIO BONITO,MANOBRA DE MUDANÇA DE FAIXA,COLISÃO TRASEIRA,COM VÍTIMAS FERIDAS,PLENA NOITE,Crescente,CÉU CLARO,DUPLA,Reta,Sim,3,0,2,0,1,0,2,2,-22.73796393,-42.73871802,SPRF-RJ,DEL02-RJ,UOP03-DEL02-RJ,2024,2024-09-12,19,2024.0,9.0,Quinta,1.0
650946.0,2024-12-20,,13:00:00,RJ,101,294,ITABORAI,AUSÊNCIA DE REAÇÃO DO CONDUTOR,COLISÃO TRASEIRA,COM VÍTIMAS FERIDAS,PLENO DIA,Crescente,CÉU CLARO,DUPLA,Reta,Sim,2,0,1,0,1,0,1,2,-22.7584434,-42.89502344,SPRF-RJ,DEL02-RJ,UOP02-DEL02-RJ,2024,,13,,,,1.0
651220.0,2024-12-25,,16:30:00,RJ,101,323,NITEROI,AUSÊNCIA DE REAÇÃO DO CONDUTOR,COLISÃO COM OBJETO,COM VÍTIMAS FERIDAS,PLENO DIA,Crescente,CÉU CLARO,DUPLA,Reta;Ponte,Não,1,0,1,0,0,0,1,1,-22.87684786,-43.11728689,SPRF-RJ,DEL02-RJ,UOP01-DEL02-RJ,2024,,16,,,,1.0
651410.0,2024-12-26,,12:00:00,RJ,101,309,SAO GONCALO,REAÇÃO TARDIA OU INEFICIENTE DO CONDUTOR,COLISÃO LATERAL MESMO SENTIDO,COM VÍTIMAS FERIDAS,PLENO DIA,Crescente,CÉU CLARO,DUPLA,Reta,Não,2,0,0,1,1,0,1,2,-22.79498873,-43.03446105,SPRF-RJ,DEL02-RJ,UOP02-DEL02-RJ,2024,,12,,,,1.0
651495.0,2024-12-26,,17:50:00,RJ,101,266,RIO BONITO,REAÇÃO TARDIA OU INEFICIENTE DO CONDUTOR,ATROPELAMENTO DE PEDESTRE,COM VÍTIMAS FATAIS,ANOITECER,Decrescente,CHUVA,DUPLA,Reta,Sim,2,1,0,0,1,0,0,2,-22.70861445,-42.65178735,SPRF-RJ,DEL02-RJ,UOP03-DEL02-RJ,2024,,17,,,,2.0
651600.0,2024-12-27,,08:00:00,RJ,101,296,ITABORAI,CONDUTOR DEIXOU DE MANTER DISTÂNCIA DO VEÍCULO DA FRENTE,ENGAVETAMENTO,COM VÍTIMAS FERIDAS,PLENO DIA,Decrescente,GAROA/CHUVISCO,DUPLA,Reta,Não,4,0,1,0,3,0,1,3,-22.7670498,-42.91019601,SPRF-RJ,DEL02-RJ,UOP02-DEL02-RJ,2024,,8,,,,1.0
651830.0,2024-12-28,,05:30:00,RJ,101,293,ITABORAI,REAÇÃO TARDIA OU INEFICIENTE DO CONDUTOR,QUEDA DE OCUPANTE DE VEÍCULO,COM VÍTIMAS FERIDAS,PLENO DIA,Crescente,CÉU CLARO,MÚLTIPLA,Reta,Sim,1,0,1,0,0,0,1,1,-22.75584624,-42.89183889,SPRF-RJ,DEL02-RJ,UOP02-DEL02-RJ,2024,,5,,,,1.0
651841.0,2024-12-28,,10:45:00,RJ,101,326,NITEROI,AUSÊNCIA DE REAÇÃO DO CONDUTOR,COLISÃO TRASEIRA,COM VÍTIMAS FERIDAS,PLENO DIA,Decrescente,CÉU CLARO,MÚLTIPLA,Reta,Sim,2,0,1,0,1,0,1,2,-22.87206203,-43.146105,SPRF-RJ,DEL02-RJ,UOP01-DEL02-RJ,2024,,10,,,,1.0
651863.0,2024-12-28,,12:40:00,RJ,101,328,NITEROI,DEMAIS FALHAS MECÂNICAS OU ELÉTRICAS,COLISÃO COM OBJETO,COM VÍTIMAS FERIDAS,PLENO DIA,Crescente,CÉU CLARO,DUPLA,Reta,Sim,1,0,0,1,0,0,1,1,-22.87028692,-43.16579699,SPRF-RJ,DEL02-RJ,UOP01-DEL02-RJ,2024,,12,,,,1.0
651891.0,2024-12-28,,12:45:00,RJ,493,"0,5",ITABORAI,ACESSAR A VIA SEM OBSERVAR A PRESENÇA DOS OUTROS VEÍCULOS,COLISÃO TRANSVERSAL,COM VÍTIMAS FERIDAS,PLENO DIA,Decrescente,NUBLADO,SIMPLES,Curva,Sim,6,0,1,0,5,0,1,2,-22.76626,-42.923368,SPRF-RJ,DEL02-RJ,UOP02-DEL02-RJ,2024,,12,,,,1.0
651985.0,2024-12-29,,03:15:00,RJ,101,298,ITABORAI,INGESTÃO DE ÁLCOOL PELO CONDUTOR,CAPOTAMENTO,COM VÍTIMAS FERIDAS,PLENO DIA,Crescente,CÉU CLARO,DUPLA,Reta,Sim,1,0,1,0,0,0,1,1,-22.77157164,-42.93163061,SPRF-RJ,DEL02-RJ,UOP02-DEL02-RJ,2024,,3,,,,1.0
652078.0,2024-12-29,,18:40:00,RJ,101,310,SAO GONCALO,DEMAIS FALHAS MECÂNICAS OU ELÉTRICAS,COLISÃO COM OBJETO,SEM VÍTIMAS,PLENO DIA,Crescente,NUBLADO,DUPLA,Reta,Não,1,0,0,0,1,0,0,1,-22.79717023,-43.04404993,SPRF-RJ,DEL02-RJ,UOP02-DEL02-RJ,2024,,18,,,,0.0
652204.0,2024-12-30,,12:00:00,RJ,101,300,SAO GONCALO,TRAFEGAR COM MOTOCICLETA (OU SIMILAR) ENTRE AS FAIXAS,COLISÃO LATERAL MESMO SENTIDO,COM VÍTIMAS FERIDAS,PLENO DIA,Decrescente,NUBLADO,DUPLA,Reta;Declive,Sim,2,0,0,1,1,0,1,2,-22.77671569,-42.94931173,SPRF-RJ,DEL02-RJ,UOP02-DEL02-RJ,2024,,12,,,,1.0
652218.0,2024-12-30,,12:10:00,RJ,101,303,SAO GONCALO,MANOBRA DE MUDANÇA DE FAIXA,COLISÃO TRASEIRA,SEM VÍTIMAS,PLENO DIA,Decrescente,CHUVA,DUPLA,Reta,Sim,3,0,0,0,3,0,0,2,-22.7828205,-42.9766681,SPRF-RJ,DEL02-RJ,UOP02-DEL02-RJ,2024,,12,,,,0.0