id,data_inversa,dia_semana,horario,uf,br,km,municipio,causa_acidente,tipo_acidente,classificacao_acidente,fase_dia,sentido_via,condicao_metereologica,tipo_pista,tracado_via,uso_solo,pessoas,mortos,feridos_leves,feridos_graves,ilesos,ignorados,feridos,veiculos,latitude,longitude,regional,delegacia,uop,ano_arquivo,data,hora,ano,mes,dia_semana_nome,gravidade
652313.0,2024-12-31,,02:15:00,RJ,493,8,ITABORAI,ANIMAIS NA PISTA,ATROPELAMENTO DE ANIMAL,COM VÍTIMAS FERIDAS,PLENA NOITE,Crescente,CÉU CLARO,SIMPLES,Reta,Não,1,0,1,0,0,0,1,1,-22.71330892,-42.95334574,SPRF-RJ,DEL04-RJ,UOP02-DEL04-RJ,2024,,2,,,,1.0
652398.0,2024-12-31,,11:00:00,RJ,101,295,ITABORAI,AUSÊNCIA DE REAÇÃO DO CONDUTOR,COLISÃO TRASEIRA,COM VÍTIMAS FERIDAS,PLENO DIA,Crescente,CÉU CLARO,DUPLA,Reta,Sim,2,0,1,0,1,0,1,2,-22.76365068,-42.90223623,SPRF-RJ,DEL02-RJ,UOP02-DEL02-RJ,2024,,11,,,,1.0
652438.0,2024-12-31,,20:00:00,RJ,101,306,SAO GONCALO,AVARIAS E/OU DESGASTE EXCESSIVO NO PNEU,COLISÃO LATERAL MESMO SENTIDO,COM VÍTIMAS FERIDAS,PLENA NOITE,Crescente,CÉU CLARO,DUPLA,Reta,Não,3,0,2,0,1,0,2,2,-22.78913759,-43.00550909,SPRF-RJ,DEL02-RJ,UOP02-DEL02-RJ,2024,,20,,,,1.0
652499.0,2024-12-28,,11:15:00,RJ,101,295,ITABORAI,AUSÊNCIA DE REAÇÃO DO CONDUTOR,QUEDA DE OCUPANTE DE VEÍCULO,COM VÍTIMAS FERIDAS,PLENO DIA,Crescente,CÉU CLARO,DUPLA,Reta,Não,2,0,2,0,0,0,2,1,-22.76365068,-42.90223623,SPRF-RJ,DEL02-RJ,UOP02-DEL02-RJ,2024,,11,,,,1.0
653248.0,2024-11-29,,11:00:00,RJ,493,1,ITABORAI,CONVERSÃO PROIBIDA,COLISÃO FRONTAL,COM VÍTIMAS FERIDAS,PLENO DIA,Crescente,CÉU CLARO,DUPLA,Reta,Não,2,0,1,0,1,0,1,2,-22.76398788,-42.92731895,SPRF-RJ,DEL02-RJ,UOP02-DEL02-RJ,2024,,11,,,,1.0
654073.0,2024-11-09,2.0,19:40:00,RJ,101,311,SAO GONCALO,DEMAIS FALHAS MECÂNICAS OU ELÉTRICAS,INCÊNDIO,SEM VÍTIMAS,PLENA NOITE,Crescente,GAROA/CHUVISCO,DUPLA,Reta,Não,5,0,0,0,5,0,0,1,-22.80062246,-43.05318779,SPRF-RJ,DEL02-RJ,UOP02-DEL02-RJ,2024,2024-09-11,19,2024.0,9.0,Quarta,0.0
656460.0,2024-12-04,4.0,07:34:00,RJ,101,296,ITABORAI,AUSÊNCIA DE REAÇÃO DO CONDUTOR,COLISÃO TRASEIRA,COM VÍTIMAS FERIDAS,PLENO DIA,Decrescente,CHUVA,DUPLA,Reta,Sim,5,0,1,0,1,3,1,4,-22.7670498,-42.91019601,SPRF-RJ,DEL02-RJ,UOP02-DEL02-RJ,2024,2024-04-12,7,2024.0,4.0,Sexta,1.0
659475.0,2024-12-08,0.0,15:30:00,RJ,101,"311,7",SAO GONCALO,INGESTÃO DE ÁLCOOL PELO CONDUTOR,COLISÃO COM OBJETO,SEM VÍTIMAS,PLENO DIA,Decrescente,CÉU CLARO,DUPLA,Reta,Sim,1,0,0,0,1,0,0,1,-22.80062246,-43.05318779,SPRF-RJ,DEL02-RJ,UOP02-DEL02-RJ,2024,2024-08-12,15,2024.0,8.0,Segunda,0.0
660656.0,2024-10-25,,08:20:00,RJ,101,313,SAO GONCALO,CONDUTOR DEIXOU DE MANTER DISTÂNCIA DO VEÍCULO DA FRENTE,COLISÃO TRASEIRA,COM VÍTIMAS FERIDAS,PLENO DIA,Crescente,NUBLADO,DUPLA,Reta,Não,7,0,2,0,5,0,2,2,-22.81049093,-43.06983304,SPRF-RJ,DEL02-RJ,UOP02-DEL02-RJ,2024,,8,,,,1.0
653470.0,2025-01-06,6.0,08:40:00,RJ,101,323,NITEROI,AUSÊNCIA DE REAÇÃO DO CONDUTOR,COLISÃO TRASEIRA,COM VÍTIMAS FERIDAS,PLENO DIA,Decrescente,CÉU CLARO,DUPLA,Ponte;Curva,Não,3,0,1,0,2,0,1,3,-22.87438415,-43.12238932,SPRF-RJ,DEL02-RJ,UOP01-DEL02-RJ,2025,2025-06-01,8,2025.0,6.0,Domingo,1.0
653945.0,2025-01-08,4.0,23:00:00,RJ,493,1,ITABORAI,REAÇÃO TARDIA OU INEFICIENTE DO CONDUTOR,COLISÃO TRASEIRA,COM VÍTIMAS FATAIS,PLENA NOITE,Crescente,CHUVA,SIMPLES,Reta,Sim,2,1,0,0,0,1,0,2,-22.76937547,-42.9225111,SPRF-RJ,DEL02-RJ,UOP02-DEL02-RJ,2025,2025-08-01,23,2025.0,8.0,Sexta,2.0
655016.0,2025-01-14,,08:00:00,RJ,101,294,ITABORAI,AUSÊNCIA DE REAÇÃO DO CONDUTOR,COLISÃO LATERAL MESMO SENTIDO,COM VÍTIMAS FERIDAS,PLENO DIA,Crescente,NUBLADO,DUPLA,Reta,Sim,2,0,1,0,1,0,1,2,-22.7584434,-42.89502344,SPRF-RJ,DEL02-RJ,UOP02-DEL02-RJ,2025,,8,,,,1.0
655846.0,2025-01-18,,09:30:00,RJ,101,"250,7",RIO BONITO,CONDUTOR DORMINDO,COLISÃO COM OBJETO,COM VÍTIMAS FERIDAS,PLENO DIA,Crescente,CÉU CLARO,DUPLA,Reta,Não,2,0,0,1,1,0,1,1,-22.67476921,-42.51607987,SPRF-RJ,DEL02-RJ,UOP03-DEL02-RJ,2025,,9,,,,1.0
657796.0,2025-01-27,,15:20:00,RJ,101,295,ITABORAI,DEMAIS FALHAS MECÂNICAS OU ELÉTRICAS,TOMBAMENTO,COM VÍTIMAS FERIDAS,PLENO DIA,Decrescente,SOL,DUPLA,Reta,Sim,1,0,1,0,0,0,1,1,-22.76365068,-42.90223623,SPRF-RJ,DEL02-RJ,UOP02-DEL02-RJ,2025,,15,,,,1.0
658483.0,2025-01-31,,19:00:00,RJ,101,294,ITABORAI,TRAFEGAR COM MOTOCICLETA (OU SIMILAR) ENTRE AS FAIXAS,COLISÃO TRANSVERSAL,COM VÍTIMAS FATAIS,PLENA NOITE,Decrescente,CHUVA,DUPLA,Reta,Sim,4,1,0,0,2,1,0,4,-22.7584434,-42.89502344,SPRF-RJ,DEL02-RJ,UOP02-DEL02-RJ,2025,,19,,,,2.0
659523.0,2025-02-06,0.0,04:15:00,RJ,101,261,RIO BONITO,AUSÊNCIA DE REAÇÃO DO CONDUTOR,COLISÃO TRASEIRA,SEM VÍTIMAS,AMANHECER,Crescente,IGNORADO,DUPLA,Reta,Não,3,0,0,0,2,1,0,3,-22.71139378,-42.61157199,SPRF-RJ,DEL02-RJ,UOP03-DEL02-RJ,2025,2025-06-02,4,2025.0,6.0,Segunda,0.0
659934.0,2025-02-07,2.0,22:40:00,RJ,101,294,ITABORAI,ACESSAR A VIA SEM OBSERVAR A PRESENÇA DOS OUTROS VEÍCULOS,COLISÃO TRASEIRA,SEM VÍTIMAS,PLENA NOITE,Decrescente,CÉU CLARO,DUPLA,Reta,Não,2,0,0,0,2,0,0,2,-22.7584434,-42.89502344,SPRF-RJ,DEL02-RJ,UOP02-DEL02-RJ,2025,2025-07-02,22,2025.0,7.0,Quarta,0.0
662145.0,2025-02-16,,23:50:00,RJ,101,305,SAO GONCALO,DEMAIS FALHAS MECÂNICAS OU ELÉTRICAS,COLISÃO TRASEIRA,SEM VÍTIMAS,PLENA NOITE,Crescente,CÉU CLARO,DUPLA,Reta,Sim,3,0,0,0,3,0,0,2,-22.78702832,-42.99589293,SPRF-RJ,DEL02-RJ,UOP02-DEL02-RJ,2025,,23,,,,0.0
662820.0,2025-02-21,,22:00:00,RJ,493,2,ITABORAI,ACESSAR A VIA SEM OBSERVAR A PRESENÇA DOS OUTROS VEÍCULOS,COLISÃO LATERAL MESMO SENTIDO,COM VÍTIMAS FERIDAS,PLENA NOITE,Decrescente,CÉU CLARO,DUPLA,Reta,Não,4,0,0,2,0,2,2,3,-22.76165892,-42.93375492,SPRF-RJ,DEL02-RJ,UOP02-DEL02-RJ,2025,,22,,,,1.0
662916.0,2025-02-22,,11:50:00,RJ,101,294,ITABORAI,MANOBRA DE MUDANÇA DE FAIXA,COLISÃO LATERAL MESMO SENTIDO,SEM VÍTIMAS,PLENO DIA,Crescente,CÉU CLARO,DUPLA,Reta,Sim,4,0,0,0,3,1,0,3,-22.7624411,-42.9010663,SPRF-RJ,DEL02-RJ,UOP02-DEL02-RJ,2025,,11,,,,0.0
663689.0,2025-02-25,,14:20:00,RJ,493,3,ITABORAI,ACESSO IRREGULAR,COLISÃO LATERAL MESMO SENTIDO,COM VÍTIMAS FERIDAS,PLENO DIA,Crescente,CÉU CLARO,DUPLA,Reta,Não,2,0,1,0,1,0,1,2,-22.74430311,-42.95200132,SPRF-RJ,DEL02-RJ,UOP02-DEL02-RJ,2025,,14,,,,1.0
663822.0,2025-02-26,,10:00:00,RJ,101,286,ITABORAI,AVARIAS E/OU DESGASTE EXCESSIVO NO PNEU,COLISÃO LATERAL MESMO SENTIDO,COM VÍTIMAS FERIDAS,PLENO DIA,Decrescente,CÉU CLARO,MÚLTIPLA,Reta,Não,6,0,2,0,4,0,2,3,-22.75917478,-42.8403643,SPRF-RJ,DEL02-RJ,UOP02-DEL02-RJ,2025,,10,,,,1.0
665527.0,2025-03-06,1.0,13:45:00,RJ,493,3,ITABORAI,CONDUTOR DEIXOU DE MANTER DISTÂNCIA DO VEÍCULO DA FRENTE,COLISÃO TRASEIRA,COM VÍTIMAS FERIDAS,PLENO DIA,Decrescente,CÉU CLARO,DUPLA,Declive;Reta,Sim,6,0,1,0,4,1,1,4,-22.75248038,-42.94180804,SPRF-RJ,DEL02-RJ,UOP02-DEL02-RJ,2025,2025-06-03,13,2025.0,6.0,Terça,1.0
667084.0,2025-03-14,,04:55:00,RJ,101,284,ITABORAI,AVARIAS E/OU DESGASTE EXCESSIVO NO PNEU,CAPOTAMENTO,COM VÍTIMAS FERIDAS,PLENA NOITE,Decrescente,CÉU CLARO,DUPLA,Reta,Não,4,0,1,0,2,1,1,3,-22.74954898,-42.8159523,SPRF-RJ,DEL02-RJ,UOP02-DEL02-RJ,2025,,4,,,,1.0
667853.0,2025-03-13,,09:55:00,RJ,493,7,ITABORAI,AUSÊNCIA DE REAÇÃO DO CONDUTOR,COLISÃO TRASEIRA,COM VÍTIMAS FERIDAS,PLENO DIA,Crescente,SOL,SIMPLES,Reta;Aclive,Não,3,0,1,0,1,2,1,4,-22.714104,-42.953145,SPRF-RJ,DEL02-RJ,UOP02-DEL02-RJ,2025,,9,,,,1.0
668093.0,2025-03-18,,15:46:00,RJ,101,319,NITEROI,DEMAIS FALHAS MECÂNICAS OU ELÉTRICAS,INCÊNDIO,SEM VÍTIMAS,PLENO DIA,Crescente,CÉU CLARO,DUPLA,Reta,Sim,1,0,0,0,1,0,0,1,-22.86145071,-43.10720265,SPRF-RJ,DEL02-RJ,UOP02-DEL02-RJ,2025,,15,,,,0.0
668141.0,2025-03-18,,22:45:00,RJ,101,321,NITEROI,CARGA EXCESSIVA E/OU MAL ACONDICIONADA,CAPOTAMENTO,COM VÍTIMAS FATAIS,PLENA NOITE,Decrescente,NUBLADO,MÚLTIPLA,Curva,Sim,3,1,1,0,1,0,1,2,-22.8679469,-43.1108998,SPRF-RJ,DEL02-RJ,UOP01-DEL02-RJ,2025,,22,,,,2.0
668800.0,2025-03-18,,16:20:00,RJ,101,315,SAO GONCALO,ACESSAR A VIA SEM OBSERVAR A PRESENÇA DOS OUTROS VEÍCULOS,COLISÃO LATERAL MESMO SENTIDO,SEM VÍTIMAS,PLENO DIA,Decrescente,CÉU CLARO,DUPLA,Reta,Sim,2,0,0,0,2,0,0,2,-22.82112446,-43.08288574,SPRF-RJ,DEL02-RJ,UOP02-DEL02-RJ,2025,,16,,,,0.0
670357.0,2025-03-29,,09:30:00,RJ,101,283,ITABORAI,AUSÊNCIA DE REAÇÃO DO CONDUTOR,TOMBAMENTO,COM VÍTIMAS FERIDAS,PLENO DIA,Decrescente,CÉU CLARO,SIMPLES,Curva;Aclive,Não,3,0,2,0,0,1,2,2,-22.73622737,-42.80435443,SPRF-RJ,DEL02-RJ,UOP02-DEL02-RJ,2025,,9,,,,1.0
670756.0,2025-03-24,,17:30:00,RJ,101,313,SAO GONCALO,REAÇÃO TARDIA OU INEFICIENTE DO CONDUTOR,COLISÃO LATERAL MESMO SENTIDO,COM VÍTIMAS FERIDAS,PLENA NOITE,Decrescente,CÉU CLARO,DUPLA,Reta,Sim,5,0,0,2,2,1,2,4,-22.81352951,-43.07052612,SPRF-RJ,DEL02-RJ,UOP02-DEL02-RJ,2025,,17,,,,1.0
670846.0,2025-04-01,5.0,02:49:00,RJ,101,"263,9",RIO BONITO,CONDUTOR DORMINDO,COLISÃO TRASEIRA,COM VÍTIMAS FERIDAS,PLENA NOITE,Crescente,CÉU CLARO,DUPLA,Reta;Aclive,Não,3,0,1,0,1,2,1,4,-22.718127,-42.63523,SPRF-RJ,DEL02-RJ,UOP03-DEL02-RJ,2025,2025-01-04,2,2025.0,1.0,Sábado,1.0
671086.0,2025-04-02,1.0,10:00:00,RJ,493,2,ITABORAI,AUSÊNCIA DE REAÇÃO DO CONDUTOR,COLISÃO TRASEIRA,COM VÍTIMAS FERIDAS,PLENO DIA,Decrescente,CÉU CLARO,DUPLA,Declive;Reta,Não,3,0,2,0,0,1,2,2,-22.76367713,-42.92937756,SPRF-RJ,DEL02-RJ,UOP02-DEL02-RJ,2025,2025-02-04,10,2025.0,2.0,Terça,1.0
671328.0,2025-04-03,1.0,14:00:00,RJ,493,1,ITABORAI,TRANSITAR NA CONTRAMÃO,COLISÃO LATERAL MESMO SENTIDO,COM VÍTIMAS FERIDAS,PLENO DIA,Crescente,CÉU CLARO,DUPLA,Reta,Não,2,0,1,0,1,0,1,2,-22.76795091,-42.92221069,SPRF-RJ,DEL02-RJ,UOP02-DEL02-RJ,2025,2025-03-04,14,2025.0,3.0,Terça,1.0
671672.0,2025-04-05,6.0,04:20:00,RJ,101,321,NITEROI,ACUMULO DE ÁGUA SOBRE O PAVIMENTO,COLISÃO COM OBJETO,SEM VÍTIMAS,PLENA NOITE,Crescente,CHUVA,DUPLA,Curva,Não,2,0,0,0,1,1,0,2,-22.8672191,-43.11024427,SPRF-RJ,DEL02-RJ,UOP01-DEL02-RJ,2025,2025-05-04,4,2025.0,5.0,Domingo,0.0
672425.0,2025-04-08,0.0,17:50:00,RJ,101,262,RIO BONITO,REAÇÃO TARDIA OU INEFICIENTE DO CONDUTOR,TOMBAMENTO,COM VÍTIMAS FERIDAS,ANOITECER,Decrescente,CÉU CLARO,DUPLA,Curva,Sim,3,0,2,0,0,1,2,2,-22.7128885,-42.6204827,SPRF-RJ,DEL02-RJ,UOP03-DEL02-RJ,2025,2025-08-04,17,2025.0,8.0,Segunda,1.0
673541.0,2025-04-13,,22:30:00,RJ,101,277,RIO BONITO,ACESSAR A VIA SEM OBSERVAR A PRESENÇA DOS OUTROS VEÍCULOS,COLISÃO TRASEIRA,COM VÍTIMAS FERIDAS,PLENA NOITE,Crescente,NUBLADO,DUPLA,Reta,Sim,3,0,1,0,2,0,1,2,-22.715007,-42.6790457,SPRF-RJ,DEL02-RJ,UOP03-DEL02-RJ,2025,,22,,,,1.0
685574.0,2025-04-17,,21:40:00,RJ,101,297,ITABORAI,REAÇÃO TARDIA OU INEFICIENTE DO CONDUTOR,COLISÃO LATERAL MESMO SENTIDO,COM VÍTIMAS FERIDAS,PLENA NOITE,Crescente,CÉU CLARO,SIMPLES,Reta,Sim,3,0,1,0,1,1,1,3,-22.76826748,-42.90779114,SPRF-RJ,DEL02-RJ,UOP02-DEL02-RJ,2025,,21,,,,1.0
687193.0,2025-04-25,,07:20:00,RJ,101,261,RIO BONITO,PISTA ESCORREGADIA,QUEDA DE OCUPANTE DE VEÍCULO,COM VÍTIMAS FATAIS,PLENO DIA,Crescente,NUBLADO,SIMPLES,Curva,Não,3,1,0,0,1,1,0,3,-22.71307449,-42.61978184,SPRF-RJ,DEL02-RJ,UOP03-DEL02-RJ,2025,,7,,,,2.0
687839.0,2025-04-28,,07:40:00,RJ,101,306,SAO GONCALO,PROBLEMA COM O FREIO,ENGAVETAMENTO,COM VÍTIMAS FERIDAS,PLENO DIA,Crescente,CÉU CLARO,DUPLA,Reta,Sim,6,0,2,0,4,0,2,4,-22.78851565,-43.00308164,SPRF-RJ,DEL02-RJ,UOP02-DEL02-RJ,2025,,7,,,,1.0
688712.0,2025-05-02,2.0,15:30:00,RJ,101,297,ITABORAI,ENTRADA INOPINADA DO PEDESTRE,ATROPELAMENTO DE PEDESTRE,COM VÍTIMAS FERIDAS,PLENO DIA,Crescente,CÉU CLARO,DUPLA,Declive,Sim,2,0,0,1,0,1,1,2,-22.77117096,-42.92384074,SPRF-RJ,DEL02-RJ,UOP02-DEL02-RJ,2025,2025-02-05,15,2025.0,2.0,Quarta,1.0
691120.0,2025-02-26,,13:30:00,RJ,493,"2,5",ITABORAI,AUSÊNCIA DE REAÇÃO DO CONDUTOR,COLISÃO TRASEIRA,COM VÍTIMAS FERIDAS,PLENO DIA,Crescente,CÉU CLARO,DUPLA,Reta;Viaduto,Sim,2,0,0,1,1,0,1,2,-22.76032444,-42.93499654,SPRF-RJ,DEL02-RJ,UOP02-DEL02-RJ,2025,,13,,,,1.0
691420.0,2025-05-15,,07:30:00,RJ,101,328,NITEROI,REAÇÃO TARDIA OU INEFICIENTE DO CONDUTOR,COLISÃO TRASEIRA,COM VÍTIMAS FERIDAS,PLENO DIA,Decrescente,CÉU CLARO,MÚLTIPLA,Reta,Não,4,0,0,1,3,0,1,2,-22.87038741,-43.16889882,SPRF-RJ,DEL02-RJ,UOP01-DEL02-RJ,2025,,7,,,,1.0
693018.0,2025-05-22,,18:30:00,RJ,101,229,RIO BONITO,ACESSAR A VIA SEM OBSERVAR A PRESENÇA DOS OUTROS VEÍCULOS,ATROPELAMENTO DE PEDESTRE,COM VÍTIMAS FATAIS,PLENA NOITE,Decrescente,CÉU CLARO,DUPLA,Reta,Não,4,1,0,0,2,1,0,4,-22.7180544,-42.6770432,SPRF-RJ,DEL02-RJ,UOP03-DEL02-RJ,2025,,18,,,,2.0
694288.0,2025-05-24,,04:15:00,RJ,101,307,SAO GONCALO,AUSÊNCIA DE REAÇÃO DO CONDUTOR,COLISÃO TRASEIRA,SEM VÍTIMAS,PLENA NOITE,Crescente,CÉU CLARO,DUPLA,Reta,Não,2,0,0,0,2,0,0,2,-22.79085401,-43.01402807,SPRF-RJ,DEL02-RJ,UOP02-DEL02-RJ,2025,,4,,,,0.0
694974.0,2025-05-31,,17:00:00,RJ,101,271,RIO BONITO,AUSÊNCIA DE REAÇÃO DO CONDUTOR,ATROPELAMENTO DE PEDESTRE,COM VÍTIMAS FATAIS,ANOITECER,Crescente,CÉU CLARO,DUPLA,Curva,Sim,4,1,0,0,1,4,0,6,-22.72441,-42.69413,SPRF-RJ,DEL02-RJ,UOP03-DEL02-RJ,2025,,17,,,,2.0
695480.0,2025-06-02,3.0,22:30:00,RJ,101,286,ITABORAI,CONDUTOR DEIXOU DE MANTER DISTÂNCIA DO VEÍCULO DA FRENTE,COLISÃO TRASEIRA,COM VÍTIMAS FERIDAS,PLENA NOITE,Decrescente,CÉU CLARO,DUPLA,Reta;Aclive,Sim,4,0,1,0,2,1,1,2,-22.753768,-42.823071,SPRF-RJ,DEL02-RJ,UOP02-DEL02-RJ,2025,2025-02-06,22,2025.0,2.0,Quinta,1.0
695814.0,2025-06-04,6.0,08:00:00,RJ,101,296,ITABORAI,REAÇÃO TARDIA OU INEFICIENTE DO CONDUTOR,COLISÃO LATERAL MESMO SENTIDO,COM VÍTIMAS FERIDAS,PLENO DIA,Crescente,CÉU CLARO,DUPLA,Curva,Não,4,0,0,1,3,0,1,3,-22.76757498,-42.91546226,SPRF-RJ,DEL02-RJ,UOP02-DEL02-RJ,2025,2025-04-06,8,2025.0,4.0,Domingo,1.0
696478.0,2025-06-07,6.0,09:00:00,RJ,101,318,SAO GONCALO,TRANSITAR NO ACOSTAMENTO,ATROPELAMENTO DE PEDESTRE,COM VÍTIMAS FERIDAS,PLENO DIA,Decrescente,NUBLADO,DUPLA,Curva,Sim,2,0,1,0,1,0,1,2,-22.85565517,-43.10281919,SPRF-RJ,DEL02-RJ,UOP02-DEL02-RJ,2025,2025-07-06,9,2025.0,7.0,Domingo,1.0
697186.0,2025-06-10,0.0,09:17:00,RJ,101,322,NITEROI,AUSÊNCIA DE REAÇÃO DO CONDUTOR,COLISÃO TRASEIRA,COM VÍTIMAS FERIDAS,PLENO DIA,Decrescente,CÉU CLARO,DUPLA,Ponte;Reta,Não,2,0,0,1,1,0,1,2,-22.8786176,-43.1095808,SPRF-RJ,DEL02-RJ,UOP01-DEL02-RJ,2025,2025-10-06,9,2025.0,10.0,Segunda,1.0
697322.0,2025-06-10,0.0,15:00:00,RJ,493,1,ITABORAI,CONVERSÃO PROIBIDA,COLISÃO TRASEIRA,COM VÍTIMAS FERIDAS,PLENO DIA,Crescente,NUBLADO,DUPLA,Reta,Sim,2,0,1,0,1,0,1,2,-22.76353149,-42.92828248,SPRF-RJ,DEL02-RJ,UOP02-DEL02-RJ,2025,2025-10-06,15,2025.0,10.0,Segunda,1.0
698062.0,2025-06-14,,06:50:00,RJ,101,316,NITEROI,REAÇÃO TARDIA OU INEFICIENTE DO CONDUTOR,QUEDA DE OCUPANTE DE VEÍCULO,COM VÍTIMAS FERIDAS,PLENO DIA,Decrescente,CÉU CLARO,MÚLTIPLA,Reta,Não,6,0,2,0,2,2,2,6,-22.87211148,-43.14649768,SPRF-RJ,DEL02-RJ,UOP02-DEL02-RJ,2025,,6,,,,1.0
698121.0,2025-06-14,,16:26:00,RJ,101,322,NITEROI,MANOBRA DE MUDANÇA DE FAIXA,COLISÃO LATERAL MESMO SENTIDO,COM VÍTIMAS FERIDAS,PLENO DIA,Decrescente,CÉU CLARO,SIMPLES,Ponte;Reta,Sim,2,0,1,0,1,0,1,2,-22.8795125,-43.1139897,SPRF-RJ,DEL02-RJ,UOP01-DEL02-RJ,2025,,16,,,,1.0
698496.0,2025-06-16,,09:45:00,RJ,101,283,ITABORAI,CONDUTOR DEIXOU DE MANTER DISTÂNCIA DO VEÍCULO DA FRENTE,COLISÃO TRASEIRA,COM VÍTIMAS FERIDAS,PLENO DIA,Decrescente,CÉU CLARO,DUPLA,Em Obras,Sim,4,0,1,0,2,1,1,2,-22.73906075,-42.80711174,SPRF-RJ,DEL02-RJ,UOP02-DEL02-RJ,2025,,9,,,,1.0
700553.0,2025-06-26,,04:40:00,RJ,101,252,RIO BONITO,CONDUTOR DORMINDO,COLISÃO TRASEIRA,COM VÍTIMAS FERIDAS,AMANHECER,Crescente,CÉU CLARO,DUPLA,Reta,Sim,2,0,1,0,1,0,1,2,-22.6873927,-42.54099524,SPRF-RJ,DEL02-RJ,UOP03-DEL02-RJ,2025,,4,,,,1.0
700840.0,2025-06-27,,09:50:00,RJ,101,297,SAO GONCALO,ACESSAR A VIA SEM OBSERVAR A PRESENÇA DOS OUTROS VEÍCULOS,COLISÃO LATERAL MESMO SENTIDO,COM VÍTIMAS FERIDAS,PLENO DIA,Decrescente,CÉU CLARO,DUPLA,Reta,Sim,2,0,1,0,1,0,1,2,-22.790144,-43.0309376,SPRF-RJ,DEL02-RJ,UOP02-DEL02-RJ,2025,,9,,,,1.0
701707.0,2025-07-01,1.0,04:45:00,RJ,101,268,RIO BONITO,REAÇÃO TARDIA OU INEFICIENTE DO CONDUTOR,COLISÃO TRASEIRA,COM VÍTIMAS FERIDAS,PLENA NOITE,Crescente,NUBLADO,DUPLA,Reta,Não,5,0,4,0,1,0,4,2,-22.71760685,-42.68566132,SPRF-RJ,DEL02-RJ,UOP03-DEL02-RJ,2025,2025-01-07,4,2025.0,1.0,Terça,1.0
702008.0,2025-07-02,4.0,14:15:00,RJ,101,326,NITEROI,AUSÊNCIA DE SINALIZAÇÃO,COLISÃO TRASEIRA,COM VÍTIMAS FERIDAS,PLENO DIA,Crescente,CHUVA,DUPLA,Reta,Sim,3,0,0,2,1,0,2,2,-22.8818944,-43.106304,SPRF-RJ,DEL02-RJ,UOP01-DEL02-RJ,2025,2025-02-07,14,2025.0,2.0,Sexta,1.0
703257.0,2025-07-07,0.0,19:30:00,RJ,101,324,NITEROI,CONDUTOR USANDO CELULAR,COLISÃO TRASEIRA,COM VÍTIMAS FERIDAS,PLENA NOITE,Crescente,CÉU CLARO,DUPLA,Reta,Não,2,0,1,0,1,0,1,2,-22.8851712,-43.1161344,SPRF-RJ,DEL02-RJ,UOP01-DEL02-RJ,2025,2025-07-07,19,2025.0,7.0,Segunda,1.0
703271.0,2025-07-07,0.0,23:40:00,RJ,101,293,ITABORAI,REAÇÃO TARDIA OU INEFICIENTE DO CONDUTOR,COLISÃO TRASEIRA,COM VÍTIMAS FERIDAS,PLENA NOITE,Crescente,NUBLADO,DUPLA,Reta,Não,7,0,4,0,3,0,4,2,-22.75607898,-42.88805008,SPRF-RJ,DEL02-RJ,UOP02-DEL02-RJ,2025,2025-07-07,23,2025.0,7.0,Segunda,1.0
704265.0,2025-07-12,6.0,10:30:00,RJ,101,294,ITABORAI,REAÇÃO TARDIA OU INEFICIENTE DO CONDUTOR,ENGAVETAMENTO,COM VÍTIMAS FERIDAS,PLENO DIA,Decrescente,CÉU CLARO,DUPLA,Reta,Sim,4,0,1,0,3,0,1,3,-22.75758282,-42.89362907,SPRF-RJ,DEL02-RJ,UOP02-DEL02-RJ,2025,2025-12-07,10,2025.0,12.0,Domingo,1.0
705316.0,2025-07-17,,09:18:00,RJ,101,266,RIO BONITO,MANOBRA DE MUDANÇA DE FAIXA,QUEDA DE OCUPANTE DE VEÍCULO,COM VÍTIMAS FERIDAS,PLENO DIA,Decrescente,CÉU CLARO,DUPLA,Reta,Não,2,0,0,1,1,0,1,2,-22.70753323,-42.65317921,SPRF-RJ,DEL02-RJ,UOP03-DEL02-RJ,2025,,9,,,,1.0
706578.0,2025-07-22,,12:45:00,RJ,116,328,NITEROI,AUSÊNCIA DE REAÇÃO DO CONDUTOR,QUEDA DE OCUPANTE DE VEÍCULO,COM VÍTIMAS FERIDAS,PLENO DIA,Decrescente,CÉU CLARO,DUPLA,Reta,Sim,2,0,1,0,0,1,1,2,-22.8818944,-43.1128576,SPRF-RJ,DEL07-RJ,UOP02-DEL07-RJ,2025,,12,,,,1.0
706604.0,2025-07-23,,02:50:00,RJ,493,0,ITABORAI,TRANSITAR NA CONTRAMÃO,COLISÃO FRONTAL,COM VÍTIMAS FATAIS,PLENA NOITE,Crescente,NUBLADO,SIMPLES,Curva,Sim,3,1,0,0,1,1,0,3,-22.76820812,-42.92238235,SPRF-RJ,DEL02-RJ,UOP02-DEL02-RJ,2025,,2,,,,2.0
706665.0,2025-07-23,,09:40:00,RJ,101,283,ITABORAI,AUSÊNCIA DE REAÇÃO DO CONDUTOR,COLISÃO TRASEIRA,COM VÍTIMAS FERIDAS,PLENO DIA,Crescente,CÉU CLARO,DUPLA,Aclive,Não,6,0,0,1,4,1,1,3,-22.73621995,-42.80122932,SPRF-RJ,DEL02-RJ,UOP02-DEL02-RJ,2025,,9,,,,1.0