id,data_inversa,dia_semana,horario,uf,br,km,municipio,causa_acidente,tipo_acidente,classificacao_acidente,fase_dia,sentido_via,condicao_metereologica,tipo_pista,tracado_via,uso_solo,pessoas,mortos,feridos_leves,feridos_graves,ilesos,ignorados,feridos,veiculos,latitude,longitude,regional,delegacia,uop,ano_arquivo,data,hora,ano,mes,dia_semana_nome,gravidade
708387.0,2025-07-15,,14:00:00,RJ,101,268,RIO BONITO,FREAR BRUSCAMENTE,COLISÃO TRASEIRA,SEM VÍTIMAS,PLENO DIA,Decrescente,CÉU CLARO,DUPLA,Reta,Não,5,0,0,0,5,0,0,2,-22.7083795,-42.6643521,SPRF-RJ,DEL02-RJ,UOP03-DEL02-RJ,2025,,14,,,,0.0
708457.0,2025-07-31,,16:40:00,RJ,101,327,NITEROI,MANOBRA DE MUDANÇA DE FAIXA,COLISÃO LATERAL MESMO SENTIDO,SEM VÍTIMAS,PLENO DIA,Decrescente,CÉU CLARO,DUPLA,Reta,Sim,2,0,0,0,2,0,0,2,-22.87226586,-43.14519032,SPRF-RJ,DEL02-RJ,UOP01-DEL02-RJ,2025,,16,,,,0.0
708801.0,2025-08-02,5.0,03:40:00,RJ,101,309,SAO GONCALO,REAÇÃO TARDIA OU INEFICIENTE DO CONDUTOR,COLISÃO TRASEIRA,COM VÍTIMAS FERIDAS,PLENA NOITE,Crescente,CÉU CLARO,DUPLA,Reta,Sim,3,0,2,0,1,0,2,2,-22.79416633,-43.03018424,SPRF-RJ,DEL02-RJ,UOP02-DEL02-RJ,2025,2025-02-08,3,2025.0,2.0,Sábado,1.0
709273.0,2025-08-04,1.0,00:45:00,RJ,101,314,SAO GONCALO,DEFICIÊNCIA DO SISTEMA DE ILUMINAÇÃO/SINALIZAÇÃO,COLISÃO TRASEIRA,COM VÍTIMAS FATAIS,PLENA NOITE,Crescente,CÉU CLARO,DUPLA,Reta,Sim,3,1,1,0,1,0,1,2,-22.81922577,-43.08099747,SPRF-RJ,DEL02-RJ,UOP02-DEL02-RJ,2025,2025-04-08,0,2025.0,4.0,Terça,2.0
710608.0,2025-08-09,0.0,12:50:00,RJ,101,290,ITABORAI,REAÇÃO TARDIA OU INEFICIENTE DO CONDUTOR,COLISÃO TRASEIRA,SEM VÍTIMAS,PLENO DIA,Decrescente,GAROA/CHUVISCO,DUPLA,Reta,Não,2,0,0,0,2,0,0,2,-22.76577267,-42.86931557,SPRF-RJ,DEL02-RJ,UOP02-DEL02-RJ,2025,2025-09-08,12,2025.0,9.0,Segunda,0.0
712975.0,2025-08-20,,19:00:00,RJ,493,5,ITABORAI,PEDESTRE ANDAVA NA PISTA,ATROPELAMENTO DE PEDESTRE,COM VÍTIMAS FATAIS,PLENA NOITE,Crescente,IGNORADO,DUPLA,Reta,Não,2,1,0,0,1,0,0,2,-22.74890045,-42.94864504,SPRF-RJ,DEL02-RJ,UOP02-DEL02-RJ,2025,,19,,,,2.0
713477.0,2025-08-23,,08:45:00,RJ,101,289,SAO GONCALO,AUSÊNCIA DE REAÇÃO DO CONDUTOR,COLISÃO LATERAL MESMO SENTIDO,COM VÍTIMAS FERIDAS,PLENO DIA,Crescente,CÉU CLARO,DUPLA,Reta,Sim,2,0,1,0,1,0,1,2,-22.793074,-43.024902,SPRF-RJ,DEL02-RJ,UOP02-DEL02-RJ,2025,,8,,,,1.0
714444.0,2025-08-27,,23:00:00,RJ,101,293,ITABORAI,MANOBRA DE MUDANÇA DE FAIXA,COLISÃO LATERAL MESMO SENTIDO,COM VÍTIMAS FERIDAS,PLENA NOITE,Crescente,CÉU CLARO,DUPLA,Reta,Sim,2,0,1,0,1,0,1,2,-22.7582007,-42.89517973,SPRF-RJ,DEL02-RJ,UOP02-DEL02-RJ,2025,,23,,,,1.0
714620.0,2025-08-28,,17:25:00,RJ,101,294,ITABORAI,AUSÊNCIA DE REAÇÃO DO CONDUTOR,COLISÃO TRASEIRA,COM VÍTIMAS FATAIS,ANOITECER,Decrescente,CÉU CLARO,DUPLA,Reta,Sim,3,1,1,0,0,1,1,3,-22.75778069,-42.89384365,SPRF-RJ,DEL02-RJ,UOP02-DEL02-RJ,2025,,17,,,,2.0
715648.0,2025-09-02,6.0,12:15:00,RJ,101,324,NITEROI,ACESSAR A VIA SEM OBSERVAR A PRESENÇA DOS OUTROS VEÍCULOS,COLISÃO LATERAL MESMO SENTIDO,COM VÍTIMAS FERIDAS,PLENO DIA,Crescente,CÉU CLARO,MÚLTIPLA,Reta,Sim,3,0,1,0,1,1,1,3,-22.87301196,-43.13610077,SPRF-RJ,DEL02-RJ,UOP01-DEL02-RJ,2025,2025-02-09,12,2025.0,2.0,Domingo,1.0
716377.0,2025-09-05,4.0,07:30:00,RJ,493,2,ITABORAI,ACESSAR A VIA SEM OBSERVAR A PRESENÇA DOS OUTROS VEÍCULOS,COLISÃO COM OBJETO,COM VÍTIMAS FERIDAS,PLENO DIA,Crescente,CÉU CLARO,DUPLA,Reta,Não,2,0,0,1,0,1,1,2,-22.76456071,-42.92592287,SPRF-RJ,DEL02-RJ,UOP02-DEL02-RJ,2025,2025-05-09,7,2025.0,5.0,Sexta,1.0
717333.0,2025-09-10,3.0,02:50:00,RJ,101,282,ITABORAI,REAÇÃO TARDIA OU INEFICIENTE DO CONDUTOR,COLISÃO TRASEIRA,COM VÍTIMAS FERIDAS,PLENA NOITE,Decrescente,NUBLADO,DUPLA,Reta,Não,3,0,1,0,1,1,1,3,-22.73657896,-42.80034111,SPRF-RJ,DEL02-RJ,UOP02-DEL02-RJ,2025,2025-10-09,2,2025.0,10.0,Quinta,1.0
717656.0,2025-09-11,6.0,16:30:00,RJ,101,322,NITEROI,CARGA EXCESSIVA E/OU MAL ACONDICIONADA,DERRAMAMENTO DE CARGA,SEM VÍTIMAS,PLENO DIA,Crescente,CÉU CLARO,DUPLA,Curva,Sim,2,0,0,0,1,1,0,2,-22.8782058,-43.1159452,SPRF-RJ,DEL02-RJ,UOP01-DEL02-RJ,2025,2025-11-09,16,2025.0,11.0,Domingo,0.0
717667.0,2025-09-11,6.0,14:30:00,RJ,101,292,SAO GONCALO,DEMAIS FALHAS MECÂNICAS OU ELÉTRICAS,EVENTOS ATÍPICOS,COM VÍTIMAS FERIDAS,PLENO DIA,Crescente,CÉU CLARO,DUPLA,Reta,Sim,2,0,0,1,1,0,1,2,-22.793066,-43.024902,SPRF-RJ,DEL02-RJ,UOP02-DEL02-RJ,2025,2025-11-09,14,2025.0,11.0,Domingo,1.0
718324.0,2025-09-14,,10:30:00,RJ,101,285,ITABORAI,REAÇÃO TARDIA OU INEFICIENTE DO CONDUTOR,TOMBAMENTO,COM VÍTIMAS FERIDAS,PLENO DIA,Crescente,NUBLADO,DUPLA,Reta,Não,3,0,0,1,1,1,1,3,-22.7533099,-42.82206701,SPRF-RJ,DEL02-RJ,UOP02-DEL02-RJ,2025,,10,,,,1.0
718615.0,2025-09-15,,13:20:00,RJ,493,"0,1",ITABORAI,CONDUTOR DEIXOU DE MANTER DISTÂNCIA DO VEÍCULO DA FRENTE,COLISÃO LATERAL MESMO SENTIDO,SEM VÍTIMAS,PLENO DIA,Decrescente,CÉU CLARO,SIMPLES,Reta,Sim,2,0,0,0,2,0,0,2,-22.76509092,-42.92536195,SPRF-RJ,DEL02-RJ,UOP02-DEL02-RJ,2025,,13,,,,0.0
718900.0,2025-09-17,,01:00:00,RJ,101,326,NITEROI,AUSÊNCIA DE REAÇÃO DO CONDUTOR,COLISÃO TRASEIRA,COM VÍTIMAS FERIDAS,PLENA NOITE,Crescente,NUBLADO,MÚLTIPLA,Reta,Não,4,0,1,0,2,1,1,3,-22.87206298,-43.14605713,SPRF-RJ,DEL02-RJ,UOP01-DEL02-RJ,2025,,1,,,,1.0
719002.0,2025-09-17,,12:00:00,RJ,101,298,ITABORAI,REAÇÃO TARDIA OU INEFICIENTE DO CONDUTOR,COLISÃO TRASEIRA,COM VÍTIMAS FERIDAS,PLENO DIA,Crescente,CÉU CLARO,DUPLA,Reta,Sim,3,0,1,0,1,1,1,3,-22.77243721,-42.93366836,SPRF-RJ,DEL02-RJ,UOP02-DEL02-RJ,2025,,12,,,,1.0
719223.0,2025-09-16,,02:50:00,RJ,101,283,ITABORAI,MANOBRA DE MUDANÇA DE FAIXA,COLISÃO TRASEIRA,COM VÍTIMAS FERIDAS,PLENA NOITE,Decrescente,CÉU CLARO,DUPLA,Declive;Curva,Sim,5,0,1,0,3,1,1,5,-22.7397435,-42.80584574,SPRF-RJ,DEL02-RJ,UOP02-DEL02-RJ,2025,,2,,,,1.0
720184.0,2025-09-16,,03:55:00,RJ,101,308,SAO GONCALO,ANIMAIS NA PISTA,ATROPELAMENTO DE ANIMAL,COM VÍTIMAS FATAIS,PLENA NOITE,Crescente,CÉU CLARO,DUPLA,Reta,Não,3,1,0,0,1,1,0,3,-22.7934208,-43.0211072,SPRF-RJ,DEL02-RJ,UOP02-DEL02-RJ,2025,,3,,,,2.0
721649.0,2025-09-25,,04:30:00,RJ,101,312,SAO GONCALO,AUSÊNCIA DE REAÇÃO DO CONDUTOR,COLISÃO TRASEIRA,COM VÍTIMAS FERIDAS,AMANHECER,Crescente,NUBLADO,DUPLA,Reta,Sim,2,0,1,0,1,0,1,2,-22.80957915,-43.06865784,SPRF-RJ,DEL02-RJ,UOP02-DEL02-RJ,2025,,4,,,,1.0
721686.0,2025-09-14,,03:00:00,RJ,101,239,RIO BONITO,REAÇÃO TARDIA OU INEFICIENTE DO CONDUTOR,SAÍDA DE LEITO CARROÇÁVEL,COM VÍTIMAS FERIDAS,PLENA NOITE,Crescente,CÉU CLARO,DUPLA,Reta,Não,2,0,1,0,0,1,1,2,-22.7180544,-42.6770432,SPRF-RJ,DEL02-RJ,UOP03-DEL02-RJ,2025,,3,,,,1.0
723851.0,2025-10-09,2.0,13:35:00,RJ,101,295,ITABORAI,DEMAIS FALHAS MECÂNICAS OU ELÉTRICAS,INCÊNDIO,SEM VÍTIMAS,PLENO DIA,Decrescente,GAROA/CHUVISCO,DUPLA,Reta,Sim,2,0,0,0,1,1,0,2,-22.76668462,-42.90650368,SPRF-RJ,DEL02-RJ,UOP02-DEL02-RJ,2025,2025-09-10,13,2025.0,9.0,Quarta,0.0
723968.0,2025-10-06,1.0,23:20:00,RJ,101,289,ITABORAI,ACESSAR A VIA SEM OBSERVAR A PRESENÇA DOS OUTROS VEÍCULOS,COLISÃO TRASEIRA,COM VÍTIMAS FERIDAS,PLENA NOITE,Crescente,CÉU CLARO,DUPLA,Reta,Sim,4,0,3,0,1,0,3,2,-22.76795091,-42.86075592,SPRF-RJ,DEL02-RJ,UOP02-DEL02-RJ,2025,2025-06-10,23,2025.0,6.0,Terça,1.0
725734.0,2025-10-17,,21:00:00,RJ,101,262,RIO BONITO,AUSÊNCIA DE REAÇÃO DO CONDUTOR,TOMBAMENTO,COM VÍTIMAS FERIDAS,PLENA NOITE,Crescente,NUBLADO,DUPLA,Curva,Não,3,0,1,0,2,0,1,3,-22.7188226,-42.62343596,SPRF-RJ,DEL02-RJ,UOP03-DEL02-RJ,2025,,21,,,,1.0
726102.0,2025-10-19,,05:00:00,RJ,101,293,ITABORAI,AUSÊNCIA DE REAÇÃO DO CONDUTOR,COLISÃO TRASEIRA,COM VÍTIMAS FERIDAS,PLENO DIA,Decrescente,CHUVA,DUPLA,Reta,Sim,2,0,1,0,1,0,1,2,-22.75623728,-42.89178371,SPRF-RJ,DEL02-RJ,UOP02-DEL02-RJ,2025,,5,,,,1.0
727038.0,2025-10-23,,19:00:00,RJ,101,309,SAO GONCALO,MANOBRA DE MUDANÇA DE FAIXA,ATROPELAMENTO DE PEDESTRE,COM VÍTIMAS FERIDAS,PLENA NOITE,Decrescente,CÉU CLARO,DUPLA,Reta,Não,2,0,1,0,0,1,1,2,-22.79691068,-43.04328561,SPRF-RJ,DEL02-RJ,UOP02-DEL02-RJ,2025,,19,,,,1.0
727969.0,2025-10-27,,13:40:00,RJ,101,314,SAO GONCALO,DEMAIS FALHAS MECÂNICAS OU ELÉTRICAS,COLISÃO COM OBJETO,COM VÍTIMAS FERIDAS,PLENO DIA,Decrescente,CÉU CLARO,DUPLA,Reta,Não,2,0,1,0,1,0,1,2,-22.7868672,-43.0342144,SPRF-RJ,DEL02-RJ,UOP02-DEL02-RJ,2025,,13,,,,1.0
728112.0,2025-10-28,,12:30:00,RJ,101,304,SAO GONCALO,CONDUTOR DEIXOU DE MANTER DISTÂNCIA DO VEÍCULO DA FRENTE,COLISÃO TRASEIRA,COM VÍTIMAS FERIDAS,PLENO DIA,Decrescente,CÉU CLARO,SIMPLES,Aclive,Sim,3,0,1,0,2,0,1,2,-22.7857173,-42.98902988,SPRF-RJ,DEL02-RJ,UOP02-DEL02-RJ,2025,,12,,,,1.0
729306.0,2025-11-03,1.0,00:10:00,RJ,101,257,RIO BONITO,AUSÊNCIA DE REAÇÃO DO CONDUTOR,COLISÃO TRASEIRA,COM VÍTIMAS FERIDAS,PLENA NOITE,Decrescente,NUBLADO,DUPLA,Reta,Sim,3,0,1,0,1,1,1,3,-22.697918,-42.576571,SPRF-RJ,DEL02-RJ,UOP03-DEL02-RJ,2025,2025-03-11,0,2025.0,3.0,Terça,1.0
729672.0,2025-11-05,6.0,01:30:00,RJ,101,255,RIO BONITO,CONDUTOR DORMINDO,COLISÃO TRASEIRA,SEM VÍTIMAS,PLENA NOITE,Decrescente,CÉU CLARO,DUPLA,Reta,Não,3,0,0,0,2,1,0,3,-22.694561,-42.560125,SPRF-RJ,DEL02-RJ,UOP03-DEL02-RJ,2025,2025-05-11,1,2025.0,5.0,Domingo,0.0
729783.0,2025-11-05,6.0,12:00:00,RJ,101,331,SAO GONCALO,REAÇÃO TARDIA OU INEFICIENTE DO CONDUTOR,COLISÃO TRASEIRA,COM VÍTIMAS FERIDAS,PLENO DIA,Decrescente,CÉU CLARO,MÚLTIPLA,Reta,Não,2,0,0,1,1,0,1,2,-22.7928755,-43.0248246,SPRF-RJ,DEL02-RJ,UOP01-DEL02-RJ,2025,2025-05-11,12,2025.0,5.0,Domingo,1.0
730255.0,2025-11-07,4.0,16:45:00,RJ,101,295,ITABORAI,AUSÊNCIA DE REAÇÃO DO CONDUTOR,ENGAVETAMENTO,COM VÍTIMAS FERIDAS,PLENO DIA,Decrescente,CÉU CLARO,DUPLA,Reta,Sim,6,0,1,0,5,0,1,4,-22.76890062,-42.91809082,SPRF-RJ,DEL02-RJ,UOP02-DEL02-RJ,2025,2025-07-11,16,2025.0,7.0,Sexta,1.0
730484.0,2025-11-08,0.0,18:25:00,RJ,101,269,RIO BONITO,REAÇÃO TARDIA OU INEFICIENTE DO CONDUTOR,COLISÃO TRASEIRA,SEM VÍTIMAS,ANOITECER,Crescente,IGNORADO,DUPLA,Reta,Não,2,0,0,0,2,0,0,2,-22.71554837,-42.67965317,SPRF-RJ,DEL02-RJ,UOP03-DEL02-RJ,2025,2025-08-11,18,2025.0,8.0,Segunda,0.0
730994.0,2025-11-10,5.0,15:00:00,RJ,101,308,SAO GONCALO,REAÇÃO TARDIA OU INEFICIENTE DO CONDUTOR,COLISÃO TRASEIRA,COM VÍTIMAS FERIDAS,PLENO DIA,Crescente,CÉU CLARO,DUPLA,Reta,Sim,2,0,1,0,1,0,1,2,-22.7928741,-43.0248249,SPRF-RJ,DEL02-RJ,UOP02-DEL02-RJ,2025,2025-10-11,15,2025.0,10.0,Sábado,1.0
731165.0,2025-10-26,,22:10:00,RJ,101,313,SAO GONCALO,PEDESTRE CRUZAVA A PISTA FORA DA FAIXA,ATROPELAMENTO DE PEDESTRE,COM VÍTIMAS FATAIS,PLENA NOITE,Decrescente,CÉU CLARO,DUPLA,Reta,Sim,2,1,0,0,0,1,0,2,-22.81416244,-43.07516098,SPRF-RJ,DEL02-RJ,UOP02-DEL02-RJ,2025,,22,,,,2.0
731572.0,2025-11-13,,16:05:00,RJ,101,267,RIO BONITO,PEDESTRE ANDAVA NA PISTA,ATROPELAMENTO DE PEDESTRE,COM VÍTIMAS FATAIS,PLENO DIA,Crescente,CÉU CLARO,DUPLA,Reta,Não,2,1,0,0,1,0,0,2,-22.71222306,-42.67158508,SPRF-RJ,DEL02-RJ,UOP03-DEL02-RJ,2025,,16,,,,2.0
733383.0,2025-11-21,,11:00:00,RJ,101,303,SAO GONCALO,CONDUTOR DEIXOU DE MANTER DISTÂNCIA DO VEÍCULO DA FRENTE,COLISÃO TRASEIRA,COM VÍTIMAS FERIDAS,PLENO DIA,Crescente,CÉU CLARO,DUPLA,Reta,Sim,4,0,1,0,3,0,1,2,-22.78434793,-42.98559666,SPRF-RJ,DEL02-RJ,UOP02-DEL02-RJ,2025,,11,,,,1.0
733529.0,2025-11-22,,02:00:00,RJ,101,261,RIO BONITO,CONDUTOR DORMINDO,TOMBAMENTO,SEM VÍTIMAS,PLENA NOITE,Crescente,CÉU CLARO,DUPLA,Curva,Não,1,0,0,0,1,0,0,1,-22.71317315,-42.61734009,SPRF-RJ,DEL02-RJ,UOP03-DEL02-RJ,2025,,2,,,,0.0
733660.0,2025-11-22,,16:30:00,RJ,493,0,ITABORAI,ACESSAR A VIA SEM OBSERVAR A PRESENÇA DOS OUTROS VEÍCULOS,COLISÃO LATERAL MESMO SENTIDO,COM VÍTIMAS FERIDAS,PLENO DIA,Decrescente,SOL,DUPLA,Declive,Sim,2,0,1,0,1,0,1,2,-22.76213379,-42.93602943,SPRF-RJ,DEL02-RJ,UOP02-DEL02-RJ,2025,,16,,,,1.0
734119.0,2025-11-24,,09:30:00,RJ,493,7,ITABORAI,REAÇÃO TARDIA OU INEFICIENTE DO CONDUTOR,ENGAVETAMENTO,COM VÍTIMAS FERIDAS,PLENO DIA,Decrescente,CÉU CLARO,SIMPLES,Reta,Não,3,0,1,0,2,0,1,3,-22.7180291,-42.95254517,SPRF-RJ,DEL02-RJ,UOP02-DEL02-RJ,2025,,9,,,,1.0
734593.0,2025-11-27,,02:00:00,RJ,101,302,SAO GONCALO,REAÇÃO TARDIA OU INEFICIENTE DO CONDUTOR,COLISÃO COM OBJETO,COM VÍTIMAS FERIDAS,PLENA NOITE,Crescente,NUBLADO,DUPLA,Reta,Sim,3,0,3,0,0,0,3,1,-22.78077143,-42.9686451,SPRF-RJ,DEL02-RJ,UOP02-DEL02-RJ,2025,,2,,,,1.0
735199.0,2025-11-29,,12:00:00,RJ,101,290,ITABORAI,DEMAIS FALHAS MECÂNICAS OU ELÉTRICAS,COLISÃO LATERAL MESMO SENTIDO,COM VÍTIMAS FERIDAS,PLENO DIA,Decrescente,CÉU CLARO,SIMPLES,Reta,Não,4,0,1,0,3,0,1,2,-22.76779262,-42.86281586,SPRF-RJ,DEL02-RJ,UOP02-DEL02-RJ,2025,,12,,,,1.0
735827.0,2025-12-02,2.0,00:10:00,RJ,101,283,ITABORAI,AUSÊNCIA DE REAÇÃO DO CONDUTOR,TOMBAMENTO,COM VÍTIMAS FERIDAS,PLENA NOITE,Crescente,CHUVA,DUPLA,Declive;Curva;Viaduto,Sim,2,0,1,0,0,1,1,2,-22.73539417,-42.80510394,SPRF-RJ,DEL02-RJ,UOP02-DEL02-RJ,2025,2025-02-12,0,2025.0,2.0,Quarta,1.0
735924.0,2025-11-28,,15:15:00,RJ,101,325,NITEROI,AUSÊNCIA DE REAÇÃO DO CONDUTOR,COLISÃO TRASEIRA,COM VÍTIMAS FERIDAS,PLENO DIA,Crescente,CÉU CLARO,MÚLTIPLA,Ponte;Reta,Não,2,0,1,0,1,0,1,2,-22.87237931,-43.13919067,SPRF-RJ,DEL02-RJ,UOP01-DEL02-RJ,2025,,15,,,,1.0
736262.0,2025-11-27,,01:25:00,RJ,101,310,SAO GONCALO,PEDESTRE ANDAVA NA PISTA,COLISÃO TRASEIRA,COM VÍTIMAS FERIDAS,PLENA NOITE,Crescente,CÉU CLARO,DUPLA,Reta,Sim,5,0,1,0,4,0,1,3,-22.7979662,-43.0449779,SPRF-RJ,DEL02-RJ,UOP02-DEL02-RJ,2025,,1,,,,1.0
737296.0,2025-12-08,1.0,09:00:00,RJ,101,294,ITABORAI,CONDUTOR DEIXOU DE MANTER DISTÂNCIA DO VEÍCULO DA FRENTE,COLISÃO TRASEIRA,COM VÍTIMAS FERIDAS,PLENO DIA,Decrescente,CÉU CLARO,DUPLA,Reta,Não,2,0,1,0,1,0,1,2,-22.7690589,-42.91766167,SPRF-RJ,DEL02-RJ,UOP02-DEL02-RJ,2025,2025-08-12,9,2025.0,8.0,Terça,1.0
738430.0,2025-12-13,,02:00:00,RJ,101,267,RIO BONITO,REAÇÃO TARDIA OU INEFICIENTE DO CONDUTOR,COLISÃO TRASEIRA,COM VÍTIMAS FERIDAS,PLENA NOITE,Decrescente,NUBLADO,DUPLA,Reta,Não,3,0,2,0,0,1,2,2,-22.71403373,-42.67617931,SPRF-RJ,DEL02-RJ,UOP03-DEL02-RJ,2025,,2,,,,1.0
741781.0,2025-12-26,,18:15:00,RJ,101,296,ITABORAI,TRAFEGAR COM MOTOCICLETA (OU SIMILAR) ENTRE AS FAIXAS,COLISÃO LATERAL MESMO SENTIDO,COM VÍTIMAS FERIDAS,PLENO DIA,Decrescente,CÉU CLARO,DUPLA,Reta,Não,5,0,2,0,2,1,2,4,-22.76712733,-42.91173642,SPRF-RJ,DEL02-RJ,UOP02-DEL02-RJ,2025,,18,,,,1.0
741954.0,2025-12-27,,11:30:00,RJ,101,299,ITABORAI,REAÇÃO TARDIA OU INEFICIENTE DO CONDUTOR,TOMBAMENTO,COM VÍTIMAS FERIDAS,PLENO DIA,Crescente,CÉU CLARO,DUPLA,Reta,Sim,2,0,1,0,0,1,1,2,-22.77422097,-42.93842666,SPRF-RJ,DEL02-RJ,UOP02-DEL02-RJ,2025,,11,,,,1.0
746877.0,2025-12-16,,15:45:00,RJ,493,3,ITABORAI,AUSÊNCIA DE REAÇÃO DO CONDUTOR,COLISÃO TRASEIRA,SEM VÍTIMAS,PLENO DIA,Decrescente,CÉU CLARO,DUPLA,Reta;Viaduto,Sim,3,0,0,0,2,4,0,6,-22.75870883,-42.93598048,SPRF-RJ,DEL02-RJ,UOP02-DEL02-RJ,2025,,15,,,,0.0
691250.0,2025-05-14,,16:25:00,RJ,101,324,NITEROI,REAÇÃO TARDIA OU INEFICIENTE DO CONDUTOR,COLISÃO LATERAL MESMO SENTIDO,COM VÍTIMAS FERIDAS,PLENO DIA,Crescente,NUBLADO,DUPLA,Ponte;Reta,Sim,2,0,0,1,0,1,1,2,-22.87278368,-43.13677032,SPRF-RJ,DEL02-RJ,UOP01-DEL02-RJ,2025,,16,,,,1.0
733500.0,2025-11-21,,19:30:00,RJ,493,"1,7",ITABORAI,ACESSO IRREGULAR,COLISÃO LATERAL MESMO SENTIDO,COM VÍTIMAS FATAIS,PLENA NOITE,Crescente,CÉU CLARO,DUPLA,Reta,Sim,4,1,0,0,2,1,0,4,-22.76308,-42.930065,SPRF-RJ,DEL02-RJ,UOP02-DEL02-RJ,2025,,19,,,,2.0
652616.0,2025-01-01,2.0,17:38:00,RJ,101,322,NITEROI,AUSÊNCIA DE REAÇÃO DO CONDUTOR,COLISÃO LATERAL MESMO SENTIDO,COM VÍTIMAS FERIDAS,ANOITECER,Crescente,CÉU CLARO,DUPLA,Reta,Sim,3,0,2,0,1,0,2,2,-22.878923,-43.110676,SPRF-RJ,DEL02-RJ,UOP01-DEL02-RJ,2025,2025-01-01,17,2025.0,1.0,Quarta,1.0
652766.0,2025-01-02,5.0,09:00:00,RJ,101,282,ITABORAI,AUSÊNCIA DE REAÇÃO DO CONDUTOR,TOMBAMENTO,COM VÍTIMAS FERIDAS,PLENO DIA,Decrescente,CÉU CLARO,DUPLA,Retorno Regulamentado;Curva,Sim,1,0,1,0,0,0,1,1,-22.7371391,-42.79664601,SPRF-RJ,DEL02-RJ,UOP02-DEL02-RJ,2025,2025-02-01,9,2025.0,2.0,Sábado,1.0
652801.0,2025-01-02,5.0,17:07:00,RJ,101,262,RIO BONITO,TRAFEGAR COM MOTOCICLETA (OU SIMILAR) ENTRE AS FAIXAS,COLISÃO LATERAL MESMO SENTIDO,COM VÍTIMAS FERIDAS,PLENO DIA,Crescente,CÉU CLARO,DUPLA,Declive;Reta,Sim,4,0,2,0,2,0,2,3,-22.71864598,-42.62908816,SPRF-RJ,DEL02-RJ,UOP03-DEL02-RJ,2025,2025-02-01,17,2025.0,2.0,Sábado,1.0
652832.0,2025-01-02,5.0,20:00:00,RJ,101,296,ITABORAI,AUSÊNCIA DE REAÇÃO DO CONDUTOR,COLISÃO TRASEIRA,COM VÍTIMAS FERIDAS,PLENA NOITE,Decrescente,NUBLADO,DUPLA,Interseção de Vias;Viaduto,Sim,2,0,1,0,1,0,1,2,-22.7670498,-42.91019601,SPRF-RJ,DEL02-RJ,UOP02-DEL02-RJ,2025,2025-02-01,20,2025.0,2.0,Sábado,1.0
653249.0,2025-01-05,3.0,00:05:00,RJ,101,321,NITEROI,REAÇÃO TARDIA OU INEFICIENTE DO CONDUTOR,TOMBAMENTO,COM VÍTIMAS FERIDAS,PLENA NOITE,Decrescente,CÉU CLARO,MÚLTIPLA,Curva,Sim,2,0,1,1,0,0,2,1,-22.86981096,-43.11046465,SPRF-RJ,DEL02-RJ,UOP01-DEL02-RJ,2025,2025-05-01,0,2025.0,5.0,Quinta,1.0
653427.0,2025-01-05,3.0,23:45:00,RJ,101,297,ITABORAI,TRANSTORNOS MENTAIS (EXCETO SUICIDIO),COLISÃO TRASEIRA,SEM VÍTIMAS,PLENA NOITE,Decrescente,CÉU CLARO,DUPLA,Reta,Sim,2,0,0,0,2,0,0,2,-22.76942037,-42.91873581,SPRF-RJ,DEL02-RJ,UOP02-DEL02-RJ,2025,2025-05-01,23,2025.0,5.0,Quinta,0.0
653518.0,2025-01-06,6.0,13:00:00,RJ,101,285,ITABORAI,REAÇÃO TARDIA OU INEFICIENTE DO CONDUTOR,COLISÃO TRASEIRA,COM VÍTIMAS FERIDAS,PLENO DIA,Crescente,CÉU CLARO,DUPLA,Reta,Não,4,0,1,0,3,0,1,3,-22.7498742,-42.81644087,SPRF-RJ,DEL02-RJ,UOP02-DEL02-RJ,2025,2025-06-01,13,2025.0,6.0,Domingo,1.0
653522.0,2025-01-06,6.0,11:45:00,RJ,101,311,SAO GONCALO,AUSÊNCIA DE REAÇÃO DO CONDUTOR,TOMBAMENTO,COM VÍTIMAS FERIDAS,PLENO DIA,Decrescente,CÉU CLARO,DUPLA,Reta,Sim,1,0,1,0,0,0,1,1,-22.80062246,-43.05318779,SPRF-RJ,DEL02-RJ,UOP02-DEL02-RJ,2025,2025-06-01,11,2025.0,6.0,Domingo,1.0
653725.0,2025-01-07,1.0,16:50:00,RJ,101,307,SAO GONCALO,DEMAIS FALHAS NA VIA,QUEDA DE OCUPANTE DE VEÍCULO,COM VÍTIMAS FERIDAS,PLENO DIA,Decrescente,CÉU CLARO,SIMPLES,Reta,Sim,1,0,0,1,0,0,1,1,-22.79115777,-43.01514205,SPRF-RJ,DEL02-RJ,UOP02-DEL02-RJ,2025,2025-07-01,16,2025.0,7.0,Terça,1.0
653730.0,2025-01-07,1.0,17:50:00,RJ,101,321,NITEROI,REAÇÃO TARDIA OU INEFICIENTE DO CONDUTOR,COLISÃO LATERAL MESMO SENTIDO,COM VÍTIMAS FERIDAS,ANOITECER,Decrescente,CÉU CLARO,DUPLA,Interseção de Vias,Sim,3,0,2,0,0,1,2,2,-22.86981096,-43.11046465,SPRF-RJ,DEL02-RJ,UOP01-DEL02-RJ,2025,2025-07-01,17,2025.0,7.0,Terça,1.0