id,data_inversa,dia_semana,horario,uf,br,km,municipio,causa_acidente,tipo_acidente,classificacao_acidente,fase_dia,sentido_via,condicao_metereologica,tipo_pista,tracado_via,uso_solo,pessoas,mortos,feridos_leves,feridos_graves,ilesos,ignorados,feridos,veiculos,latitude,longitude,regional,delegacia,uop,ano_arquivo,data,hora,ano,mes,dia_semana_nome,gravidade
685442.0,2025-04-17,,14:50:00,RJ,101,303,SAO GONCALO,TRAFEGAR COM MOTOCICLETA (OU SIMILAR) ENTRE AS FAIXAS,COLISÃO TRASEIRA,COM VÍTIMAS FERIDAS,PLENO DIA,Decrescente,CÉU CLARO,DUPLA,Reta,Sim,5,0,1,0,4,0,1,4,-22.78299985,-42.97767774,SPRF-RJ,DEL02-RJ,UOP02-DEL02-RJ,2025,,14,,,,1.0
685495.0,2025-04-16,,17:55:00,RJ,101,324,NITEROI,AUSÊNCIA DE REAÇÃO DO CONDUTOR,COLISÃO TRASEIRA,COM VÍTIMAS FERIDAS,ANOITECER,Crescente,NUBLADO,DUPLA,Reta,Não,8,0,1,0,7,0,1,4,-22.873518,-43.129008,SPRF-RJ,DEL02-RJ,UOP01-DEL02-RJ,2025,,17,,,,1.0
685535.0,2025-04-17,,11:30:00,RJ,101,295,SAO GONCALO,AUSÊNCIA DE REAÇÃO DO CONDUTOR,COLISÃO TRASEIRA,COM VÍTIMAS FERIDAS,PLENO DIA,Decrescente,SOL,DUPLA,Reta,Sim,2,0,1,0,0,1,1,2,-22.7928849,-43.0248143,SPRF-RJ,DEL02-RJ,UOP02-DEL02-RJ,2025,,11,,,,1.0
685707.0,2025-04-18,,10:00:00,RJ,101,312,SAO GONCALO,MANOBRA DE MUDANÇA DE FAIXA,COLISÃO TRANSVERSAL,COM VÍTIMAS FERIDAS,PLENO DIA,Decrescente,CÉU CLARO,DUPLA,Reta,Sim,3,0,1,0,1,1,1,2,-22.80580016,-43.06202,SPRF-RJ,DEL02-RJ,UOP02-DEL02-RJ,2025,,10,,,,1.0
686164.0,2025-04-17,,04:54:00,RJ,101,"257,3",RIO BONITO,ANIMAIS NA PISTA,ATROPELAMENTO DE ANIMAL,COM VÍTIMAS FERIDAS,PLENA NOITE,Decrescente,CÉU CLARO,DUPLA,Reta,Não,5,0,1,1,3,0,2,4,-22.699041,-42.581682,SPRF-RJ,DEL02-RJ,UOP03-DEL02-RJ,2025,,4,,,,1.0
686304.0,2025-04-20,,19:50:00,RJ,101,311,SAO GONCALO,TRAFEGAR COM MOTOCICLETA (OU SIMILAR) ENTRE AS FAIXAS,COLISÃO TRASEIRA,COM VÍTIMAS FERIDAS,PLENA NOITE,Decrescente,GAROA/CHUVISCO,DUPLA,Reta,Sim,4,0,2,0,2,0,2,2,-22.8046682,-43.06022644,SPRF-RJ,DEL02-RJ,UOP02-DEL02-RJ,2025,,19,,,,1.0
686312.0,2025-04-16,,17:40:00,RJ,101,321,NITEROI,CONDUTOR DEIXOU DE MANTER DISTÂNCIA DO VEÍCULO DA FRENTE,COLISÃO LATERAL MESMO SENTIDO,COM VÍTIMAS FERIDAS,ANOITECER,Decrescente,CÉU CLARO,DUPLA,Reta;Aclive,Sim,3,0,2,0,1,0,2,2,-22.87343363,-43.10994923,SPRF-RJ,DEL02-RJ,UOP01-DEL02-RJ,2025,,17,,,,1.0
686320.0,2025-04-16,,17:35:00,RJ,101,323,NITEROI,CONDUTOR DEIXOU DE MANTER DISTÂNCIA DO VEÍCULO DA FRENTE,COLISÃO LATERAL MESMO SENTIDO,COM VÍTIMAS FERIDAS,ANOITECER,Decrescente,CÉU CLARO,DUPLA,Reta,Não,2,0,1,0,1,0,1,2,-22.87414335,-43.12332809,SPRF-RJ,DEL02-RJ,UOP01-DEL02-RJ,2025,,17,,,,1.0
686533.0,2025-04-21,,15:40:00,RJ,101,295,ITABORAI,TRANSTORNOS MENTAIS (EXCETO SUICIDIO),INCÊNDIO,SEM VÍTIMAS,PLENO DIA,Decrescente,GAROA/CHUVISCO,DUPLA,Reta,Sim,2,0,0,0,1,1,0,2,-22.76531939,-42.90450811,SPRF-RJ,DEL02-RJ,UOP02-DEL02-RJ,2025,,15,,,,0.0
686666.0,2025-04-22,,09:42:00,RJ,101,268,RIO BONITO,MANOBRA DE MUDANÇA DE FAIXA,COLISÃO LATERAL MESMO SENTIDO,COM VÍTIMAS FERIDAS,PLENO DIA,Crescente,CÉU CLARO,DUPLA,Reta,Sim,3,0,1,0,2,0,1,2,-22.7149993,-42.6790622,SPRF-RJ,DEL02-RJ,UOP03-DEL02-RJ,2025,,9,,,,1.0
686684.0,2025-04-16,,08:00:00,RJ,101,311,SAO GONCALO,AUSÊNCIA DE REAÇÃO DO CONDUTOR,COLISÃO LATERAL MESMO SENTIDO,COM VÍTIMAS FERIDAS,PLENO DIA,Crescente,NUBLADO,DUPLA,Reta,Sim,3,0,1,1,1,0,2,2,-22.808402,-43.066762,SPRF-RJ,DEL02-RJ,UOP02-DEL02-RJ,2025,,8,,,,1.0
686845.0,2025-04-23,,08:30:00,RJ,101,269,RIO BONITO,REAÇÃO TARDIA OU INEFICIENTE DO CONDUTOR,COLISÃO TRASEIRA,COM VÍTIMAS FERIDAS,PLENO DIA,Decrescente,CÉU CLARO,DUPLA,Reta,Sim,4,0,1,0,3,0,1,2,-22.717776,-42.685011,SPRF-RJ,DEL02-RJ,UOP03-DEL02-RJ,2025,,8,,,,1.0
687415.0,2025-04-26,,08:15:00,RJ,493,"0,5",ITABORAI,RETORNO PROIBIDO,COLISÃO TRANSVERSAL,COM VÍTIMAS FERIDAS,PLENO DIA,Decrescente,CÉU CLARO,SIMPLES,Reta,Sim,3,0,2,0,1,0,2,2,-22.7687513,-42.92244371,SPRF-RJ,DEL02-RJ,UOP02-DEL02-RJ,2025,,8,,,,1.0
687423.0,2025-04-26,,07:25:00,RJ,101,319,SAO GONCALO,AUSÊNCIA DE REAÇÃO DO CONDUTOR,TOMBAMENTO,COM VÍTIMAS FERIDAS,PLENO DIA,Decrescente,CÉU CLARO,DUPLA,Reta,Não,1,0,1,0,0,0,1,1,-22.85600833,-43.10284138,SPRF-RJ,DEL02-RJ,UOP02-DEL02-RJ,2025,,7,,,,1.0
687566.0,2025-04-26,,20:10:00,RJ,101,314,SAO GONCALO,CONDUTOR DORMINDO,COLISÃO COM OBJETO,COM VÍTIMAS FERIDAS,PLENA NOITE,Decrescente,NUBLADO,DUPLA,Reta,Não,1,0,1,0,0,0,1,1,-22.81940995,-43.08091164,SPRF-RJ,DEL02-RJ,UOP02-DEL02-RJ,2025,,20,,,,1.0
687698.0,2025-04-27,,02:00:00,RJ,101,309,SAO GONCALO,AUSÊNCIA DE REAÇÃO DO CONDUTOR,COLISÃO COM OBJETO,COM VÍTIMAS FERIDAS,PLENA NOITE,Decrescente,NUBLADO,DUPLA,Reta,Sim,2,0,2,0,0,0,2,1,-22.79349408,-43.02628686,SPRF-RJ,DEL02-RJ,UOP02-DEL02-RJ,2025,,2,,,,1.0
687742.0,2025-04-27,,06:30:00,RJ,101,304,SAO GONCALO,DEMAIS FALHAS MECÂNICAS OU ELÉTRICAS,QUEDA DE OCUPANTE DE VEÍCULO,COM VÍTIMAS FERIDAS,PLENO DIA,Decrescente,CÉU CLARO,DUPLA,Reta,Não,1,0,1,0,0,0,1,1,-22.78573708,-42.98398537,SPRF-RJ,DEL02-RJ,UOP02-DEL02-RJ,2025,,6,,,,1.0
687768.0,2025-04-27,,23:30:00,RJ,101,305,SAO GONCALO,REAÇÃO TARDIA OU INEFICIENTE DO CONDUTOR,COLISÃO TRASEIRA,COM VÍTIMAS FERIDAS,PLENA NOITE,Decrescente,CÉU CLARO,DUPLA,Reta,Sim,2,0,1,0,1,0,1,2,-22.7888159,-43.0032698,SPRF-RJ,DEL02-RJ,UOP02-DEL02-RJ,2025,,23,,,,1.0
687808.0,2025-04-28,,06:20:00,RJ,101,311,SAO GONCALO,REAÇÃO TARDIA OU INEFICIENTE DO CONDUTOR,COLISÃO TRASEIRA,COM VÍTIMAS FERIDAS,PLENO DIA,Crescente,CÉU CLARO,DUPLA,Reta,Sim,2,0,1,0,1,0,1,2,-22.80215068,-43.0559115,SPRF-RJ,DEL02-RJ,UOP02-DEL02-RJ,2025,,6,,,,1.0
687878.0,2025-04-28,,08:00:00,RJ,101,313,SAO GONCALO,MANOBRA DE MUDANÇA DE FAIXA,COLISÃO TRASEIRA,COM VÍTIMAS FERIDAS,PLENO DIA,Crescente,CÉU CLARO,DUPLA,Reta,Não,2,0,1,0,1,0,1,2,-22.81131424,-43.06606293,SPRF-RJ,DEL02-RJ,UOP02-DEL02-RJ,2025,,8,,,,1.0
687908.0,2025-03-07,3.0,21:00:00,RJ,101,0,ITABORAI,ACESSAR A VIA SEM OBSERVAR A PRESENÇA DOS OUTROS VEÍCULOS,COLISÃO LATERAL MESMO SENTIDO,COM VÍTIMAS FERIDAS,PLENA NOITE,Crescente,CÉU CLARO,SIMPLES,Curva,Sim,2,0,0,1,1,0,1,2,-22.76771899,-42.92269575,SPRF-RJ,DEL08-RJ,UOP01-DEL08-RJ,2025,2025-07-03,21,2025.0,7.0,Quinta,1.0
688161.0,2025-04-29,,23:20:00,RJ,101,294,ITABORAI,AUSÊNCIA DE REAÇÃO DO CONDUTOR,COLISÃO TRASEIRA,COM VÍTIMAS FERIDAS,PLENA NOITE,Decrescente,CÉU CLARO,DUPLA,Reta,Sim,3,0,2,0,0,1,2,2,-22.76481124,-42.9037571,SPRF-RJ,DEL02-RJ,UOP02-DEL02-RJ,2025,,23,,,,1.0
688174.0,2025-04-30,,07:53:00,RJ,101,265,RIO BONITO,ULTRAPASSAGEM INDEVIDA,COLISÃO LATERAL MESMO SENTIDO,COM VÍTIMAS FERIDAS,PLENO DIA,Crescente,CÉU CLARO,DUPLA,Retorno Regulamentado;Rotatória,Não,2,0,1,0,1,0,1,2,-22.709246,-42.648263,SPRF-RJ,DEL02-RJ,UOP03-DEL02-RJ,2025,,7,,,,1.0
688353.0,2025-04-30,,20:40:00,RJ,101,"261,5",RIO BONITO,MANOBRA DE MUDANÇA DE FAIXA,COLISÃO LATERAL MESMO SENTIDO,COM VÍTIMAS FERIDAS,PLENA NOITE,Decrescente,CÉU CLARO,DUPLA,Curva;Aclive;Interseção de Vias,Sim,3,0,1,0,2,0,1,2,-22.71631356,-42.62190708,SPRF-RJ,DEL02-RJ,UOP03-DEL02-RJ,2025,,20,,,,1.0
688390.0,2025-04-30,,21:55:00,RJ,101,331,NITEROI,AVARIAS E/OU DESGASTE EXCESSIVO NO PNEU,QUEDA DE OCUPANTE DE VEÍCULO,COM VÍTIMAS FERIDAS,PLENA NOITE,Decrescente,CÉU CLARO,MÚLTIPLA,Reta,Não,2,0,1,0,1,0,1,1,-22.87079766,-43.17111969,SPRF-RJ,DEL02-RJ,UOP01-DEL02-RJ,2025,,21,,,,1.0
688454.0,2025-05-01,6.0,09:00:00,RJ,101,313,SAO GONCALO,DEMAIS FALHAS MECÂNICAS OU ELÉTRICAS,TOMBAMENTO,COM VÍTIMAS FERIDAS,PLENO DIA,Crescente,CÉU CLARO,DUPLA,Reta,Sim,2,0,1,0,1,0,1,1,-22.80868541,-43.06729601,SPRF-RJ,DEL02-RJ,UOP02-DEL02-RJ,2025,2025-01-05,9,2025.0,1.0,Domingo,1.0
688484.0,2025-05-01,6.0,07:00:00,RJ,101,"302,7",SAO GONCALO,REAÇÃO TARDIA OU INEFICIENTE DO CONDUTOR,COLISÃO TRASEIRA,COM VÍTIMAS FERIDAS,PLENO DIA,Decrescente,CÉU CLARO,DUPLA,Reta,Sim,3,0,1,0,2,0,1,2,-22.78101783,-42.95480294,SPRF-RJ,DEL02-RJ,UOP02-DEL02-RJ,2025,2025-01-05,7,2025.0,1.0,Domingo,1.0
688490.0,2025-05-01,6.0,14:00:00,RJ,101,"307,2",SAO GONCALO,REAÇÃO TARDIA OU INEFICIENTE DO CONDUTOR,COLISÃO LATERAL MESMO SENTIDO,COM VÍTIMAS FERIDAS,PLENO DIA,Decrescente,CÉU CLARO,DUPLA,Reta,Sim,3,0,1,0,2,0,1,2,-22.79181789,-43.01763296,SPRF-RJ,DEL02-RJ,UOP02-DEL02-RJ,2025,2025-01-05,14,2025.0,1.0,Domingo,1.0
688507.0,2025-05-01,6.0,10:30:00,RJ,101,300,SAO GONCALO,REAÇÃO TARDIA OU INEFICIENTE DO CONDUTOR,COLISÃO TRASEIRA,COM VÍTIMAS FERIDAS,PLENO DIA,Decrescente,CÉU CLARO,DUPLA,Reta,Sim,3,0,1,0,2,0,1,2,-22.77783752,-42.95405086,SPRF-RJ,DEL02-RJ,UOP02-DEL02-RJ,2025,2025-01-05,10,2025.0,1.0,Domingo,1.0
688527.0,2025-05-01,6.0,19:00:00,RJ,493,7,ITABORAI,REAÇÃO TARDIA OU INEFICIENTE DO CONDUTOR,COLISÃO LATERAL MESMO SENTIDO,COM VÍTIMAS FERIDAS,PLENA NOITE,Crescente,CÉU CLARO,SIMPLES,Reta,Sim,2,0,1,0,1,0,1,2,-22.7229875,-42.95146672,SPRF-RJ,DEL02-RJ,UOP02-DEL02-RJ,2025,2025-01-05,19,2025.0,1.0,Domingo,1.0
688530.0,2025-05-01,6.0,12:00:00,RJ,101,297,ITABORAI,ACUMULO DE AREIA OU DETRITOS SOBRE O PAVIMENTO,QUEDA DE OCUPANTE DE VEÍCULO,COM VÍTIMAS FERIDAS,PLENO DIA,Decrescente,CÉU CLARO,DUPLA,Curva,Sim,1,0,1,0,0,0,1,1,-22.77145844,-42.92883965,SPRF-RJ,DEL02-RJ,UOP02-DEL02-RJ,2025,2025-01-05,12,2025.0,1.0,Domingo,1.0
688574.0,2025-05-01,6.0,18:40:00,RJ,101,311,SAO GONCALO,DEMAIS FALHAS MECÂNICAS OU ELÉTRICAS,TOMBAMENTO,COM VÍTIMAS FERIDAS,PLENA NOITE,Decrescente,CÉU CLARO,DUPLA,Reta,Não,2,0,2,0,0,0,2,1,-22.80357134,-43.05842326,SPRF-RJ,DEL02-RJ,UOP02-DEL02-RJ,2025,2025-01-05,18,2025.0,1.0,Domingo,1.0
688944.0,2025-05-03,2.0,21:30:00,RJ,101,295,ITABORAI,AUSÊNCIA DE REAÇÃO DO CONDUTOR,QUEDA DE OCUPANTE DE VEÍCULO,COM VÍTIMAS FERIDAS,PLENA NOITE,Crescente,CÉU CLARO,DUPLA,Curva,Sim,2,0,2,0,0,0,2,1,-22.76675387,-42.90716887,SPRF-RJ,DEL02-RJ,UOP02-DEL02-RJ,2025,2025-03-05,21,2025.0,3.0,Quarta,1.0
689125.0,2025-05-04,5.0,19:35:00,RJ,101,322,NITEROI,AUSÊNCIA DE REAÇÃO DO CONDUTOR,COLISÃO COM OBJETO,SEM VÍTIMAS,PLENA NOITE,Decrescente,CÉU CLARO,DUPLA,Reta,Não,1,0,0,0,1,0,0,1,-22.8851712,-43.1095808,SPRF-RJ,DEL02-RJ,UOP01-DEL02-RJ,2025,2025-04-05,19,2025.0,4.0,Sábado,0.0
689173.0,2025-05-01,6.0,07:00:00,RJ,101,"302,7",SAO GONCALO,REAÇÃO TARDIA OU INEFICIENTE DO CONDUTOR,COLISÃO COM OBJETO,COM VÍTIMAS FERIDAS,PLENO DIA,Crescente,CÉU CLARO,DUPLA,Reta,Não,1,0,1,0,0,0,1,1,-22.78472814,-42.9857254,SPRF-RJ,DEL02-RJ,UOP02-DEL02-RJ,2025,2025-01-05,7,2025.0,1.0,Domingo,1.0
689266.0,2025-05-05,0.0,07:30:00,RJ,101,296,ITABORAI,CONDUTOR DEIXOU DE MANTER DISTÂNCIA DO VEÍCULO DA FRENTE,COLISÃO TRASEIRA,COM VÍTIMAS FERIDAS,PLENO DIA,Crescente,SOL,DUPLA,Reta,Sim,2,0,0,1,1,0,1,2,-22.76486431,-42.90392876,SPRF-RJ,DEL02-RJ,UOP02-DEL02-RJ,2025,2025-05-05,7,2025.0,5.0,Segunda,1.0
689602.0,2025-05-07,5.0,09:30:00,RJ,101,321,NITEROI,MANOBRA DE MUDANÇA DE FAIXA,ENGAVETAMENTO,COM VÍTIMAS FERIDAS,PLENO DIA,Crescente,SOL,MÚLTIPLA,Reta,Sim,6,0,1,0,5,0,1,4,-22.87953593,-43.11393543,SPRF-RJ,DEL02-RJ,UOP01-DEL02-RJ,2025,2025-07-05,9,2025.0,7.0,Sábado,1.0
689642.0,2025-05-07,5.0,14:20:00,RJ,101,321,NITEROI,MANOBRA DE MUDANÇA DE FAIXA,COLISÃO LATERAL MESMO SENTIDO,COM VÍTIMAS FERIDAS,PLENO DIA,Crescente,CÉU CLARO,MÚLTIPLA,Reta,Sim,3,0,2,0,1,0,2,3,-22.87059624,-43.11039716,SPRF-RJ,DEL02-RJ,UOP01-DEL02-RJ,2025,2025-07-05,14,2025.0,7.0,Sábado,1.0
689714.0,2025-05-07,5.0,19:50:00,RJ,101,313,SAO GONCALO,TRAFEGAR COM MOTOCICLETA (OU SIMILAR) ENTRE AS FAIXAS,COLISÃO LATERAL MESMO SENTIDO,COM VÍTIMAS FERIDAS,PLENA NOITE,Decrescente,CÉU CLARO,DUPLA,Reta,Sim,4,0,0,2,1,1,2,3,-22.8132526,-43.07350874,SPRF-RJ,DEL02-RJ,UOP02-DEL02-RJ,2025,2025-07-05,19,2025.0,7.0,Sábado,1.0
689742.0,2025-05-07,5.0,12:00:00,RJ,101,318,SAO GONCALO,AVARIAS E/OU DESGASTE EXCESSIVO NO PNEU,QUEDA DE OCUPANTE DE VEÍCULO,COM VÍTIMAS FERIDAS,PLENO DIA,Crescente,SOL,DUPLA,Reta,Sim,2,0,2,0,0,0,2,1,-22.848969,-43.10005188,SPRF-RJ,DEL02-RJ,UOP02-DEL02-RJ,2025,2025-07-05,12,2025.0,7.0,Sábado,1.0
689765.0,2025-05-08,1.0,07:40:00,RJ,101,268,RIO BONITO,REAÇÃO TARDIA OU INEFICIENTE DO CONDUTOR,SAÍDA DE LEITO CARROÇÁVEL,COM VÍTIMAS FERIDAS,PLENO DIA,Crescente,CÉU CLARO,DUPLA,Reta,Não,1,0,1,0,0,0,1,1,-22.715049,-42.679022,SPRF-RJ,DEL02-RJ,UOP03-DEL02-RJ,2025,2025-08-05,7,2025.0,8.0,Terça,1.0
689767.0,2025-05-08,1.0,07:40:00,RJ,101,318,SAO GONCALO,AUSÊNCIA DE REAÇÃO DO CONDUTOR,COLISÃO TRASEIRA,COM VÍTIMAS FERIDAS,PLENO DIA,Crescente,CÉU CLARO,DUPLA,Reta,Não,3,0,1,0,2,0,1,2,-22.8526435,-43.10106039,SPRF-RJ,DEL02-RJ,UOP02-DEL02-RJ,2025,2025-08-05,7,2025.0,8.0,Terça,1.0
689775.0,2025-05-05,0.0,00:30:00,RJ,101,318,SAO GONCALO,REAÇÃO TARDIA OU INEFICIENTE DO CONDUTOR,QUEDA DE OCUPANTE DE VEÍCULO,COM VÍTIMAS FERIDAS,PLENA NOITE,Decrescente,CÉU CLARO,DUPLA,Curva,Não,2,0,2,0,0,0,2,1,-22.84647432,-43.09893023,SPRF-RJ,DEL02-RJ,UOP02-DEL02-RJ,2025,2025-05-05,0,2025.0,5.0,Segunda,1.0
689793.0,2025-05-08,1.0,08:46:00,RJ,101,326,NITEROI,REAÇÃO TARDIA OU INEFICIENTE DO CONDUTOR,COLISÃO COM OBJETO,COM VÍTIMAS FERIDAS,PLENO DIA,Crescente,CÉU CLARO,DUPLA,Reta,Não,2,0,0,1,0,1,1,2,-22.87237931,-43.1470871,SPRF-RJ,DEL02-RJ,UOP01-DEL02-RJ,2025,2025-08-05,8,2025.0,8.0,Terça,1.0
689857.0,2025-04-30,,11:45:00,RJ,493,0,ITABORAI,ACESSO IRREGULAR,COLISÃO LATERAL SENTIDO OPOSTO,COM VÍTIMAS FERIDAS,PLENO DIA,Crescente,CÉU CLARO,SIMPLES,Curva;Declive,Sim,2,0,1,0,1,0,1,2,-22.76870276,-42.92246819,SPRF-RJ,DEL02-RJ,UOP02-DEL02-RJ,2025,,11,,,,1.0
689908.0,2025-05-08,1.0,20:30:00,RJ,493,1,ITABORAI,ACESSAR A VIA SEM OBSERVAR A PRESENÇA DOS OUTROS VEÍCULOS,COLISÃO TRANSVERSAL,COM VÍTIMAS FERIDAS,PLENA NOITE,Crescente,CÉU CLARO,SIMPLES,Reta,Sim,2,0,1,1,0,0,2,2,-22.76710288,-42.92261766,SPRF-RJ,DEL02-RJ,UOP02-DEL02-RJ,2025,2025-08-05,20,2025.0,8.0,Terça,1.0
690010.0,2025-05-09,4.0,12:00:00,RJ,101,263,RIO BONITO,CONDUTOR DEIXOU DE MANTER DISTÂNCIA DO VEÍCULO DA FRENTE,COLISÃO TRASEIRA,COM VÍTIMAS FERIDAS,PLENO DIA,Decrescente,SOL,DUPLA,Reta,Sim,2,0,1,0,1,0,1,2,-22.71919028,-42.62987137,SPRF-RJ,DEL02-RJ,UOP03-DEL02-RJ,2025,2025-09-05,12,2025.0,9.0,Sexta,1.0
690454.0,2025-05-11,2.0,01:30:00,RJ,101,313,SAO GONCALO,TRANSITAR NO ACOSTAMENTO,COLISÃO COM OBJETO,SEM VÍTIMAS,PLENA NOITE,Decrescente,CÉU CLARO,DUPLA,Reta,Não,1,0,0,0,1,0,0,1,-22.81268,-43.072777,SPRF-RJ,DEL02-RJ,UOP02-DEL02-RJ,2025,2025-11-05,1,2025.0,11.0,Quarta,0.0
690645.0,2025-05-11,2.0,17:50:00,RJ,101,333,NITEROI,CONDUTOR DEIXOU DE MANTER DISTÂNCIA DO VEÍCULO DA FRENTE,COLISÃO TRASEIRA,COM VÍTIMAS FERIDAS,PLENA NOITE,Decrescente,CHUVA,MÚLTIPLA,Reta,Não,3,0,1,0,2,0,1,2,-22.861534,-43.1183709,SPRF-RJ,DEL02-RJ,UOP01-DEL02-RJ,2025,2025-11-05,17,2025.0,11.0,Quarta,1.0
690703.0,2025-05-11,2.0,23:20:00,RJ,101,327,NITEROI,CONDUTOR DORMINDO,COLISÃO COM OBJETO,COM VÍTIMAS FERIDAS,PLENA NOITE,Decrescente,GAROA/CHUVISCO,MÚLTIPLA,Reta,Não,1,0,0,1,0,0,1,1,-22.87214855,-43.14365387,SPRF-RJ,DEL02-RJ,UOP01-DEL02-RJ,2025,2025-11-05,23,2025.0,11.0,Quarta,1.0
690795.0,2025-05-12,4.0,07:40:00,RJ,101,318,SAO GONCALO,TRAFEGAR COM MOTOCICLETA (OU SIMILAR) ENTRE AS FAIXAS,COLISÃO LATERAL MESMO SENTIDO,COM VÍTIMAS FERIDAS,PLENO DIA,Crescente,CÉU CLARO,DUPLA,Retorno Regulamentado;Reta,Não,3,0,2,0,1,0,2,2,-22.8470208,-43.09910189,SPRF-RJ,DEL02-RJ,UOP02-DEL02-RJ,2025,2025-12-05,7,2025.0,12.0,Sexta,1.0
690828.0,2025-05-12,4.0,14:30:00,RJ,101,323,NITEROI,CONDUTOR DEIXOU DE MANTER DISTÂNCIA DO VEÍCULO DA FRENTE,COLISÃO TRASEIRA,COM VÍTIMAS FERIDAS,PLENO DIA,Decrescente,NUBLADO,DUPLA,Reta,Sim,3,0,1,0,2,0,1,2,-22.87394072,-43.12458899,SPRF-RJ,DEL02-RJ,UOP01-DEL02-RJ,2025,2025-12-05,14,2025.0,12.0,Sexta,1.0
691071.0,2025-05-09,4.0,22:15:00,RJ,493,2,ITABORAI,AUSÊNCIA DE REAÇÃO DO CONDUTOR,QUEDA DE OCUPANTE DE VEÍCULO,COM VÍTIMAS FERIDAS,PLENA NOITE,Crescente,CÉU CLARO,SIMPLES,Reta,Sim,2,0,2,0,0,0,2,1,-22.76969204,-42.92255402,SPRF-RJ,DEL02-RJ,UOP02-DEL02-RJ,2025,2025-09-05,22,2025.0,9.0,Sexta,1.0
691208.0,2025-05-12,4.0,19:00:00,RJ,101,319,SAO GONCALO,TRAFEGAR COM MOTOCICLETA (OU SIMILAR) ENTRE AS FAIXAS,COLISÃO TRASEIRA,SEM VÍTIMAS,PLENA NOITE,Decrescente,CÉU CLARO,SIMPLES,Reta,Não,2,0,0,0,2,0,0,2,-22.7934208,-43.024384,SPRF-RJ,DEL02-RJ,UOP02-DEL02-RJ,2025,2025-12-05,19,2025.0,12.0,Sexta,0.0
691401.0,2025-04-29,,08:40:00,RJ,101,309,SAO GONCALO,MANOBRA DE MUDANÇA DE FAIXA,COLISÃO LATERAL MESMO SENTIDO,COM VÍTIMAS FERIDAS,PLENO DIA,Crescente,SOL,DUPLA,Reta,Sim,2,0,0,1,1,0,1,2,-22.7936086,-43.0291958,SPRF-RJ,DEL02-RJ,UOP02-DEL02-RJ,2025,,8,,,,1.0
691426.0,2025-05-15,,11:30:00,RJ,101,321,NITEROI,MANOBRA DE MUDANÇA DE FAIXA,COLISÃO LATERAL MESMO SENTIDO,COM VÍTIMAS FERIDAS,PLENO DIA,Crescente,CÉU CLARO,MÚLTIPLA,Reta,Sim,2,0,1,0,1,0,1,2,-22.87951854,-43.11398839,SPRF-RJ,DEL02-RJ,UOP01-DEL02-RJ,2025,,11,,,,1.0
691428.0,2025-05-15,,07:10:00,RJ,101,328,NITEROI,MANOBRA DE MUDANÇA DE FAIXA,COLISÃO LATERAL MESMO SENTIDO,COM VÍTIMAS FERIDAS,PLENO DIA,Decrescente,CÉU CLARO,MÚLTIPLA,Reta;Ponte,Não,3,0,2,0,1,0,2,2,-22.87083349,-43.16635877,SPRF-RJ,DEL02-RJ,UOP01-DEL02-RJ,2025,,7,,,,1.0
691454.0,2025-05-15,,10:24:00,RJ,101,316,SAO GONCALO,AVARIAS E/OU DESGASTE EXCESSIVO NO PNEU,QUEDA DE OCUPANTE DE VEÍCULO,COM VÍTIMAS FERIDAS,PLENO DIA,Decrescente,SOL,DUPLA,Reta,Sim,1,0,1,0,0,0,1,1,-22.7934208,-43.0276608,SPRF-RJ,DEL02-RJ,UOP02-DEL02-RJ,2025,,10,,,,1.0
691617.0,2025-05-16,,09:50:00,RJ,101,329,NITEROI,AUSÊNCIA DE REAÇÃO DO CONDUTOR,COLISÃO TRASEIRA,COM VÍTIMAS FERIDAS,PLENO DIA,Crescente,CÉU CLARO,DUPLA,Reta,Não,2,0,0,1,1,0,1,2,-22.86984866,-43.16596985,SPRF-RJ,DEL02-RJ,UOP01-DEL02-RJ,2025,,9,,,,1.0
691721.0,2025-05-16,,16:00:00,RJ,101,295,ITABORAI,AUSÊNCIA DE REAÇÃO DO CONDUTOR,COLISÃO TRASEIRA,COM VÍTIMAS FERIDAS,PLENO DIA,Decrescente,CÉU CLARO,DUPLA,Reta,Não,3,0,1,0,2,0,1,2,-22.76673717,-42.90712595,SPRF-RJ,DEL02-RJ,UOP02-DEL02-RJ,2025,,16,,,,1.0
691802.0,2025-05-17,,02:00:00,RJ,101,324,NITEROI,AUSÊNCIA DE REAÇÃO DO CONDUTOR,COLISÃO COM OBJETO,COM VÍTIMAS FERIDAS,PLENA NOITE,Decrescente,CÉU CLARO,DUPLA,Reta,Não,1,0,1,0,0,0,1,1,-22.87311963,-43.12886999,SPRF-RJ,DEL02-RJ,UOP01-DEL02-RJ,2025,,2,,,,1.0
691818.0,2025-05-17,,11:10:00,RJ,101,321,NITEROI,DEMAIS FALHAS MECÂNICAS OU ELÉTRICAS,QUEDA DE OCUPANTE DE VEÍCULO,COM VÍTIMAS FERIDAS,PLENO DIA,Crescente,CÉU CLARO,DUPLA,Curva,Não,2,0,2,0,0,0,2,1,-22.86360195,-43.10759083,SPRF-RJ,DEL02-RJ,UOP01-DEL02-RJ,2025,,11,,,,1.0