id,data_inversa,dia_semana,horario,uf,br,km,municipio,causa_acidente,tipo_acidente,classificacao_acidente,fase_dia,sentido_via,condicao_metereologica,tipo_pista,tracado_via,uso_solo,pessoas,mortos,feridos_leves,feridos_graves,ilesos,ignorados,feridos,veiculos,latitude,longitude,regional,delegacia,uop,ano_arquivo,data,hora,ano,mes,dia_semana_nome,gravidade
700551.0,2025-06-22,,16:50:00,RJ,493,4,ITABORAI,AVARIAS E/OU DESGASTE EXCESSIVO NO PNEU,COLISÃO COM OBJETO,COM VÍTIMAS FERIDAS,PLENO DIA,Crescente,CÉU CLARO,DUPLA,Reta,Sim,2,0,1,0,1,0,1,1,-22.75125172,-42.94282006,SPRF-RJ,DEL02-RJ,UOP02-DEL02-RJ,2025,,16,,,,1.0
700613.0,2025-06-26,,09:00:00,RJ,101,309,SAO GONCALO,AUSÊNCIA DE REAÇÃO DO CONDUTOR,COLISÃO LATERAL MESMO SENTIDO,COM VÍTIMAS FERIDAS,PLENO DIA,Crescente,CÉU CLARO,DUPLA,Reta,Não,2,0,1,0,1,0,1,2,-22.79937595,-43.0447535,SPRF-RJ,DEL02-RJ,UOP02-DEL02-RJ,2025,,9,,,,1.0
700657.0,2025-06-26,,13:15:00,RJ,101,294,ITABORAI,CONDUTOR DEIXOU DE MANTER DISTÂNCIA DO VEÍCULO DA FRENTE,QUEDA DE OCUPANTE DE VEÍCULO,COM VÍTIMAS FERIDAS,PLENO DIA,Crescente,CÉU CLARO,DUPLA,Reta,Sim,1,0,1,0,0,0,1,1,-22.7589067,-42.89615504,SPRF-RJ,DEL02-RJ,UOP02-DEL02-RJ,2025,,13,,,,1.0
700807.0,2025-06-27,,08:00:00,RJ,101,308,SAO GONCALO,AUSÊNCIA DE REAÇÃO DO CONDUTOR,TOMBAMENTO,COM VÍTIMAS FERIDAS,PLENO DIA,Crescente,CÉU CLARO,DUPLA,Reta,Sim,1,0,1,0,0,0,1,1,-22.79167188,-43.0180192,SPRF-RJ,DEL02-RJ,UOP02-DEL02-RJ,2025,,8,,,,1.0
700814.0,2025-06-27,,04:40:00,RJ,101,309,SAO GONCALO,PEDESTRE CRUZAVA A PISTA FORA DA FAIXA,ATROPELAMENTO DE PEDESTRE,COM VÍTIMAS FATAIS,PLENA NOITE,Decrescente,CÉU CLARO,DUPLA,Reta,Sim,2,1,0,0,0,1,0,2,-22.79541265,-43.03517944,SPRF-RJ,DEL02-RJ,UOP02-DEL02-RJ,2025,,4,,,,2.0
700973.0,2025-06-27,,21:30:00,RJ,101,293,ITABORAI,MANOBRA DE MUDANÇA DE FAIXA,COLISÃO LATERAL MESMO SENTIDO,COM VÍTIMAS FERIDAS,PLENA NOITE,Decrescente,CÉU CLARO,DUPLA,Reta,Sim,2,0,1,0,1,0,1,2,-22.76999433,-42.91972014,SPRF-RJ,DEL02-RJ,UOP02-DEL02-RJ,2025,,21,,,,1.0
700975.0,2025-06-27,,19:35:00,RJ,101,263,RIO BONITO,REAÇÃO TARDIA OU INEFICIENTE DO CONDUTOR,COLISÃO TRASEIRA,COM VÍTIMAS FERIDAS,PLENA NOITE,Decrescente,CÉU CLARO,DUPLA,Curva,Sim,2,0,1,0,1,0,1,2,-22.716527,-42.62205,SPRF-RJ,DEL02-RJ,UOP03-DEL02-RJ,2025,,19,,,,1.0
701027.0,2025-06-28,,04:00:00,RJ,101,296,ITABORAI,AUSÊNCIA DE REAÇÃO DO CONDUTOR,COLISÃO COM OBJETO,COM VÍTIMAS FERIDAS,PLENA NOITE,Decrescente,CÉU CLARO,DUPLA,Curva,Sim,2,0,0,2,0,0,2,1,-22.76731776,-42.91311264,SPRF-RJ,DEL02-RJ,UOP02-DEL02-RJ,2025,,4,,,,1.0
701096.0,2025-06-28,,12:50:00,RJ,101,309,SAO GONCALO,AVARIAS E/OU DESGASTE EXCESSIVO NO PNEU,TOMBAMENTO,COM VÍTIMAS FERIDAS,PLENO DIA,Decrescente,CÉU CLARO,DUPLA,Reta,Sim,2,0,1,1,0,0,2,1,-22.79788337,-43.0464077,SPRF-RJ,DEL02-RJ,UOP02-DEL02-RJ,2025,,12,,,,1.0
701174.0,2025-06-28,,12:00:00,RJ,101,322,NITEROI,DEMAIS FALHAS MECÂNICAS OU ELÉTRICAS,INCÊNDIO,SEM VÍTIMAS,PLENO DIA,Decrescente,CÉU CLARO,MÚLTIPLA,Reta,Sim,1,0,0,0,1,0,0,1,-22.88300738,-43.11615612,SPRF-RJ,DEL02-RJ,UOP01-DEL02-RJ,2025,,12,,,,0.0
701346.0,2025-06-29,,15:00:00,RJ,101,303,SAO GONCALO,DEMAIS FALHAS MECÂNICAS OU ELÉTRICAS,TOMBAMENTO,COM VÍTIMAS FERIDAS,PLENO DIA,Decrescente,CÉU CLARO,DUPLA,Reta,Sim,2,0,1,0,1,0,1,1,-22.78282893,-42.97473907,SPRF-RJ,DEL02-RJ,UOP02-DEL02-RJ,2025,,15,,,,1.0
701416.0,2025-06-29,,16:15:00,RJ,101,310,SAO GONCALO,ANIMAIS NA PISTA,ATROPELAMENTO DE ANIMAL,COM VÍTIMAS FATAIS,PLENO DIA,Crescente,CÉU CLARO,DUPLA,Reta,Sim,5,1,1,0,3,0,1,2,-22.79578653,-43.03945541,SPRF-RJ,DEL02-RJ,UOP02-DEL02-RJ,2025,,16,,,,2.0
701755.0,2025-07-01,1.0,08:00:00,RJ,101,316,SAO GONCALO,REAÇÃO TARDIA OU INEFICIENTE DO CONDUTOR,COLISÃO LATERAL MESMO SENTIDO,COM VÍTIMAS FERIDAS,PLENO DIA,Crescente,CÉU CLARO,DUPLA,Reta,Sim,2,0,1,0,1,0,1,2,-22.82840256,-43.09318542,SPRF-RJ,DEL02-RJ,UOP02-DEL02-RJ,2025,2025-01-07,8,2025.0,1.0,Terça,1.0
701766.0,2025-07-01,1.0,09:49:00,RJ,101,262,RIO BONITO,REAÇÃO TARDIA OU INEFICIENTE DO CONDUTOR,SAÍDA DE LEITO CARROÇÁVEL,COM VÍTIMAS FERIDAS,PLENO DIA,Crescente,NUBLADO,DUPLA,Interseção de Vias;Curva;Aclive,Sim,1,0,0,1,0,0,1,1,-22.7185866,-42.6230371,SPRF-RJ,DEL02-RJ,UOP03-DEL02-RJ,2025,2025-01-07,9,2025.0,1.0,Terça,1.0
701908.0,2025-07-02,4.0,06:50:00,RJ,101,311,SAO GONCALO,AUSÊNCIA DE REAÇÃO DO CONDUTOR,ENGAVETAMENTO,COM VÍTIMAS FERIDAS,PLENO DIA,Crescente,CHUVA,DUPLA,Reta,Sim,5,0,1,0,4,0,1,4,-22.790144,-43.0309376,SPRF-RJ,DEL02-RJ,UOP02-DEL02-RJ,2025,2025-02-07,6,2025.0,2.0,Sexta,1.0
702039.0,2025-07-02,4.0,18:00:00,RJ,101,295,ITABORAI,DEMAIS FALHAS MECÂNICAS OU ELÉTRICAS,INCÊNDIO,SEM VÍTIMAS,PLENA NOITE,Crescente,CHUVA,DUPLA,Reta,Sim,1,0,0,0,1,0,0,1,-22.76698141,-42.91077375,SPRF-RJ,DEL02-RJ,UOP02-DEL02-RJ,2025,2025-02-07,18,2025.0,2.0,Sexta,0.0
702142.0,2025-07-03,4.0,08:40:00,RJ,101,320,NITEROI,AUSÊNCIA DE REAÇÃO DO CONDUTOR,COLISÃO TRASEIRA,COM VÍTIMAS FERIDAS,PLENO DIA,Crescente,CHUVA,DUPLA,Reta,Sim,2,0,1,0,1,0,1,2,-22.86858331,-43.11103821,SPRF-RJ,DEL02-RJ,UOP01-DEL02-RJ,2025,2025-03-07,8,2025.0,3.0,Sexta,1.0
702221.0,2025-07-03,4.0,17:35:00,RJ,101,318,SAO GONCALO,TRAFEGAR COM MOTOCICLETA (OU SIMILAR) ENTRE AS FAIXAS,COLISÃO LATERAL MESMO SENTIDO,COM VÍTIMAS FERIDAS,PLENO DIA,Decrescente,CÉU CLARO,MÚLTIPLA,Reta,Sim,2,0,1,0,1,0,1,2,-22.84533055,-43.09833527,SPRF-RJ,DEL02-RJ,UOP02-DEL02-RJ,2025,2025-03-07,17,2025.0,3.0,Sexta,1.0
702236.0,2025-05-20,,06:25:00,RJ,493,0,ITABORAI,AUSÊNCIA DE REAÇÃO DO CONDUTOR,ATROPELAMENTO DE PEDESTRE,COM VÍTIMAS FERIDAS,PLENO DIA,Crescente,CÉU CLARO,SIMPLES,Reta,Sim,3,0,2,0,1,0,2,2,-22.76946726,-42.92251037,SPRF-RJ,DEL02-RJ,UOP02-DEL02-RJ,2025,,6,,,,1.0
702279.0,2025-07-03,4.0,20:25:00,RJ,101,327,NITEROI,AUSÊNCIA DE REAÇÃO DO CONDUTOR,COLISÃO TRASEIRA,COM VÍTIMAS FERIDAS,PLENA NOITE,Decrescente,CHUVA,DUPLA,Reta,Não,6,0,1,0,5,0,1,3,-22.87269563,-43.1546402,SPRF-RJ,DEL02-RJ,UOP01-DEL02-RJ,2025,2025-03-07,20,2025.0,3.0,Sexta,1.0
702371.0,2025-07-04,0.0,09:50:00,RJ,101,318,SAO GONCALO,REAÇÃO TARDIA OU INEFICIENTE DO CONDUTOR,QUEDA DE OCUPANTE DE VEÍCULO,COM VÍTIMAS FERIDAS,PLENO DIA,Decrescente,CÉU CLARO,DUPLA,Reta,Sim,1,0,1,0,0,0,1,1,-22.84506971,-43.09808288,SPRF-RJ,DEL02-RJ,UOP02-DEL02-RJ,2025,2025-04-07,9,2025.0,4.0,Segunda,1.0
702496.0,2025-07-04,0.0,18:35:00,RJ,101,101,ITABORAI,CONDUTOR DEIXOU DE MANTER DISTÂNCIA DO VEÍCULO DA FRENTE,TOMBAMENTO,COM VÍTIMAS FERIDAS,PLENO DIA,Decrescente,CÉU CLARO,DUPLA,Reta,Sim,2,0,1,0,1,0,1,2,-22.7690589,-42.91843414,SPRF-RJ,DEL08-RJ,UOP02-DEL08-RJ,2025,2025-04-07,18,2025.0,4.0,Segunda,1.0
702500.0,2025-07-04,0.0,19:20:00,RJ,101,315,SAO GONCALO,REAÇÃO TARDIA OU INEFICIENTE DO CONDUTOR,COLISÃO TRASEIRA,COM VÍTIMAS FERIDAS,PLENA NOITE,Crescente,CÉU CLARO,DUPLA,Reta,Sim,3,0,2,0,1,0,2,2,-22.82220566,-43.08405059,SPRF-RJ,DEL02-RJ,UOP02-DEL02-RJ,2025,2025-04-07,19,2025.0,4.0,Segunda,1.0
702502.0,2025-07-04,0.0,20:30:00,RJ,101,320,NITEROI,REAÇÃO TARDIA OU INEFICIENTE DO CONDUTOR,COLISÃO TRASEIRA,COM VÍTIMAS FERIDAS,PLENA NOITE,Decrescente,CÉU CLARO,SIMPLES,Reta,Sim,2,0,1,0,0,1,1,2,-22.86186098,-43.10726166,SPRF-RJ,DEL02-RJ,UOP01-DEL02-RJ,2025,2025-04-07,20,2025.0,4.0,Segunda,1.0
702580.0,2025-07-04,0.0,19:15:00,RJ,101,297,ITABORAI,REAÇÃO TARDIA OU INEFICIENTE DO CONDUTOR,COLISÃO TRASEIRA,COM VÍTIMAS FERIDAS,PLENA NOITE,Crescente,CÉU CLARO,DUPLA,Reta,Sim,1,0,1,0,0,0,1,1,-22.76714087,-42.91103051,SPRF-RJ,DEL02-RJ,UOP02-DEL02-RJ,2025,2025-04-07,19,2025.0,4.0,Segunda,1.0
702627.0,2025-06-27,,22:00:00,RJ,493,1,ITABORAI,REAÇÃO TARDIA OU INEFICIENTE DO CONDUTOR,ATROPELAMENTO DE PEDESTRE,SEM VÍTIMAS,PLENA NOITE,Crescente,CÉU CLARO,SIMPLES,Reta,Não,3,0,0,0,2,1,0,2,-22.76994,-42.92258,SPRF-RJ,DEL02-RJ,UOP02-DEL02-RJ,2025,,22,,,,0.0
702639.0,2025-07-05,2.0,10:35:00,RJ,101,325,NITEROI,REAÇÃO TARDIA OU INEFICIENTE DO CONDUTOR,COLISÃO COM OBJETO,COM VÍTIMAS FERIDAS,PLENO DIA,Decrescente,CÉU CLARO,DUPLA,Ponte;Reta;Declive,Não,1,0,1,0,0,0,1,1,-22.87273479,-43.13847828,SPRF-RJ,DEL02-RJ,UOP01-DEL02-RJ,2025,2025-05-07,10,2025.0,5.0,Quarta,1.0
702769.0,2025-07-05,2.0,16:30:00,RJ,101,299,SAO GONCALO,ACESSAR A VIA SEM OBSERVAR A PRESENÇA DOS OUTROS VEÍCULOS,ATROPELAMENTO DE PEDESTRE,COM VÍTIMAS FATAIS,ANOITECER,Decrescente,CÉU CLARO,DUPLA,Reta,Sim,3,1,0,0,2,0,0,2,-22.7868672,-43.0342144,SPRF-RJ,DEL02-RJ,UOP02-DEL02-RJ,2025,2025-05-07,16,2025.0,5.0,Quarta,2.0
702822.0,2025-07-05,2.0,23:00:00,RJ,101,313,SAO GONCALO,CONDUTOR DORMINDO,COLISÃO COM OBJETO,SEM VÍTIMAS,PLENA NOITE,Crescente,CÉU CLARO,DUPLA,Reta,Sim,1,0,0,0,1,0,0,1,-22.81211437,-43.07232555,SPRF-RJ,DEL02-RJ,UOP02-DEL02-RJ,2025,2025-05-07,23,2025.0,5.0,Quarta,0.0
703075.0,2025-07-07,0.0,06:00:00,RJ,101,300,SAO GONCALO,PEDESTRE CRUZAVA A PISTA FORA DA FAIXA,ATROPELAMENTO DE PEDESTRE,COM VÍTIMAS FATAIS,AMANHECER,Decrescente,CÉU CLARO,DUPLA,Declive;Reta,Não,2,1,0,0,1,0,0,2,-22.77702884,-42.95065284,SPRF-RJ,DEL02-RJ,UOP02-DEL02-RJ,2025,2025-07-07,6,2025.0,7.0,Segunda,2.0
703159.0,2025-07-07,0.0,13:15:00,RJ,101,322,NITEROI,MANOBRA DE MUDANÇA DE FAIXA,COLISÃO LATERAL MESMO SENTIDO,COM VÍTIMAS FERIDAS,PLENO DIA,Decrescente,CÉU CLARO,DUPLA,Reta,Não,3,0,1,0,2,0,1,2,-22.8851712,-43.1161344,SPRF-RJ,DEL02-RJ,UOP01-DEL02-RJ,2025,2025-07-07,13,2025.0,7.0,Segunda,1.0
703173.0,2025-07-07,0.0,11:00:00,RJ,101,314,SAO GONCALO,REAÇÃO TARDIA OU INEFICIENTE DO CONDUTOR,COLISÃO TRANSVERSAL,COM VÍTIMAS FERIDAS,PLENO DIA,Crescente,CÉU CLARO,DUPLA,Reta,Sim,2,0,0,1,1,0,1,2,-22.81210541,-43.07172775,SPRF-RJ,DEL02-RJ,UOP02-DEL02-RJ,2025,2025-07-07,11,2025.0,7.0,Segunda,1.0
703202.0,2025-07-03,4.0,17:00:00,RJ,101,310,SAO GONCALO,TRAFEGAR COM MOTOCICLETA (OU SIMILAR) ENTRE AS FAIXAS,COLISÃO LATERAL MESMO SENTIDO,COM VÍTIMAS FERIDAS,PLENO DIA,Decrescente,CÉU CLARO,DUPLA,Reta,Não,2,0,1,0,1,0,1,2,-22.79937797,-43.05052465,SPRF-RJ,DEL02-RJ,UOP02-DEL02-RJ,2025,2025-03-07,17,2025.0,3.0,Sexta,1.0
703559.0,2025-07-09,6.0,09:24:00,RJ,116,325,NITEROI,DEMAIS FALHAS MECÂNICAS OU ELÉTRICAS,INCÊNDIO,SEM VÍTIMAS,PLENO DIA,Crescente,NUBLADO,DUPLA,Reta;Aclive;Ponte,Não,2,0,0,0,2,0,0,1,-22.87181832,-43.15043986,SPRF-RJ,DEL07-RJ,UOP02-DEL07-RJ,2025,2025-09-07,9,2025.0,9.0,Domingo,0.0
703563.0,2025-07-09,6.0,09:40:00,RJ,101,"303,7",SAO GONCALO,AUSÊNCIA DE REAÇÃO DO CONDUTOR,COLISÃO TRASEIRA,COM VÍTIMAS FERIDAS,PLENO DIA,Decrescente,SOL,DUPLA,Reta,Não,2,0,1,0,1,0,1,2,-22.7929044,-43.0248162,SPRF-RJ,DEL02-RJ,UOP02-DEL02-RJ,2025,2025-09-07,9,2025.0,9.0,Domingo,1.0
703597.0,2025-07-09,6.0,13:00:00,RJ,101,300,ITABORAI,MANOBRA DE MUDANÇA DE FAIXA,COLISÃO LATERAL MESMO SENTIDO,COM VÍTIMAS FERIDAS,PLENO DIA,Crescente,CÉU CLARO,MÚLTIPLA,Reta,Sim,2,0,1,0,1,0,1,2,-22.77105537,-42.92967193,SPRF-RJ,DEL02-RJ,UOP02-DEL02-RJ,2025,2025-09-07,13,2025.0,9.0,Domingo,1.0
703699.0,2025-07-09,6.0,19:00:00,RJ,493,2,ITABORAI,AUSÊNCIA DE REAÇÃO DO CONDUTOR,SAÍDA DE LEITO CARROÇÁVEL,COM VÍTIMAS FERIDAS,PLENA NOITE,Decrescente,CÉU CLARO,DUPLA,Reta,Sim,1,0,1,0,0,0,1,1,-22.75346702,-42.94079304,SPRF-RJ,DEL02-RJ,UOP02-DEL02-RJ,2025,2025-09-07,19,2025.0,9.0,Domingo,1.0
704288.0,2025-07-12,6.0,05:10:00,RJ,101,326,NITEROI,AUSÊNCIA DE REAÇÃO DO CONDUTOR,TOMBAMENTO,COM VÍTIMAS FERIDAS,AMANHECER,Decrescente,CÉU CLARO,MÚLTIPLA,Reta,Não,2,0,2,0,0,0,2,1,-22.87220449,-43.14323052,SPRF-RJ,DEL02-RJ,UOP01-DEL02-RJ,2025,2025-12-07,5,2025.0,12.0,Domingo,1.0
704530.0,2025-07-13,,10:00:00,RJ,101,311,SAO GONCALO,DEMAIS FALHAS MECÂNICAS OU ELÉTRICAS,QUEDA DE OCUPANTE DE VEÍCULO,COM VÍTIMAS FERIDAS,PLENO DIA,Crescente,CÉU CLARO,DUPLA,Reta,Sim,2,0,1,0,1,0,1,1,-22.790144,-43.024384,SPRF-RJ,DEL02-RJ,UOP02-DEL02-RJ,2025,,10,,,,1.0
704630.0,2025-07-14,,00:30:00,RJ,101,302,SAO GONCALO,ACESSAR A VIA SEM OBSERVAR A PRESENÇA DOS OUTROS VEÍCULOS,COLISÃO TRANSVERSAL,COM VÍTIMAS FERIDAS,PLENA NOITE,Decrescente,CÉU CLARO,DUPLA,Reta,Sim,2,0,1,0,1,0,1,2,-22.8538818,-43.0238139,SPRF-RJ,DEL02-RJ,UOP02-DEL02-RJ,2025,,0,,,,1.0
704648.0,2025-07-10,1.0,20:10:00,RJ,101,6,ITABORAI,ACESSAR A VIA SEM OBSERVAR A PRESENÇA DOS OUTROS VEÍCULOS,ATROPELAMENTO DE PEDESTRE,COM VÍTIMAS FERIDAS,PLENA NOITE,Crescente,CÉU CLARO,SIMPLES,Em Obras;Reta,Sim,2,0,2,0,0,0,2,2,-22.76668462,-42.92358398,SPRF-RJ,DEL08-RJ,UOP01-DEL08-RJ,2025,2025-10-07,20,2025.0,10.0,Terça,1.0
704713.0,2025-07-14,,10:10:00,RJ,101,257,RIO BONITO,REAÇÃO TARDIA OU INEFICIENTE DO CONDUTOR,SAÍDA DE LEITO CARROÇÁVEL,COM VÍTIMAS FERIDAS,PLENO DIA,Crescente,CÉU CLARO,DUPLA,Curva,Não,3,0,2,0,1,0,2,1,-22.69937712,-42.58265857,SPRF-RJ,DEL02-RJ,UOP03-DEL02-RJ,2025,,10,,,,1.0
704761.0,2025-07-14,,08:10:00,RJ,101,320,NITEROI,AUSÊNCIA DE REAÇÃO DO CONDUTOR,QUEDA DE OCUPANTE DE VEÍCULO,COM VÍTIMAS FERIDAS,PLENO DIA,Crescente,CÉU CLARO,DUPLA,Reta,Sim,1,0,1,0,0,0,1,1,-22.98760562,-43.07384491,SPRF-RJ,DEL02-RJ,UOP01-DEL02-RJ,2025,,8,,,,1.0
705079.0,2025-07-16,,00:40:00,RJ,101,265,RIO BONITO,ACESSAR A VIA SEM OBSERVAR A PRESENÇA DOS OUTROS VEÍCULOS,COLISÃO TRANSVERSAL,COM VÍTIMAS FERIDAS,PLENA NOITE,Crescente,CÉU CLARO,DUPLA,Reta,Não,2,0,0,1,1,0,1,2,-22.70968943,-42.64961243,SPRF-RJ,DEL02-RJ,UOP03-DEL02-RJ,2025,,0,,,,1.0
705140.0,2025-07-16,,07:15:00,RJ,101,317,SAO GONCALO,REAÇÃO TARDIA OU INEFICIENTE DO CONDUTOR,ENGAVETAMENTO,COM VÍTIMAS FERIDAS,PLENO DIA,Crescente,CÉU CLARO,DUPLA,Reta,Sim,6,0,2,0,3,1,2,5,-22.83676253,-43.0949649,SPRF-RJ,DEL02-RJ,UOP02-DEL02-RJ,2025,,7,,,,1.0
705186.0,2025-07-16,,15:30:00,RJ,101,320,NITEROI,MANOBRA DE MUDANÇA DE FAIXA,COLISÃO FRONTAL,COM VÍTIMAS FERIDAS,PLENO DIA,Decrescente,CÉU CLARO,MÚLTIPLA,Curva,Sim,3,0,2,0,0,1,2,2,-22.86744107,-43.11014269,SPRF-RJ,DEL02-RJ,UOP01-DEL02-RJ,2025,,15,,,,1.0
705504.0,2025-07-18,,10:10:00,RJ,101,288,ITABORAI,MANOBRA DE MUDANÇA DE FAIXA,COLISÃO LATERAL MESMO SENTIDO,COM VÍTIMAS FERIDAS,PLENO DIA,Crescente,CÉU CLARO,DUPLA,Reta;Aclive,Não,2,0,0,1,1,0,1,2,-22.75920984,-42.84294454,SPRF-RJ,DEL02-RJ,UOP02-DEL02-RJ,2025,,10,,,,1.0
705523.0,2025-07-18,,11:50:00,RJ,101,284,ITABORAI,DEMAIS FALHAS MECÂNICAS OU ELÉTRICAS,INCÊNDIO,SEM VÍTIMAS,PLENO DIA,Crescente,CÉU CLARO,DUPLA,Reta,Sim,1,0,0,0,1,0,0,1,-22.74616513,-42.81124234,SPRF-RJ,DEL02-RJ,UOP02-DEL02-RJ,2025,,11,,,,0.0
705546.0,2025-07-18,,13:20:00,RJ,101,331,NITEROI,AUSÊNCIA DE REAÇÃO DO CONDUTOR,QUEDA DE OCUPANTE DE VEÍCULO,COM VÍTIMAS FERIDAS,PLENO DIA,Decrescente,CÉU CLARO,MÚLTIPLA,Reta,Sim,1,0,1,0,0,0,1,1,-22.8818944,-43.1161344,SPRF-RJ,DEL02-RJ,UOP01-DEL02-RJ,2025,,13,,,,1.0
705677.0,2025-07-18,,12:00:00,RJ,101,295,ITABORAI,REAÇÃO TARDIA OU INEFICIENTE DO CONDUTOR,COLISÃO LATERAL MESMO SENTIDO,COM VÍTIMAS FERIDAS,PLENO DIA,Crescente,CÉU CLARO,DUPLA,Reta,Sim,2,0,1,0,1,0,1,2,-22.76406745,-42.9027972,SPRF-RJ,DEL02-RJ,UOP02-DEL02-RJ,2025,,12,,,,1.0
705754.0,2025-07-19,,07:53:00,RJ,101,304,SAO GONCALO,AVARIAS E/OU DESGASTE EXCESSIVO NO PNEU,QUEDA DE OCUPANTE DE VEÍCULO,COM VÍTIMAS FERIDAS,PLENO DIA,Decrescente,CÉU CLARO,DUPLA,Reta,Sim,2,0,1,0,1,0,1,1,-22.78504467,-42.98624039,SPRF-RJ,DEL02-RJ,UOP02-DEL02-RJ,2025,,7,,,,1.0
705793.0,2025-07-19,,10:10:00,RJ,101,312,SAO GONCALO,DEMAIS FALHAS MECÂNICAS OU ELÉTRICAS,QUEDA DE OCUPANTE DE VEÍCULO,COM VÍTIMAS FERIDAS,PLENO DIA,Decrescente,CÉU CLARO,DUPLA,Reta,Não,2,0,2,0,0,0,2,1,-22.80785929,-43.06553721,SPRF-RJ,DEL02-RJ,UOP02-DEL02-RJ,2025,,10,,,,1.0
706282.0,2025-07-20,,23:00:00,RJ,101,316,SAO GONCALO,AUSÊNCIA DE REAÇÃO DO CONDUTOR,CAPOTAMENTO,COM VÍTIMAS FERIDAS,PLENA NOITE,Decrescente,CÉU CLARO,DUPLA,Reta,Não,2,0,1,1,0,0,2,1,-22.84517235,-43.09867859,SPRF-RJ,DEL02-RJ,UOP02-DEL02-RJ,2025,,23,,,,1.0
706388.0,2025-07-19,,05:55:00,RJ,101,322,NITEROI,AUSÊNCIA DE REAÇÃO DO CONDUTOR,COLISÃO TRASEIRA,COM VÍTIMAS FERIDAS,AMANHECER,Decrescente,CÉU CLARO,MÚLTIPLA,Reta,Não,2,0,1,0,1,0,1,2,-22.87668663,-43.1176657,SPRF-RJ,DEL02-RJ,UOP01-DEL02-RJ,2025,,5,,,,1.0
706501.0,2025-07-22,,15:50:00,RJ,101,295,ITABORAI,REAÇÃO TARDIA OU INEFICIENTE DO CONDUTOR,COLISÃO TRASEIRA,COM VÍTIMAS FERIDAS,PLENO DIA,Decrescente,CÉU CLARO,DUPLA,Curva,Sim,3,0,1,0,2,0,1,2,-22.76735734,-42.91397095,SPRF-RJ,DEL02-RJ,UOP02-DEL02-RJ,2025,,15,,,,1.0
706538.0,2025-07-22,,08:00:00,RJ,493,0,SAO GONCALO,CONDUTOR DEIXOU DE MANTER DISTÂNCIA DO VEÍCULO DA FRENTE,COLISÃO TRASEIRA,COM VÍTIMAS FERIDAS,PLENO DIA,Decrescente,CÉU CLARO,SIMPLES,Reta,Sim,2,0,1,0,0,1,1,2,-22.7934208,-43.0309376,SPRF-RJ,DEL02-RJ,UOP02-DEL02-RJ,2025,,8,,,,1.0
706712.0,2025-07-23,,08:00:00,RJ,101,316,SAO GONCALO,ACESSAR A VIA SEM OBSERVAR A PRESENÇA DOS OUTROS VEÍCULOS,COLISÃO TRANSVERSAL,COM VÍTIMAS FERIDAS,PLENO DIA,Crescente,SOL,DUPLA,Reta,Sim,3,0,3,0,0,0,3,2,-22.82569758,-43.09029786,SPRF-RJ,DEL02-RJ,UOP02-DEL02-RJ,2025,,8,,,,1.0
706713.0,2025-07-23,,14:40:00,RJ,101,271,RIO BONITO,TRAFEGAR COM MOTOCICLETA (OU SIMILAR) ENTRE AS FAIXAS,COLISÃO TRASEIRA,COM VÍTIMAS FERIDAS,PLENO DIA,Decrescente,CÉU CLARO,DUPLA,Reta,Não,3,0,1,0,2,0,1,3,-22.728206,-42.698296,SPRF-RJ,DEL02-RJ,UOP03-DEL02-RJ,2025,,14,,,,1.0
706736.0,2025-07-23,,07:27:00,RJ,101,323,NITEROI,CONDUTOR DORMINDO,COLISÃO COM OBJETO,COM VÍTIMAS FERIDAS,PLENO DIA,Crescente,CÉU CLARO,DUPLA,Reta,Não,1,0,1,0,0,0,1,1,-22.8818944,-43.1128576,SPRF-RJ,DEL02-RJ,UOP01-DEL02-RJ,2025,,7,,,,1.0
707444.0,2025-07-26,,10:45:00,RJ,101,325,NITEROI,CONDUTOR DEIXOU DE MANTER DISTÂNCIA DO VEÍCULO DA FRENTE,COLISÃO TRASEIRA,COM VÍTIMAS FERIDAS,PLENO DIA,Decrescente,CÉU CLARO,MÚLTIPLA,Reta,Sim,2,0,1,0,1,0,1,2,-22.8783903,-43.1086724,SPRF-RJ,DEL02-RJ,UOP01-DEL02-RJ,2025,,10,,,,1.0
707457.0,2025-07-26,,13:20:00,RJ,101,325,NITEROI,AUSÊNCIA DE REAÇÃO DO CONDUTOR,COLISÃO LATERAL MESMO SENTIDO,COM VÍTIMAS FERIDAS,PLENO DIA,Decrescente,CÉU CLARO,DUPLA,Reta,Sim,3,0,2,0,1,0,2,3,-22.8794991,-43.1139956,SPRF-RJ,DEL02-RJ,UOP01-DEL02-RJ,2025,,13,,,,1.0
707892.0,2025-07-24,,15:30:00,RJ,101,313,SAO GONCALO,DEMAIS FALHAS MECÂNICAS OU ELÉTRICAS,QUEDA DE OCUPANTE DE VEÍCULO,COM VÍTIMAS FERIDAS,PLENO DIA,Decrescente,CÉU CLARO,DUPLA,Reta,Sim,2,0,1,0,1,0,1,1,-22.81096006,-43.07068632,SPRF-RJ,DEL02-RJ,UOP02-DEL02-RJ,2025,,15,,,,1.0