id,data_inversa,dia_semana,horario,uf,br,km,municipio,causa_acidente,tipo_acidente,classificacao_acidente,fase_dia,sentido_via,condicao_metereologica,tipo_pista,tracado_via,uso_solo,pessoas,mortos,feridos_leves,feridos_graves,ilesos,ignorados,feridos,veiculos,latitude,longitude,regional,delegacia,uop,ano_arquivo,data,hora,ano,mes,dia_semana_nome,gravidade
708167.0,2025-07-30,,07:48:00,RJ,101,313,SAO GONCALO,ANIMAIS NA PISTA,COLISÃO TRASEIRA,COM VÍTIMAS FERIDAS,PLENO DIA,Crescente,SOL,DUPLA,Reta,Sim,2,0,1,0,1,0,1,2,-22.81184828,-43.07211399,SPRF-RJ,DEL02-RJ,UOP02-DEL02-RJ,2025,,7,,,,1.0
708216.0,2025-07-30,,14:50:00,RJ,101,291,ITABORAI,AVARIAS E/OU DESGASTE EXCESSIVO NO PNEU,TOMBAMENTO,COM VÍTIMAS FERIDAS,PLENO DIA,Crescente,CÉU CLARO,DUPLA,Reta,Não,2,0,0,2,0,0,2,1,-22.76217337,-42.87466049,SPRF-RJ,DEL02-RJ,UOP02-DEL02-RJ,2025,,14,,,,1.0
708257.0,2025-07-30,,17:00:00,RJ,101,313,SAO GONCALO,REAÇÃO TARDIA OU INEFICIENTE DO CONDUTOR,COLISÃO LATERAL MESMO SENTIDO,COM VÍTIMAS FERIDAS,ANOITECER,Decrescente,CÉU CLARO,DUPLA,Reta,Sim,2,0,1,0,1,0,1,2,-22.81180159,-43.07168411,SPRF-RJ,DEL02-RJ,UOP02-DEL02-RJ,2025,,17,,,,1.0
708367.0,2025-07-31,,07:30:00,RJ,101,325,NITEROI,AUSÊNCIA DE REAÇÃO DO CONDUTOR,COLISÃO TRASEIRA,COM VÍTIMAS FERIDAS,PLENO DIA,Crescente,CÉU CLARO,DUPLA,Reta,Não,2,0,1,0,1,0,1,2,-22.87301196,-43.1319809,SPRF-RJ,DEL02-RJ,UOP01-DEL02-RJ,2025,,7,,,,1.0
708449.0,2025-07-31,,14:10:00,RJ,101,288,ITABORAI,AUSÊNCIA DE REAÇÃO DO CONDUTOR,TOMBAMENTO,COM VÍTIMAS FERIDAS,PLENO DIA,Decrescente,NUBLADO,DUPLA,Reta,Não,1,0,1,0,0,0,1,1,-22.76296142,-42.84980178,SPRF-RJ,DEL02-RJ,UOP02-DEL02-RJ,2025,,14,,,,1.0
708502.0,2025-07-31,,19:00:00,RJ,101,319,NITEROI,AUSÊNCIA DE REAÇÃO DO CONDUTOR,COLISÃO TRASEIRA,COM VÍTIMAS FERIDAS,PLENA NOITE,Decrescente,CÉU CLARO,DUPLA,Reta,Não,2,0,1,0,0,1,1,2,-22.85802145,-43.10467467,SPRF-RJ,DEL02-RJ,UOP02-DEL02-RJ,2025,,19,,,,1.0
708508.0,2025-07-31,,20:35:00,RJ,101,0,NITEROI,VELOCIDADE INCOMPATÍVEL,COLISÃO LATERAL MESMO SENTIDO,COM VÍTIMAS FERIDAS,PLENA NOITE,Decrescente,CÉU CLARO,DUPLA,Reta,Não,3,0,1,0,2,0,1,3,-22.88073209,-43.10671449,SPRF-RJ,DEL02-RJ,UOP01-DEL02-RJ,2025,,20,,,,1.0
708631.0,2025-08-01,2.0,12:35:00,RJ,101,324,NITEROI,AUSÊNCIA DE REAÇÃO DO CONDUTOR,TOMBAMENTO,COM VÍTIMAS FERIDAS,PLENO DIA,Crescente,CÉU CLARO,MÚLTIPLA,Reta,Sim,3,0,1,0,2,0,1,3,-22.87617519,-43.11927795,SPRF-RJ,DEL02-RJ,UOP01-DEL02-RJ,2025,2025-01-08,12,2025.0,1.0,Quarta,1.0
708769.0,2025-08-01,2.0,22:45:00,RJ,101,305,SAO GONCALO,ANIMAIS NA PISTA,COLISÃO COM OBJETO,COM VÍTIMAS FERIDAS,PLENA NOITE,Crescente,CÉU CLARO,DUPLA,Reta,Sim,1,0,0,1,0,0,1,1,-22.78710682,-42.99691507,SPRF-RJ,DEL02-RJ,UOP02-DEL02-RJ,2025,2025-01-08,22,2025.0,1.0,Quarta,1.0
708913.0,2025-08-02,5.0,13:00:00,RJ,493,1,ITABORAI,ACESSO IRREGULAR,COLISÃO LATERAL SENTIDO OPOSTO,COM VÍTIMAS FERIDAS,PLENO DIA,Crescente,CÉU CLARO,SIMPLES,Reta;Aclive,Sim,2,0,1,0,0,1,1,2,-22.77363469,-42.86827767,SPRF-RJ,DEL02-RJ,UOP02-DEL02-RJ,2025,2025-02-08,13,2025.0,2.0,Sábado,1.0
709070.0,2025-08-03,5.0,08:10:00,RJ,101,321,NITEROI,AUSÊNCIA DE REAÇÃO DO CONDUTOR,ENGAVETAMENTO,COM VÍTIMAS FERIDAS,PLENO DIA,Crescente,CÉU CLARO,MÚLTIPLA,Reta,Sim,8,0,2,0,6,0,2,5,-22.86989268,-43.11053965,SPRF-RJ,DEL02-RJ,UOP01-DEL02-RJ,2025,2025-03-08,8,2025.0,3.0,Sábado,1.0
709187.0,2025-08-03,5.0,16:24:00,RJ,101,293,SAO GONCALO,REAÇÃO TARDIA OU INEFICIENTE DO CONDUTOR,QUEDA DE OCUPANTE DE VEÍCULO,COM VÍTIMAS FERIDAS,PLENO DIA,Crescente,SOL,DUPLA,Curva,Sim,1,0,0,1,0,0,1,1,-22.7868672,-43.0276608,SPRF-RJ,DEL02-RJ,UOP02-DEL02-RJ,2025,2025-03-08,16,2025.0,3.0,Sábado,1.0
709214.0,2025-08-03,5.0,18:32:00,RJ,101,290,ITABORAI,CONDUTOR DEIXOU DE MANTER DISTÂNCIA DO VEÍCULO DA FRENTE,COLISÃO LATERAL MESMO SENTIDO,COM VÍTIMAS FERIDAS,PLENA NOITE,Crescente,CÉU CLARO,DUPLA,Aclive;Reta,Não,2,0,1,0,1,0,1,2,-22.76429545,-42.87478387,SPRF-RJ,DEL02-RJ,UOP02-DEL02-RJ,2025,2025-03-08,18,2025.0,3.0,Sábado,1.0
709235.0,2025-08-03,5.0,21:05:00,RJ,101,330,NITEROI,REAÇÃO TARDIA OU INEFICIENTE DO CONDUTOR,COLISÃO TRASEIRA,COM VÍTIMAS FERIDAS,PLENO DIA,Decrescente,CÉU CLARO,MÚLTIPLA,Reta,Sim,5,0,1,0,4,0,1,2,-22.8786176,-43.1128576,SPRF-RJ,DEL02-RJ,UOP01-DEL02-RJ,2025,2025-03-08,21,2025.0,3.0,Sábado,1.0
709356.0,2025-08-04,1.0,07:40:00,RJ,101,322,NITEROI,AUSÊNCIA DE REAÇÃO DO CONDUTOR,TOMBAMENTO,COM VÍTIMAS FERIDAS,PLENO DIA,Decrescente,CÉU CLARO,DUPLA,Reta,Sim,1,0,1,0,0,0,1,1,-22.8818944,-43.1095808,SPRF-RJ,DEL02-RJ,UOP01-DEL02-RJ,2025,2025-04-08,7,2025.0,4.0,Terça,1.0
709407.0,2025-08-04,1.0,13:15:00,RJ,101,312,SAO GONCALO,AVARIAS E/OU DESGASTE EXCESSIVO NO PNEU,QUEDA DE OCUPANTE DE VEÍCULO,COM VÍTIMAS FERIDAS,PLENO DIA,Decrescente,CÉU CLARO,DUPLA,Reta,Sim,2,0,2,0,0,0,2,1,-22.80907915,-43.06736112,SPRF-RJ,DEL02-RJ,UOP02-DEL02-RJ,2025,2025-04-08,13,2025.0,4.0,Terça,1.0
709585.0,2025-08-05,3.0,11:00:00,RJ,101,308,SAO GONCALO,DEMAIS FALHAS MECÂNICAS OU ELÉTRICAS,QUEDA DE OCUPANTE DE VEÍCULO,COM VÍTIMAS FERIDAS,PLENO DIA,Crescente,CÉU CLARO,SIMPLES,Reta,Sim,1,0,1,0,0,0,1,1,-22.79500021,-43.02962244,SPRF-RJ,DEL02-RJ,UOP02-DEL02-RJ,2025,2025-05-08,11,2025.0,5.0,Quinta,1.0
709756.0,2025-08-06,6.0,12:20:00,RJ,101,322,NITEROI,CONDUTOR DEIXOU DE MANTER DISTÂNCIA DO VEÍCULO DA FRENTE,COLISÃO TRASEIRA,COM VÍTIMAS FERIDAS,PLENO DIA,Crescente,CÉU CLARO,DUPLA,Reta;Ponte,Não,2,0,1,0,1,0,1,2,-22.87506543,-43.12000227,SPRF-RJ,DEL02-RJ,UOP01-DEL02-RJ,2025,2025-06-08,12,2025.0,6.0,Domingo,1.0
710029.0,2025-08-07,1.0,14:20:00,RJ,101,322,NITEROI,CONDUTOR DEIXOU DE MANTER DISTÂNCIA DO VEÍCULO DA FRENTE,COLISÃO TRASEIRA,COM VÍTIMAS FERIDAS,PLENO DIA,Decrescente,CÉU CLARO,MÚLTIPLA,Reta,Sim,2,0,1,0,1,0,1,2,-22.8560998,-43.1068537,SPRF-RJ,DEL02-RJ,UOP01-DEL02-RJ,2025,2025-07-08,14,2025.0,7.0,Terça,1.0
710172.0,2025-08-08,4.0,02:00:00,RJ,493,5,ITABORAI,AUSÊNCIA DE REAÇÃO DO CONDUTOR,QUEDA DE OCUPANTE DE VEÍCULO,COM VÍTIMAS FERIDAS,PLENA NOITE,Crescente,CÉU CLARO,SIMPLES,Reta,Sim,2,0,2,0,0,0,2,1,-22.7433118,-42.8631464,SPRF-RJ,DEL02-RJ,UOP02-DEL02-RJ,2025,2025-08-08,2,2025.0,8.0,Sexta,1.0
710326.0,2025-08-08,4.0,16:45:00,RJ,101,296,ITABORAI,REAÇÃO TARDIA OU INEFICIENTE DO CONDUTOR,COLISÃO TRASEIRA,COM VÍTIMAS FERIDAS,PLENO DIA,Decrescente,NUBLADO,DUPLA,Reta,Não,4,0,1,0,3,0,1,2,-22.7671145,-42.91067569,SPRF-RJ,DEL02-RJ,UOP02-DEL02-RJ,2025,2025-08-08,16,2025.0,8.0,Sexta,1.0
710454.0,2025-08-09,0.0,10:15:00,RJ,101,319,SAO GONCALO,AUSÊNCIA DE REAÇÃO DO CONDUTOR,COLISÃO TRASEIRA,SEM VÍTIMAS,PLENO DIA,Crescente,NUBLADO,DUPLA,Reta,Sim,2,0,0,0,2,0,0,2,-22.85474286,-43.10249805,SPRF-RJ,DEL02-RJ,UOP02-DEL02-RJ,2025,2025-09-08,10,2025.0,9.0,Segunda,0.0
710618.0,2025-08-09,0.0,20:20:00,RJ,101,315,SAO GONCALO,CONDUTOR DEIXOU DE MANTER DISTÂNCIA DO VEÍCULO DA FRENTE,COLISÃO LATERAL MESMO SENTIDO,COM VÍTIMAS FERIDAS,PLENA NOITE,Decrescente,CÉU CLARO,DUPLA,Reta,Sim,3,0,2,0,0,1,2,2,-22.81732704,-43.07825089,SPRF-RJ,DEL02-RJ,UOP02-DEL02-RJ,2025,2025-09-08,20,2025.0,9.0,Segunda,1.0
711005.0,2025-08-11,5.0,12:35:00,RJ,101,322,NITEROI,FREAR BRUSCAMENTE,COLISÃO TRASEIRA,COM VÍTIMAS FERIDAS,PLENO DIA,Crescente,CÉU CLARO,MÚLTIPLA,Reta,Não,3,0,2,0,1,0,2,2,-22.87685197,-43.11685421,SPRF-RJ,DEL02-RJ,UOP01-DEL02-RJ,2025,2025-11-08,12,2025.0,11.0,Sábado,1.0
711033.0,2025-07-28,,07:05:00,RJ,101,319,NITEROI,AUSÊNCIA DE REAÇÃO DO CONDUTOR,COLISÃO LATERAL MESMO SENTIDO,COM VÍTIMAS FERIDAS,PLENO DIA,Crescente,CÉU CLARO,DUPLA,Reta,Sim,4,0,3,0,1,0,3,3,-22.86059732,-43.10716248,SPRF-RJ,DEL02-RJ,UOP02-DEL02-RJ,2025,,7,,,,1.0
711044.0,2025-08-11,5.0,15:00:00,RJ,101,304,SAO GONCALO,DEMAIS FALHAS MECÂNICAS OU ELÉTRICAS,INCÊNDIO,SEM VÍTIMAS,PLENO DIA,Decrescente,SOL,DUPLA,Reta,Sim,1,0,0,0,1,0,0,1,-22.79307,-43.025032,SPRF-RJ,DEL02-RJ,UOP02-DEL02-RJ,2025,2025-11-08,15,2025.0,11.0,Sábado,0.0
711092.0,2025-08-11,5.0,18:08:00,RJ,101,312,SAO GONCALO,AUSÊNCIA DE REAÇÃO DO CONDUTOR,QUEDA DE OCUPANTE DE VEÍCULO,COM VÍTIMAS FERIDAS,PLENA NOITE,Decrescente,CÉU CLARO,DUPLA,Reta,Sim,2,0,1,0,1,0,1,1,-22.7989587,-43.0121923,SPRF-RJ,DEL02-RJ,UOP02-DEL02-RJ,2025,2025-11-08,18,2025.0,11.0,Sábado,1.0
711119.0,2025-08-11,5.0,16:20:00,RJ,101,307,SAO GONCALO,MANOBRA DE MUDANÇA DE FAIXA,COLISÃO TRANSVERSAL,SEM VÍTIMAS,PLENO DIA,Crescente,CÉU CLARO,DUPLA,Reta,Sim,2,0,0,0,2,0,0,2,-22.79264121,-43.01353455,SPRF-RJ,DEL02-RJ,UOP02-DEL02-RJ,2025,2025-11-08,16,2025.0,11.0,Sábado,0.0
711269.0,2025-08-12,0.0,13:40:00,RJ,101,321,NITEROI,CONDUTOR DEIXOU DE MANTER DISTÂNCIA DO VEÍCULO DA FRENTE,COLISÃO TRASEIRA,COM VÍTIMAS FERIDAS,PLENO DIA,Crescente,CÉU CLARO,DUPLA,Reta,Não,3,0,1,0,2,0,1,3,-22.8823469,-43.1086724,SPRF-RJ,DEL02-RJ,UOP01-DEL02-RJ,2025,2025-12-08,13,2025.0,12.0,Segunda,1.0
711421.0,2025-08-09,0.0,17:20:00,RJ,101,313,SAO GONCALO,REAÇÃO TARDIA OU INEFICIENTE DO CONDUTOR,QUEDA DE OCUPANTE DE VEÍCULO,COM VÍTIMAS FERIDAS,ANOITECER,Decrescente,NUBLADO,DUPLA,Reta,Sim,3,0,2,0,1,0,2,3,-22.81413725,-43.07454441,SPRF-RJ,DEL02-RJ,UOP02-DEL02-RJ,2025,2025-09-08,17,2025.0,9.0,Segunda,1.0
711428.0,2025-08-13,,07:00:00,RJ,101,313,SAO GONCALO,MANOBRA DE MUDANÇA DE FAIXA,COLISÃO TRASEIRA,COM VÍTIMAS FERIDAS,PLENO DIA,Crescente,CÉU CLARO,SIMPLES,Reta,Sim,2,0,1,0,1,0,1,2,-22.7934208,-43.0276608,SPRF-RJ,DEL02-RJ,UOP02-DEL02-RJ,2025,,7,,,,1.0
711435.0,2025-08-13,,10:30:00,RJ,101,312,SAO GONCALO,ACESSAR A VIA SEM OBSERVAR A PRESENÇA DOS OUTROS VEÍCULOS,QUEDA DE OCUPANTE DE VEÍCULO,COM VÍTIMAS FERIDAS,PLENO DIA,Crescente,CÉU CLARO,DUPLA,Reta,Não,2,0,1,0,1,0,1,2,-22.80481161,-43.05949152,SPRF-RJ,DEL02-RJ,UOP02-DEL02-RJ,2025,,10,,,,1.0
711837.0,2025-08-15,,15:53:00,RJ,101,318,SAO GONCALO,AUSÊNCIA DE REAÇÃO DO CONDUTOR,QUEDA DE OCUPANTE DE VEÍCULO,COM VÍTIMAS FERIDAS,PLENO DIA,Decrescente,NUBLADO,DUPLA,Reta,Sim,1,0,1,0,0,0,1,1,-22.7928886,-43.02484,SPRF-RJ,DEL02-RJ,UOP02-DEL02-RJ,2025,,15,,,,1.0
711843.0,2025-08-15,,03:40:00,RJ,101,315,SAO GONCALO,AUSÊNCIA DE REAÇÃO DO CONDUTOR,COLISÃO COM OBJETO,COM VÍTIMAS FATAIS,PLENA NOITE,Decrescente,CHUVA,DUPLA,Curva,Sim,2,1,1,0,0,0,1,1,-22.82716021,-43.09118986,SPRF-RJ,DEL02-RJ,UOP02-DEL02-RJ,2025,,3,,,,2.0
711940.0,2025-08-16,,07:00:00,RJ,101,322,NITEROI,ACESSAR A VIA SEM OBSERVAR A PRESENÇA DOS OUTROS VEÍCULOS,COLISÃO LATERAL MESMO SENTIDO,COM VÍTIMAS FERIDAS,PLENO DIA,Decrescente,CÉU CLARO,MÚLTIPLA,Interseção de Vias,Não,3,0,1,0,2,0,1,2,-22.8818944,-43.1095808,SPRF-RJ,DEL02-RJ,UOP01-DEL02-RJ,2025,,7,,,,1.0
712057.0,2025-08-16,,18:00:00,RJ,101,256,RIO BONITO,ACESSO IRREGULAR,COLISÃO LATERAL MESMO SENTIDO,COM VÍTIMAS FERIDAS,PLENA NOITE,Crescente,NUBLADO,DUPLA,Reta,Não,2,0,0,1,1,0,1,2,-22.696091,-42.56808,SPRF-RJ,DEL02-RJ,UOP03-DEL02-RJ,2025,,18,,,,1.0
712113.0,2025-08-16,,22:20:00,RJ,101,322,NITEROI,AUSÊNCIA DE REAÇÃO DO CONDUTOR,COLISÃO COM OBJETO,COM VÍTIMAS FERIDAS,PLENA NOITE,Decrescente,CÉU CLARO,DUPLA,Reta,Não,1,0,1,0,0,0,1,1,-22.8818944,-43.1095808,SPRF-RJ,DEL02-RJ,UOP01-DEL02-RJ,2025,,22,,,,1.0
712130.0,2025-08-16,,22:15:00,RJ,101,293,ITABORAI,MANOBRA DE MUDANÇA DE FAIXA,COLISÃO LATERAL MESMO SENTIDO,COM VÍTIMAS FERIDAS,PLENO DIA,Crescente,NUBLADO,DUPLA,Reta,Não,3,0,2,0,0,1,2,2,-22.75703527,-42.89362907,SPRF-RJ,DEL02-RJ,UOP02-DEL02-RJ,2025,,22,,,,1.0
712224.0,2025-08-17,,11:10:00,RJ,101,323,NITEROI,AUSÊNCIA DE REAÇÃO DO CONDUTOR,COLISÃO TRASEIRA,COM VÍTIMAS FERIDAS,PLENO DIA,Crescente,CÉU CLARO,SIMPLES,Ponte;Reta,Sim,2,0,1,0,1,0,1,2,-22.87744046,-43.11687469,SPRF-RJ,DEL02-RJ,UOP01-DEL02-RJ,2025,,11,,,,1.0
712241.0,2025-08-17,,14:30:00,RJ,101,313,SAO GONCALO,TRANSITAR NA CONTRAMÃO,COLISÃO FRONTAL,COM VÍTIMAS FERIDAS,PLENO DIA,Crescente,CÉU CLARO,SIMPLES,Viaduto,Sim,2,0,1,0,1,0,1,2,-22.81178499,-43.07211089,SPRF-RJ,DEL02-RJ,UOP02-DEL02-RJ,2025,,14,,,,1.0
712302.0,2025-08-17,,20:00:00,RJ,101,320,NITEROI,AUSÊNCIA DE REAÇÃO DO CONDUTOR,TOMBAMENTO,COM VÍTIMAS FERIDAS,PLENA NOITE,Decrescente,CÉU CLARO,DUPLA,Curva,Sim,1,0,1,0,0,0,1,1,-22.86257283,-43.10724575,SPRF-RJ,DEL02-RJ,UOP01-DEL02-RJ,2025,,20,,,,1.0
712339.0,2025-08-17,,21:25:00,RJ,101,301,SAO GONCALO,DEMAIS FALHAS MECÂNICAS OU ELÉTRICAS,TOMBAMENTO,COM VÍTIMAS FERIDAS,PLENA NOITE,Decrescente,CÉU CLARO,DUPLA,Reta,Sim,2,0,2,0,0,0,2,1,-22.79327699,-43.02474545,SPRF-RJ,DEL02-RJ,UOP02-DEL02-RJ,2025,,21,,,,1.0
712561.0,2025-08-18,,11:00:00,RJ,101,309,SAO GONCALO,TRANSTORNOS MENTAIS (EXCETO SUICIDIO),QUEDA DE OCUPANTE DE VEÍCULO,COM VÍTIMAS FERIDAS,PLENO DIA,Decrescente,CÉU CLARO,DUPLA,Reta,Sim,2,0,1,0,1,0,1,1,-22.7934208,-43.0309376,SPRF-RJ,DEL02-RJ,UOP02-DEL02-RJ,2025,,11,,,,1.0
712637.0,2025-08-19,,09:10:00,RJ,101,296,ITABORAI,REAÇÃO TARDIA OU INEFICIENTE DO CONDUTOR,COLISÃO LATERAL MESMO SENTIDO,COM VÍTIMAS FERIDAS,PLENO DIA,Decrescente,CÉU CLARO,DUPLA,Reta,Sim,3,0,1,0,2,0,1,2,-22.76961738,-42.91907636,SPRF-RJ,DEL02-RJ,UOP02-DEL02-RJ,2025,,9,,,,1.0
712711.0,2025-08-19,,12:30:00,RJ,101,319,SAO GONCALO,MANOBRA DE MUDANÇA DE FAIXA,COLISÃO LATERAL MESMO SENTIDO,SEM VÍTIMAS,PLENO DIA,Decrescente,CÉU CLARO,DUPLA,Reta,Sim,2,0,0,0,2,0,0,2,-22.85494059,-43.10230494,SPRF-RJ,DEL02-RJ,UOP02-DEL02-RJ,2025,,12,,,,0.0
712812.0,2025-08-20,,07:30:00,RJ,101,333,NITEROI,MANOBRA DE MUDANÇA DE FAIXA,COLISÃO TRASEIRA,COM VÍTIMAS FERIDAS,PLENO DIA,Crescente,CÉU CLARO,DUPLA,Reta,Não,2,0,1,0,1,0,1,2,-22.8736033,-43.1226134,SPRF-RJ,DEL02-RJ,UOP01-DEL02-RJ,2025,,7,,,,1.0
712867.0,2025-08-20,,12:10:00,RJ,493,3,ITABORAI,AVARIAS E/OU DESGASTE EXCESSIVO NO PNEU,QUEDA DE OCUPANTE DE VEÍCULO,COM VÍTIMAS FERIDAS,PLENO DIA,Crescente,CÉU CLARO,DUPLA,Reta,Sim,2,0,2,0,0,0,2,1,-22.75892834,-42.93568611,SPRF-RJ,DEL02-RJ,UOP02-DEL02-RJ,2025,,12,,,,1.0
713254.0,2025-08-22,,11:39:00,RJ,101,267,RIO BONITO,REAÇÃO TARDIA OU INEFICIENTE DO CONDUTOR,QUEDA DE OCUPANTE DE VEÍCULO,COM VÍTIMAS FERIDAS,PLENO DIA,Crescente,CÉU CLARO,DUPLA,Reta,Sim,1,0,1,0,0,0,1,1,-22.70762,-42.661623,SPRF-RJ,DEL02-RJ,UOP03-DEL02-RJ,2025,,11,,,,1.0
713331.0,2025-08-22,,15:50:00,RJ,101,317,SAO GONCALO,REAÇÃO TARDIA OU INEFICIENTE DO CONDUTOR,ENGAVETAMENTO,COM VÍTIMAS FERIDAS,PLENO DIA,Decrescente,CÉU CLARO,DUPLA,Reta,Sim,6,0,2,0,4,0,2,3,-22.84039673,-43.09377551,SPRF-RJ,DEL02-RJ,UOP02-DEL02-RJ,2025,,15,,,,1.0
713444.0,2025-08-23,,08:00:00,RJ,101,311,SAO GONCALO,DEMAIS FALHAS MECÂNICAS OU ELÉTRICAS,INCÊNDIO,SEM VÍTIMAS,PLENO DIA,Crescente,CÉU CLARO,DUPLA,Reta,Sim,1,0,0,0,1,0,0,1,-22.80517878,-43.06158766,SPRF-RJ,DEL02-RJ,UOP02-DEL02-RJ,2025,,8,,,,0.0
713458.0,2025-08-23,,08:30:00,RJ,101,309,SAO GONCALO,REAÇÃO TARDIA OU INEFICIENTE DO CONDUTOR,COLISÃO TRASEIRA,COM VÍTIMAS FERIDAS,PLENO DIA,Crescente,CÉU CLARO,DUPLA,Reta,Sim,2,0,1,0,1,0,1,2,-22.79616238,-43.04087162,SPRF-RJ,DEL02-RJ,UOP02-DEL02-RJ,2025,,8,,,,1.0
713473.0,2025-08-23,,10:25:00,RJ,101,290,ITABORAI,ACUMULO DE AREIA OU DETRITOS SOBRE O PAVIMENTO,EVENTOS ATÍPICOS,COM VÍTIMAS FERIDAS,PLENO DIA,Crescente,CÉU CLARO,DUPLA,Reta,Não,2,0,1,0,1,0,1,1,-22.76550643,-42.86780544,SPRF-RJ,DEL02-RJ,UOP02-DEL02-RJ,2025,,10,,,,1.0
713505.0,2025-08-23,,07:10:00,RJ,101,320,NITEROI,MANOBRA DE MUDANÇA DE FAIXA,COLISÃO LATERAL MESMO SENTIDO,COM VÍTIMAS FERIDAS,PLENO DIA,Decrescente,CÉU CLARO,DUPLA,Reta,Sim,3,0,2,0,0,1,2,2,-22.87965466,-43.1124115,SPRF-RJ,DEL02-RJ,UOP01-DEL02-RJ,2025,,7,,,,1.0
713739.0,2025-08-24,,10:40:00,RJ,101,311,SAO GONCALO,CONDUTOR DEIXOU DE MANTER DISTÂNCIA DO VEÍCULO DA FRENTE,COLISÃO TRASEIRA,COM VÍTIMAS FERIDAS,PLENO DIA,Decrescente,CÉU CLARO,DUPLA,Reta,Sim,4,0,1,0,3,0,1,3,-22.80409271,-43.05919044,SPRF-RJ,DEL02-RJ,UOP02-DEL02-RJ,2025,,10,,,,1.0
713748.0,2025-08-24,,13:40:00,RJ,101,320,NITEROI,AUSÊNCIA DE REAÇÃO DO CONDUTOR,TOMBAMENTO,COM VÍTIMAS FERIDAS,PLENO DIA,Decrescente,CÉU CLARO,DUPLA,Curva,Não,2,0,2,0,0,0,2,1,-22.8674017,-43.11018967,SPRF-RJ,DEL02-RJ,UOP01-DEL02-RJ,2025,,13,,,,1.0
713749.0,2025-08-24,,12:15:00,RJ,101,291,ITABORAI,REAÇÃO TARDIA OU INEFICIENTE DO CONDUTOR,COLISÃO TRASEIRA,COM VÍTIMAS FATAIS,PLENO DIA,Crescente,CÉU CLARO,DUPLA,Reta,Não,4,1,1,0,2,0,1,2,-22.76336488,-42.87216067,SPRF-RJ,DEL02-RJ,UOP02-DEL02-RJ,2025,,12,,,,2.0
714243.0,2025-07-25,,11:54:00,RJ,101,323,NITEROI,REAÇÃO TARDIA OU INEFICIENTE DO CONDUTOR,COLISÃO TRASEIRA,COM VÍTIMAS FERIDAS,PLENO DIA,Decrescente,CÉU CLARO,MÚLTIPLA,Reta,Não,3,0,1,0,2,0,1,2,-22.87372,-43.12817,SPRF-RJ,DEL02-RJ,UOP01-DEL02-RJ,2025,,11,,,,1.0
714355.0,2025-08-27,,16:10:00,RJ,493,1,ITABORAI,ULTRAPASSAGEM INDEVIDA,COLISÃO LATERAL MESMO SENTIDO,COM VÍTIMAS FERIDAS,PLENO DIA,Crescente,NUBLADO,DUPLA,Reta,Sim,2,0,1,0,1,0,1,2,-22.76401901,-42.92699429,SPRF-RJ,DEL02-RJ,UOP02-DEL02-RJ,2025,,16,,,,1.0
714358.0,2025-08-27,,17:45:00,RJ,101,317,SAO GONCALO,MANOBRA DE MUDANÇA DE FAIXA,COLISÃO LATERAL MESMO SENTIDO,COM VÍTIMAS FERIDAS,ANOITECER,Decrescente,CÉU CLARO,DUPLA,Reta,Não,3,0,1,0,2,0,1,2,-22.83794366,-43.09517093,SPRF-RJ,DEL02-RJ,UOP02-DEL02-RJ,2025,,17,,,,1.0
714417.0,2025-08-27,,20:20:00,RJ,101,314,SAO GONCALO,CONDUTOR DEIXOU DE MANTER DISTÂNCIA DO VEÍCULO DA FRENTE,QUEDA DE OCUPANTE DE VEÍCULO,COM VÍTIMAS FERIDAS,PLENO DIA,Decrescente,CÉU CLARO,DUPLA,Reta,Sim,1,0,1,0,0,0,1,1,-22.79289,-43.0248292,SPRF-RJ,DEL02-RJ,UOP02-DEL02-RJ,2025,,20,,,,1.0
714458.0,2025-08-27,,22:00:00,RJ,493,1,ITABORAI,MANOBRA DE MUDANÇA DE FAIXA,COLISÃO FRONTAL,COM VÍTIMAS FERIDAS,PLENA NOITE,Crescente,CÉU CLARO,SIMPLES,Reta,Sim,3,0,1,0,2,0,1,2,-22.76953375,-42.92289734,SPRF-RJ,DEL02-RJ,UOP02-DEL02-RJ,2025,,22,,,,1.0
714460.0,2025-08-27,,14:20:00,RJ,101,321,NITEROI,DEMAIS FALHAS MECÂNICAS OU ELÉTRICAS,INCÊNDIO,SEM VÍTIMAS,PLENO DIA,Decrescente,CÉU CLARO,DUPLA,Reta,Sim,1,0,0,0,1,0,0,1,-22.83568027,-43.09524536,SPRF-RJ,DEL02-RJ,UOP01-DEL02-RJ,2025,,14,,,,0.0
714481.0,2025-08-28,,07:40:00,RJ,101,323,NITEROI,MANOBRA DE MUDANÇA DE FAIXA,COLISÃO LATERAL MESMO SENTIDO,COM VÍTIMAS FERIDAS,PLENO DIA,Crescente,CÉU CLARO,MÚLTIPLA,Reta,Não,3,0,1,0,2,0,1,3,-22.87617519,-43.11927795,SPRF-RJ,DEL02-RJ,UOP01-DEL02-RJ,2025,,7,,,,1.0
714628.0,2025-08-28,,18:30:00,RJ,101,313,SAO GONCALO,AUSÊNCIA DE REAÇÃO DO CONDUTOR,TOMBAMENTO,COM VÍTIMAS FERIDAS,PLENA NOITE,Decrescente,CÉU CLARO,DUPLA,Reta,Sim,1,0,1,0,0,0,1,1,-22.80841511,-43.06695962,SPRF-RJ,DEL02-RJ,UOP02-DEL02-RJ,2025,,18,,,,1.0