id,data_inversa,dia_semana,horario,uf,br,km,municipio,causa_acidente,tipo_acidente,classificacao_acidente,fase_dia,sentido_via,condicao_metereologica,tipo_pista,tracado_via,uso_solo,pessoas,mortos,feridos_leves,feridos_graves,ilesos,ignorados,feridos,veiculos,latitude,longitude,regional,delegacia,uop,ano_arquivo,data,hora,ano,mes,dia_semana_nome,gravidade
714629.0,2025-08-28,,19:20:00,RJ,101,316,SAO GONCALO,AUSÊNCIA DE REAÇÃO DO CONDUTOR,COLISÃO TRASEIRA,COM VÍTIMAS FERIDAS,PLENA NOITE,Decrescente,CHUVA,DUPLA,Reta,Sim,2,0,1,0,1,0,1,2,-22.82227075,-43.08235131,SPRF-RJ,DEL02-RJ,UOP02-DEL02-RJ,2025,,19,,,,1.0
714801.0,2025-08-29,,15:40:00,RJ,101,314,SAO GONCALO,REAÇÃO TARDIA OU INEFICIENTE DO CONDUTOR,ENGAVETAMENTO,COM VÍTIMAS FERIDAS,PLENO DIA,Decrescente,CÉU CLARO,DUPLA,Reta,Sim,5,0,1,0,4,0,1,4,-22.81780172,-43.07825089,SPRF-RJ,DEL02-RJ,UOP02-DEL02-RJ,2025,,15,,,,1.0
714893.0,2025-08-29,,19:30:00,RJ,101,283,ITABORAI,AUSÊNCIA DE REAÇÃO DO CONDUTOR,COLISÃO COM OBJETO,COM VÍTIMAS FERIDAS,PLENA NOITE,Decrescente,CHUVA,SIMPLES,Reta,Sim,1,0,1,0,0,0,1,1,-22.73473126,-42.80588719,SPRF-RJ,DEL02-RJ,UOP02-DEL02-RJ,2025,,19,,,,1.0
715011.0,2025-08-30,,12:45:00,RJ,101,322,NITEROI,CHUVA,QUEDA DE OCUPANTE DE VEÍCULO,COM VÍTIMAS FERIDAS,PLENO DIA,Decrescente,CHUVA,DUPLA,Reta;Ponte,Não,2,0,1,0,1,0,1,1,-22.8814095,-43.1147937,SPRF-RJ,DEL02-RJ,UOP01-DEL02-RJ,2025,,12,,,,1.0
715074.0,2025-08-30,,16:30:00,RJ,101,318,SAO GONCALO,DEMAIS FALHAS MECÂNICAS OU ELÉTRICAS,QUEDA DE OCUPANTE DE VEÍCULO,COM VÍTIMAS FERIDAS,PLENO DIA,Decrescente,CÉU CLARO,DUPLA,Reta,Sim,3,0,2,0,1,0,2,2,-22.85354566,-43.10142215,SPRF-RJ,DEL02-RJ,UOP02-DEL02-RJ,2025,,16,,,,1.0
715430.0,2025-09-01,3.0,07:50:00,RJ,101,309,SAO GONCALO,REAÇÃO TARDIA OU INEFICIENTE DO CONDUTOR,COLISÃO TRASEIRA,COM VÍTIMAS FERIDAS,PLENO DIA,Crescente,CHUVA,DUPLA,Reta,Sim,3,0,1,0,2,0,1,3,-22.79549531,-43.03745839,SPRF-RJ,DEL02-RJ,UOP02-DEL02-RJ,2025,2025-01-09,7,2025.0,1.0,Quinta,1.0
715448.0,2025-09-01,3.0,08:30:00,RJ,101,304,SAO GONCALO,DEMAIS FALHAS MECÂNICAS OU ELÉTRICAS,INCÊNDIO,SEM VÍTIMAS,PLENO DIA,Decrescente,CHUVA,DUPLA,Reta,Não,1,0,0,0,1,0,0,1,-22.78436524,-42.98497438,SPRF-RJ,DEL02-RJ,UOP02-DEL02-RJ,2025,2025-01-09,8,2025.0,1.0,Quinta,0.0
715523.0,2025-09-01,3.0,16:30:00,RJ,101,333,NITEROI,AUSÊNCIA DE REAÇÃO DO CONDUTOR,TOMBAMENTO,COM VÍTIMAS FERIDAS,PLENO DIA,Decrescente,NUBLADO,DUPLA,Reta,Não,1,0,1,0,0,0,1,1,-22.8813412,-43.1117636,SPRF-RJ,DEL02-RJ,UOP01-DEL02-RJ,2025,2025-01-09,16,2025.0,1.0,Quinta,1.0
715565.0,2025-09-01,3.0,09:00:00,RJ,101,307,SAO GONCALO,TRAFEGAR COM MOTOCICLETA (OU SIMILAR) ENTRE AS FAIXAS,COLISÃO LATERAL MESMO SENTIDO,COM VÍTIMAS FERIDAS,PLENO DIA,Crescente,CÉU CLARO,DUPLA,Reta,Não,3,0,1,0,2,0,1,2,-22.79246935,-43.02203178,SPRF-RJ,DEL02-RJ,UOP02-DEL02-RJ,2025,2025-01-09,9,2025.0,1.0,Quinta,1.0
715567.0,2025-09-01,3.0,18:20:00,RJ,101,322,NITEROI,MANOBRA DE MUDANÇA DE FAIXA,TOMBAMENTO,COM VÍTIMAS FERIDAS,ANOITECER,Decrescente,NUBLADO,MÚLTIPLA,Curva,Sim,1,0,1,0,0,0,1,1,-22.880579,-43.114072,SPRF-RJ,DEL02-RJ,UOP01-DEL02-RJ,2025,2025-01-09,18,2025.0,1.0,Quinta,1.0
715794.0,2025-09-03,6.0,07:00:00,RJ,101,322,NITEROI,CONDUTOR DEIXOU DE MANTER DISTÂNCIA DO VEÍCULO DA FRENTE,COLISÃO TRANSVERSAL,COM VÍTIMAS FERIDAS,PLENO DIA,Crescente,CÉU CLARO,DUPLA,Reta,Sim,5,0,1,0,4,0,1,2,-22.87879776,-43.11386776,SPRF-RJ,DEL02-RJ,UOP01-DEL02-RJ,2025,2025-03-09,7,2025.0,3.0,Domingo,1.0
715865.0,2025-09-03,6.0,13:30:00,RJ,101,306,SAO GONCALO,REAÇÃO TARDIA OU INEFICIENTE DO CONDUTOR,COLISÃO TRASEIRA,SEM VÍTIMAS,PLENO DIA,Decrescente,CÉU CLARO,DUPLA,Reta,Sim,3,0,0,0,3,0,0,2,-22.79171684,-43.01734621,SPRF-RJ,DEL02-RJ,UOP02-DEL02-RJ,2025,2025-03-09,13,2025.0,3.0,Domingo,0.0
715897.0,2025-09-03,6.0,07:00:00,RJ,101,312,SAO GONCALO,AVARIAS E/OU DESGASTE EXCESSIVO NO PNEU,QUEDA DE OCUPANTE DE VEÍCULO,COM VÍTIMAS FERIDAS,PLENO DIA,Crescente,CÉU CLARO,DUPLA,Reta,Não,2,0,2,0,0,0,2,1,-22.793066,-43.024902,SPRF-RJ,DEL02-RJ,UOP02-DEL02-RJ,2025,2025-03-09,7,2025.0,3.0,Domingo,1.0
715929.0,2025-09-03,6.0,18:50:00,RJ,101,321,NITEROI,MANOBRA DE MUDANÇA DE FAIXA,QUEDA DE OCUPANTE DE VEÍCULO,COM VÍTIMAS FERIDAS,PLENA NOITE,Decrescente,CÉU CLARO,MÚLTIPLA,Reta;Interseção de Vias,Sim,3,0,2,0,0,1,2,2,-22.87807903,-43.1105845,SPRF-RJ,DEL02-RJ,UOP01-DEL02-RJ,2025,2025-03-09,18,2025.0,3.0,Domingo,1.0
716028.0,2025-09-04,2.0,08:50:00,RJ,101,318,SAO GONCALO,TRAFEGAR COM MOTOCICLETA (OU SIMILAR) ENTRE AS FAIXAS,COLISÃO LATERAL MESMO SENTIDO,COM VÍTIMAS FERIDAS,PLENO DIA,Crescente,CÉU CLARO,DUPLA,Reta,Não,3,0,1,0,2,0,1,3,-22.85527673,-43.10269117,SPRF-RJ,DEL02-RJ,UOP02-DEL02-RJ,2025,2025-04-09,8,2025.0,4.0,Quarta,1.0
716048.0,2025-09-04,2.0,08:30:00,RJ,101,318,SAO GONCALO,AUSÊNCIA DE REAÇÃO DO CONDUTOR,QUEDA DE OCUPANTE DE VEÍCULO,COM VÍTIMAS FERIDAS,PLENO DIA,Crescente,CÉU CLARO,DUPLA,Curva,Não,1,0,1,0,0,0,1,1,-22.84569097,-43.09869854,SPRF-RJ,DEL02-RJ,UOP02-DEL02-RJ,2025,2025-04-09,8,2025.0,4.0,Quarta,1.0
716148.0,2025-09-04,2.0,19:30:00,RJ,101,249,RIO BONITO,REAÇÃO TARDIA OU INEFICIENTE DO CONDUTOR,SAÍDA DE LEITO CARROÇÁVEL,COM VÍTIMAS FERIDAS,PLENA NOITE,Decrescente,CÉU CLARO,DUPLA,Reta,Não,1,0,1,0,0,0,1,1,-22.7180544,-42.68032,SPRF-RJ,DEL02-RJ,UOP03-DEL02-RJ,2025,2025-04-09,19,2025.0,4.0,Quarta,1.0
716168.0,2025-08-31,,18:30:00,RJ,101,262,RIO BONITO,VELOCIDADE INCOMPATÍVEL,COLISÃO COM OBJETO,COM VÍTIMAS FERIDAS,ANOITECER,Decrescente,CÉU CLARO,DUPLA,Curva,Sim,1,0,1,0,0,0,1,1,-22.71824382,-42.62308294,SPRF-RJ,DEL02-RJ,UOP03-DEL02-RJ,2025,,18,,,,1.0
716178.0,2025-09-04,2.0,23:00:00,RJ,101,305,SAO GONCALO,MANOBRA DE MUDANÇA DE FAIXA,COLISÃO LATERAL MESMO SENTIDO,COM VÍTIMAS FERIDAS,PLENA NOITE,Crescente,CÉU CLARO,DUPLA,Reta,Sim,3,0,1,0,1,1,1,3,-22.7855986,-42.98993111,SPRF-RJ,DEL02-RJ,UOP02-DEL02-RJ,2025,2025-04-09,23,2025.0,4.0,Quarta,1.0
716188.0,2025-09-05,4.0,00:15:00,RJ,101,295,ITABORAI,TRANSITAR NA CONTRAMÃO,COLISÃO FRONTAL,COM VÍTIMAS FATAIS,PLENA NOITE,Crescente,CÉU CLARO,DUPLA,Reta,Sim,2,1,1,0,0,0,1,2,-22.7698548,-42.9197273,SPRF-RJ,DEL02-RJ,UOP02-DEL02-RJ,2025,2025-05-09,0,2025.0,5.0,Sexta,2.0
716251.0,2025-09-05,4.0,08:30:00,RJ,101,304,SAO GONCALO,AUSÊNCIA DE REAÇÃO DO CONDUTOR,COLISÃO TRASEIRA,COM VÍTIMAS FERIDAS,PLENO DIA,Crescente,CÉU CLARO,DUPLA,Reta,Não,3,0,1,0,2,0,1,3,-22.78473679,-42.98658371,SPRF-RJ,DEL02-RJ,UOP02-DEL02-RJ,2025,2025-05-09,8,2025.0,5.0,Sexta,1.0
716254.0,2025-09-05,4.0,06:52:00,RJ,101,309,SAO GONCALO,AUSÊNCIA DE REAÇÃO DO CONDUTOR,COLISÃO TRASEIRA,COM VÍTIMAS FERIDAS,PLENO DIA,Crescente,CÉU CLARO,DUPLA,Reta,Sim,2,0,1,0,1,0,1,2,-22.7951733,-43.03585052,SPRF-RJ,DEL02-RJ,UOP02-DEL02-RJ,2025,2025-05-09,6,2025.0,5.0,Sexta,1.0
716371.0,2025-09-05,4.0,15:40:00,RJ,101,313,SAO GONCALO,AUSÊNCIA DE REAÇÃO DO CONDUTOR,COLISÃO TRASEIRA,COM VÍTIMAS FERIDAS,PLENO DIA,Decrescente,CÉU CLARO,DUPLA,Reta,Sim,4,0,2,0,2,0,2,2,-22.81395383,-43.07423528,SPRF-RJ,DEL02-RJ,UOP02-DEL02-RJ,2025,2025-05-09,15,2025.0,5.0,Sexta,1.0
716376.0,2025-09-05,4.0,18:00:00,RJ,101,282,ITABORAI,AUSÊNCIA DE REAÇÃO DO CONDUTOR,QUEDA DE OCUPANTE DE VEÍCULO,SEM VÍTIMAS,PLENO DIA,Crescente,CÉU CLARO,DUPLA,Curva,Não,1,0,0,0,1,0,0,1,-22.74222029,-42.80724049,SPRF-RJ,DEL02-RJ,UOP02-DEL02-RJ,2025,2025-05-09,18,2025.0,5.0,Sexta,0.0
716396.0,2025-09-05,4.0,20:40:00,RJ,101,318,SAO GONCALO,TRAFEGAR COM MOTOCICLETA (OU SIMILAR) ENTRE AS FAIXAS,COLISÃO LATERAL MESMO SENTIDO,COM VÍTIMAS FERIDAS,PLENA NOITE,Decrescente,CÉU CLARO,DUPLA,Reta,Sim,3,0,1,0,2,0,1,2,-22.8410439,-43.09628455,SPRF-RJ,DEL02-RJ,UOP02-DEL02-RJ,2025,2025-05-09,20,2025.0,5.0,Sexta,1.0
716490.0,2025-09-02,6.0,18:30:00,RJ,101,313,SAO GONCALO,FREAR BRUSCAMENTE,COLISÃO LATERAL MESMO SENTIDO,COM VÍTIMAS FERIDAS,PLENA NOITE,Decrescente,CÉU CLARO,SIMPLES,Reta,Sim,3,0,1,0,2,0,1,2,-22.81386576,-43.07413101,SPRF-RJ,DEL02-RJ,UOP02-DEL02-RJ,2025,2025-02-09,18,2025.0,2.0,Domingo,1.0
716823.0,2025-09-07,2.0,16:10:00,RJ,101,326,NITEROI,CONDUTOR DEIXOU DE MANTER DISTÂNCIA DO VEÍCULO DA FRENTE,COLISÃO TRASEIRA,COM VÍTIMAS FERIDAS,PLENO DIA,Crescente,NUBLADO,DUPLA,Ponte;Reta;Aclive,Não,4,0,0,1,2,1,1,3,-22.87091233,-43.15668631,SPRF-RJ,DEL02-RJ,UOP01-DEL02-RJ,2025,2025-07-09,16,2025.0,7.0,Quarta,1.0
716872.0,2025-09-07,2.0,17:55:00,RJ,101,309,ITABORAI,CONDUTOR DEIXOU DE MANTER DISTÂNCIA DO VEÍCULO DA FRENTE,COLISÃO TRASEIRA,COM VÍTIMAS FERIDAS,ANOITECER,Crescente,CÉU CLARO,DUPLA,Reta,Sim,3,0,2,0,1,0,2,2,-22.76706149,-42.91157305,SPRF-RJ,DEL02-RJ,UOP02-DEL02-RJ,2025,2025-07-09,17,2025.0,7.0,Quarta,1.0
717145.0,2025-09-08,5.0,08:20:00,RJ,101,315,SAO GONCALO,CONDUTOR DEIXOU DE MANTER DISTÂNCIA DO VEÍCULO DA FRENTE,QUEDA DE OCUPANTE DE VEÍCULO,COM VÍTIMAS FERIDAS,AMANHECER,Crescente,CÉU CLARO,DUPLA,Reta,Sim,1,0,1,0,0,0,1,1,-22.82144091,-43.08357239,SPRF-RJ,DEL02-RJ,UOP02-DEL02-RJ,2025,2025-08-09,8,2025.0,8.0,Sábado,1.0
717386.0,2025-09-10,3.0,06:40:00,RJ,101,308,SAO GONCALO,AUSÊNCIA DE REAÇÃO DO CONDUTOR,ENGAVETAMENTO,COM VÍTIMAS FERIDAS,PLENO DIA,Crescente,CÉU CLARO,DUPLA,Reta,Sim,8,0,1,0,7,0,1,7,-22.79580812,-43.02896065,SPRF-RJ,DEL02-RJ,UOP02-DEL02-RJ,2025,2025-10-09,6,2025.0,10.0,Quinta,1.0
717409.0,2025-09-10,3.0,13:30:00,RJ,101,313,SAO GONCALO,CONDUTOR DEIXOU DE MANTER DISTÂNCIA DO VEÍCULO DA FRENTE,COLISÃO TRASEIRA,COM VÍTIMAS FERIDAS,PLENO DIA,Crescente,CÉU CLARO,DUPLA,Reta,Sim,3,0,2,0,1,0,2,2,-22.81145545,-43.07169483,SPRF-RJ,DEL02-RJ,UOP02-DEL02-RJ,2025,2025-10-09,13,2025.0,10.0,Quinta,1.0
717412.0,2025-09-06,0.0,22:30:00,RJ,101,297,ITABORAI,CHUVA,QUEDA DE OCUPANTE DE VEÍCULO,COM VÍTIMAS FERIDAS,PLENA NOITE,Crescente,CHUVA,SIMPLES,Reta,Sim,1,0,1,0,0,0,1,1,-22.77145664,-42.92461249,SPRF-RJ,DEL02-RJ,UOP02-DEL02-RJ,2025,2025-06-09,22,2025.0,6.0,Segunda,1.0
717472.0,2025-09-10,3.0,18:55:00,RJ,101,320,NITEROI,AUSÊNCIA DE REAÇÃO DO CONDUTOR,COLISÃO TRASEIRA,COM VÍTIMAS FERIDAS,PLENA NOITE,Crescente,CÉU CLARO,DUPLA,Reta,Sim,2,0,1,0,1,0,1,2,-22.86719272,-43.109105,SPRF-RJ,DEL02-RJ,UOP01-DEL02-RJ,2025,2025-10-09,18,2025.0,10.0,Quinta,1.0
717694.0,2025-09-11,6.0,05:30:00,RJ,101,297,ITABORAI,AUSÊNCIA DE REAÇÃO DO CONDUTOR,COLISÃO LATERAL MESMO SENTIDO,COM VÍTIMAS FERIDAS,PLENO DIA,Crescente,CÉU CLARO,DUPLA,Aclive,Sim,3,0,1,0,2,0,1,3,-22.77143314,-42.92392731,SPRF-RJ,DEL02-RJ,UOP02-DEL02-RJ,2025,2025-11-09,5,2025.0,11.0,Domingo,1.0
717742.0,2025-09-12,1.0,01:54:00,RJ,101,277,RIO BONITO,AUSÊNCIA DE REAÇÃO DO CONDUTOR,SAÍDA DE LEITO CARROÇÁVEL,COM VÍTIMAS FERIDAS,PLENA NOITE,Crescente,CÉU CLARO,DUPLA,Reta,Sim,2,0,1,1,0,0,2,2,-22.71321274,-42.67409563,SPRF-RJ,DEL02-RJ,UOP03-DEL02-RJ,2025,2025-12-09,1,2025.0,12.0,Terça,1.0
717832.0,2025-09-12,1.0,13:45:00,RJ,101,321,NITEROI,CONDUTOR DEIXOU DE MANTER DISTÂNCIA DO VEÍCULO DA FRENTE,COLISÃO TRASEIRA,COM VÍTIMAS FERIDAS,PLENO DIA,Crescente,NUBLADO,DUPLA,Reta,Sim,4,0,1,0,2,1,1,3,-22.87095582,-43.11069489,SPRF-RJ,DEL02-RJ,UOP01-DEL02-RJ,2025,2025-12-09,13,2025.0,12.0,Terça,1.0
717949.0,2025-09-12,1.0,10:20:00,RJ,101,310,SAO GONCALO,CONDUTOR DEIXOU DE MANTER DISTÂNCIA DO VEÍCULO DA FRENTE,QUEDA DE OCUPANTE DE VEÍCULO,COM VÍTIMAS FERIDAS,PLENO DIA,Crescente,CÉU CLARO,DUPLA,Reta,Sim,1,0,1,0,0,0,1,1,-22.83378178,-43.09455872,SPRF-RJ,DEL02-RJ,UOP02-DEL02-RJ,2025,2025-12-09,10,2025.0,12.0,Terça,1.0
718246.0,2025-09-14,,01:40:00,RJ,101,267,RIO BONITO,NEBLINA,ATROPELAMENTO DE ANIMAL,COM VÍTIMAS FERIDAS,PLENA NOITE,Crescente,CÉU CLARO,DUPLA,Reta,Não,2,0,1,0,1,0,1,1,-22.71263766,-42.67334942,SPRF-RJ,DEL02-RJ,UOP03-DEL02-RJ,2025,,1,,,,1.0
718287.0,2025-09-14,,07:00:00,RJ,101,322,NITEROI,AVARIAS E/OU DESGASTE EXCESSIVO NO PNEU,TOMBAMENTO,COM VÍTIMAS FERIDAS,PLENO DIA,Crescente,CÉU CLARO,DUPLA,Curva,Sim,1,0,1,0,0,0,1,1,-22.87202818,-43.11025785,SPRF-RJ,DEL02-RJ,UOP01-DEL02-RJ,2025,,7,,,,1.0
718530.0,2025-09-15,,08:00:00,RJ,101,294,ITABORAI,DEMAIS FALHAS MECÂNICAS OU ELÉTRICAS,INCÊNDIO,SEM VÍTIMAS,PLENO DIA,Decrescente,CÉU CLARO,DUPLA,Reta,Sim,1,0,0,0,1,0,0,1,-22.7609023,-42.8961871,SPRF-RJ,DEL02-RJ,UOP02-DEL02-RJ,2025,,8,,,,0.0
718665.0,2025-09-08,5.0,21:20:00,RJ,101,297,SAO GONCALO,ACESSAR A VIA SEM OBSERVAR A PRESENÇA DOS OUTROS VEÍCULOS,ATROPELAMENTO DE PEDESTRE,COM VÍTIMAS FERIDAS,PLENA NOITE,Crescente,CÉU CLARO,DUPLA,Reta,Não,2,0,2,0,0,0,2,2,-22.7928781,-43.0248325,SPRF-RJ,DEL02-RJ,UOP02-DEL02-RJ,2025,2025-08-09,21,2025.0,8.0,Sábado,1.0
718683.0,2025-09-15,,19:45:00,RJ,101,323,NITEROI,REAÇÃO TARDIA OU INEFICIENTE DO CONDUTOR,COLISÃO COM OBJETO,COM VÍTIMAS FERIDAS,PLENA NOITE,Decrescente,CÉU CLARO,DUPLA,Ponte;Reta,Não,1,0,1,0,0,0,1,1,-22.873373,-43.131043,SPRF-RJ,DEL02-RJ,UOP01-DEL02-RJ,2025,,19,,,,1.0
718787.0,2025-09-16,,11:50:00,RJ,101,323,NITEROI,CONDUTOR DEIXOU DE MANTER DISTÂNCIA DO VEÍCULO DA FRENTE,COLISÃO TRASEIRA,COM VÍTIMAS FERIDAS,PLENO DIA,Crescente,CÉU CLARO,MÚLTIPLA,Reta,Não,2,0,1,0,1,0,1,2,-22.87269563,-43.13713074,SPRF-RJ,DEL02-RJ,UOP01-DEL02-RJ,2025,,11,,,,1.0
718861.0,2025-09-16,,18:40:00,RJ,101,318,SAO GONCALO,TRAFEGAR COM MOTOCICLETA (OU SIMILAR) ENTRE AS FAIXAS,COLISÃO TRASEIRA,COM VÍTIMAS FERIDAS,PLENA NOITE,Decrescente,CHUVA,DUPLA,Curva,Sim,2,0,1,0,1,0,1,2,-22.84295759,-43.09593201,SPRF-RJ,DEL02-RJ,UOP02-DEL02-RJ,2025,,18,,,,1.0
718868.0,2025-09-16,,18:15:00,RJ,101,322,NITEROI,DEMAIS FENÔMENOS DA NATUREZA,QUEDA DE OCUPANTE DE VEÍCULO,COM VÍTIMAS FERIDAS,PLENA NOITE,Decrescente,CHUVA,DUPLA,Reta,Sim,1,0,1,0,0,0,1,1,-22.87570072,-43.11924284,SPRF-RJ,DEL02-RJ,UOP01-DEL02-RJ,2025,,18,,,,1.0
718901.0,2025-09-17,,04:30:00,RJ,101,263,RIO BONITO,ENTRADA INOPINADA DO PEDESTRE,ATROPELAMENTO DE PEDESTRE,COM VÍTIMAS FATAIS,AMANHECER,Decrescente,NEVOEIRO/NEBLINA,DUPLA,Reta;Declive,Sim,2,1,0,0,1,0,0,2,-22.718271,-42.635422,SPRF-RJ,DEL02-RJ,UOP03-DEL02-RJ,2025,,4,,,,2.0
718941.0,2025-09-17,,08:50:00,RJ,101,316,SAO GONCALO,ANIMAIS NA PISTA,COLISÃO TRASEIRA,COM VÍTIMAS FERIDAS,PLENO DIA,Crescente,CÉU CLARO,DUPLA,Reta,Não,2,0,1,0,1,0,1,2,-22.832138,-43.094028,SPRF-RJ,DEL02-RJ,UOP02-DEL02-RJ,2025,,8,,,,1.0
718982.0,2025-09-17,,12:30:00,RJ,101,322,NITEROI,MANOBRA DE MUDANÇA DE FAIXA,COLISÃO LATERAL MESMO SENTIDO,COM VÍTIMAS FERIDAS,PLENO DIA,Decrescente,SOL,DUPLA,Reta,Sim,2,0,1,0,1,0,1,2,-22.87895284,-43.1143105,SPRF-RJ,DEL02-RJ,UOP01-DEL02-RJ,2025,,12,,,,1.0
719015.0,2025-09-17,,14:10:00,RJ,101,313,SAO GONCALO,TRANSITAR NA CONTRAMÃO,COLISÃO FRONTAL,COM VÍTIMAS FERIDAS,PLENO DIA,Crescente,CÉU CLARO,DUPLA,Viaduto;Curva,Não,3,0,1,0,2,0,1,2,-22.81129541,-43.07239221,SPRF-RJ,DEL02-RJ,UOP02-DEL02-RJ,2025,,14,,,,1.0
719118.0,2025-09-18,,07:50:00,RJ,101,318,SAO GONCALO,AUSÊNCIA DE REAÇÃO DO CONDUTOR,COLISÃO LATERAL MESMO SENTIDO,COM VÍTIMAS FERIDAS,PLENO DIA,Crescente,CÉU CLARO,DUPLA,Reta,Sim,2,0,1,0,1,0,1,2,-22.84258738,-43.097218,SPRF-RJ,DEL02-RJ,UOP02-DEL02-RJ,2025,,7,,,,1.0
719384.0,2025-09-19,,07:40:00,RJ,101,318,SAO GONCALO,CONDUTOR DEIXOU DE MANTER DISTÂNCIA DO VEÍCULO DA FRENTE,COLISÃO LATERAL MESMO SENTIDO,COM VÍTIMAS FERIDAS,PLENO DIA,Crescente,CÉU CLARO,DUPLA,Reta,Sim,6,0,5,0,1,0,5,4,-22.7934208,-43.024384,SPRF-RJ,DEL02-RJ,UOP02-DEL02-RJ,2025,,7,,,,1.0
719528.0,2025-09-19,,06:40:00,RJ,101,325,SAO GONCALO,CONDUTOR DEIXOU DE MANTER DISTÂNCIA DO VEÍCULO DA FRENTE,COLISÃO TRASEIRA,COM VÍTIMAS FERIDAS,PLENO DIA,Crescente,CÉU CLARO,DUPLA,Reta,Não,3,0,2,0,1,0,2,2,-22.7929168,-43.0248285,SPRF-RJ,DEL02-RJ,UOP01-DEL02-RJ,2025,,6,,,,1.0
719586.0,2025-09-20,,05:30:00,RJ,101,316,SAO GONCALO,CONDUTOR DORMINDO,COLISÃO COM OBJETO,COM VÍTIMAS FERIDAS,AMANHECER,Decrescente,CÉU CLARO,DUPLA,Reta,Sim,1,0,1,0,0,0,1,1,-22.82341869,-43.08546066,SPRF-RJ,DEL02-RJ,UOP02-DEL02-RJ,2025,,5,,,,1.0
719652.0,2025-09-20,,11:40:00,RJ,101,302,SAO GONCALO,CONDUTOR DEIXOU DE MANTER DISTÂNCIA DO VEÍCULO DA FRENTE,COLISÃO TRASEIRA,SEM VÍTIMAS,PLENO DIA,Decrescente,CÉU CLARO,DUPLA,Reta,Não,2,0,0,0,2,0,0,2,-22.78107808,-42.96851635,SPRF-RJ,DEL02-RJ,UOP02-DEL02-RJ,2025,,11,,,,0.0
719963.0,2025-09-21,,15:00:00,RJ,101,"266,1",RIO BONITO,CONDUTOR DEIXOU DE MANTER DISTÂNCIA DO VEÍCULO DA FRENTE,COLISÃO LATERAL MESMO SENTIDO,COM VÍTIMAS FATAIS,PLENO DIA,Decrescente,CÉU CLARO,DUPLA,Curva,Sim,4,1,0,0,2,1,0,3,-22.7075591,-42.6486521,SPRF-RJ,DEL02-RJ,UOP03-DEL02-RJ,2025,,15,,,,2.0
720024.0,2025-09-21,,19:20:00,RJ,101,263,RIO BONITO,AUSÊNCIA DE REAÇÃO DO CONDUTOR,COLISÃO TRASEIRA,SEM VÍTIMAS,PLENA NOITE,Crescente,CÉU CLARO,DUPLA,Reta,Sim,6,0,0,0,6,0,0,2,-22.718345,-42.6338,SPRF-RJ,DEL02-RJ,UOP03-DEL02-RJ,2025,,19,,,,0.0
720053.0,2025-09-21,,20:15:00,RJ,101,318,SAO GONCALO,AUSÊNCIA DE REAÇÃO DO CONDUTOR,COLISÃO TRASEIRA,COM VÍTIMAS FERIDAS,PLENA NOITE,Crescente,CÉU CLARO,DUPLA,Reta,Não,3,0,1,0,2,0,1,2,-22.84574736,-43.09903599,SPRF-RJ,DEL02-RJ,UOP02-DEL02-RJ,2025,,20,,,,1.0
720063.0,2025-09-21,,20:20:00,RJ,101,304,SAO GONCALO,INGESTÃO DE ÁLCOOL PELO CONDUTOR,COLISÃO FRONTAL,COM VÍTIMAS FERIDAS,PLENA NOITE,Crescente,CÉU CLARO,SIMPLES,Reta;Viaduto;Aclive,Não,3,0,1,0,2,0,1,2,-22.78214735,-42.97703431,SPRF-RJ,DEL02-RJ,UOP02-DEL02-RJ,2025,,20,,,,1.0
720152.0,2025-09-22,,08:40:00,RJ,101,309,SAO GONCALO,MANOBRA DE MUDANÇA DE FAIXA,COLISÃO LATERAL MESMO SENTIDO,COM VÍTIMAS FERIDAS,PLENO DIA,Crescente,CÉU CLARO,DUPLA,Reta,Sim,2,0,1,0,1,0,1,2,-22.7979373,-43.0471894,SPRF-RJ,DEL02-RJ,UOP02-DEL02-RJ,2025,,8,,,,1.0
720162.0,2025-08-18,,00:16:00,RJ,493,"2,5",ITABORAI,REAÇÃO TARDIA OU INEFICIENTE DO CONDUTOR,COLISÃO COM OBJETO,COM VÍTIMAS FERIDAS,PLENA NOITE,Crescente,IGNORADO,DUPLA,Reta,Sim,1,0,1,0,0,0,1,1,-22.7626578,-42.93117707,SPRF-RJ,DEL02-RJ,UOP02-DEL02-RJ,2025,,0,,,,1.0
720258.0,2025-09-22,,13:50:00,RJ,101,315,SAO GONCALO,DEMAIS FALHAS MECÂNICAS OU ELÉTRICAS,CAPOTAMENTO,COM VÍTIMAS FERIDAS,PLENO DIA,Decrescente,CÉU CLARO,SIMPLES,Reta,Sim,1,0,1,0,0,0,1,1,-22.7934208,-43.0211072,SPRF-RJ,DEL02-RJ,UOP02-DEL02-RJ,2025,,13,,,,1.0
720311.0,2025-09-22,,18:15:00,RJ,101,318,SAO GONCALO,FREAR BRUSCAMENTE,COLISÃO TRASEIRA,COM VÍTIMAS FERIDAS,PLENA NOITE,Decrescente,CHUVA,DUPLA,Reta,Sim,3,0,1,0,2,0,1,2,-22.85238091,-43.10060905,SPRF-RJ,DEL02-RJ,UOP02-DEL02-RJ,2025,,18,,,,1.0