id,data_inversa,dia_semana,horario,uf,br,km,municipio,causa_acidente,tipo_acidente,classificacao_acidente,fase_dia,sentido_via,condicao_metereologica,tipo_pista,tracado_via,uso_solo,pessoas,mortos,feridos_leves,feridos_graves,ilesos,ignorados,feridos,veiculos,latitude,longitude,regional,delegacia,uop,ano_arquivo,data,hora,ano,mes,dia_semana_nome,gravidade
739033.0,2025-12-11,2.0,08:00:00,RJ,101,317,SAO GONCALO,REAÇÃO TARDIA OU INEFICIENTE DO CONDUTOR,COLISÃO COM OBJETO,COM VÍTIMAS FERIDAS,PLENO DIA,Decrescente,CÉU CLARO,DUPLA,Reta,Sim,1,0,1,0,0,0,1,1,-22.84268522,-43.09690682,SPRF-RJ,DEL02-RJ,UOP02-DEL02-RJ,2025,2025-11-12,8,2025.0,11.0,Quarta,1.0
739038.0,2025-12-15,,10:00:00,RJ,101,261,RIO BONITO,AUSÊNCIA DE REAÇÃO DO CONDUTOR,QUEDA DE OCUPANTE DE VEÍCULO,COM VÍTIMAS FERIDAS,PLENO DIA,Decrescente,NUBLADO,DUPLA,Reta,Sim,1,0,1,0,0,0,1,1,-22.71760685,-42.62180328,SPRF-RJ,DEL02-RJ,UOP03-DEL02-RJ,2025,,10,,,,1.0
739261.0,2025-12-12,4.0,19:20:00,RJ,101,313,SAO GONCALO,MANOBRA DE MUDANÇA DE FAIXA,COLISÃO LATERAL MESMO SENTIDO,COM VÍTIMAS FERIDAS,PLENA NOITE,Decrescente,CÉU CLARO,DUPLA,Reta,Não,3,0,2,0,0,1,2,2,-22.81004835,-43.06949615,SPRF-RJ,DEL02-RJ,UOP02-DEL02-RJ,2025,2025-12-12,19,2025.0,12.0,Sexta,1.0
739275.0,2025-12-16,,13:00:00,RJ,101,296,ITABORAI,AUSÊNCIA DE REAÇÃO DO CONDUTOR,CAPOTAMENTO,COM VÍTIMAS FERIDAS,PLENO DIA,Decrescente,CÉU CLARO,DUPLA,Reta,Sim,1,0,1,0,0,0,1,1,-22.76716844,-42.9120582,SPRF-RJ,DEL02-RJ,UOP02-DEL02-RJ,2025,,13,,,,1.0
739282.0,2025-12-16,,13:40:00,RJ,101,314,SAO GONCALO,DEMAIS FALHAS MECÂNICAS OU ELÉTRICAS,QUEDA DE OCUPANTE DE VEÍCULO,COM VÍTIMAS FERIDAS,PLENO DIA,Crescente,CÉU CLARO,DUPLA,Reta,Sim,2,0,1,0,1,0,1,1,-22.8400508,-43.0900373,SPRF-RJ,DEL02-RJ,UOP02-DEL02-RJ,2025,,13,,,,1.0
739303.0,2025-12-16,,10:10:00,RJ,101,286,ITABORAI,DEMAIS FALHAS MECÂNICAS OU ELÉTRICAS,QUEDA DE OCUPANTE DE VEÍCULO,COM VÍTIMAS FERIDAS,PLENO DIA,Crescente,CÉU CLARO,DUPLA,Curva,Não,2,0,1,0,1,0,1,1,-22.75488454,-42.83497551,SPRF-RJ,DEL02-RJ,UOP02-DEL02-RJ,2025,,10,,,,1.0
739579.0,2025-12-17,,18:10:00,RJ,101,315,SAO GONCALO,MAL SÚBITO DO CONDUTOR,QUEDA DE OCUPANTE DE VEÍCULO,COM VÍTIMAS FERIDAS,ANOITECER,Decrescente,CHUVA,DUPLA,Reta,Sim,1,0,1,0,0,0,1,1,-22.81954222,-43.08082581,SPRF-RJ,DEL02-RJ,UOP02-DEL02-RJ,2025,,18,,,,1.0
739645.0,2025-12-18,,02:40:00,RJ,101,322,NITEROI,VELOCIDADE INCOMPATÍVEL,COLISÃO COM OBJETO,SEM VÍTIMAS,PLENA NOITE,Crescente,CHUVA,DUPLA,Reta,Não,1,0,0,0,0,1,0,1,-22.877576,-43.110734,SPRF-RJ,DEL02-RJ,UOP01-DEL02-RJ,2025,,2,,,,0.0
739718.0,2025-12-18,,08:30:00,RJ,101,305,SAO GONCALO,REAÇÃO TARDIA OU INEFICIENTE DO CONDUTOR,TOMBAMENTO,COM VÍTIMAS FERIDAS,PLENO DIA,Crescente,GAROA/CHUVISCO,DUPLA,Reta,Sim,1,0,1,0,0,0,1,1,-22.78636828,-42.99344413,SPRF-RJ,DEL02-RJ,UOP02-DEL02-RJ,2025,,8,,,,1.0
739741.0,2025-12-14,,13:00:00,RJ,101,319,NITEROI,REAÇÃO TARDIA OU INEFICIENTE DO CONDUTOR,QUEDA DE OCUPANTE DE VEÍCULO,COM VÍTIMAS FERIDAS,PLENO DIA,Decrescente,CÉU CLARO,DUPLA,Reta,Não,2,0,2,0,0,0,2,1,-22.85832449,-43.10472892,SPRF-RJ,DEL02-RJ,UOP02-DEL02-RJ,2025,,13,,,,1.0
739759.0,2025-12-18,,03:00:00,RJ,101,306,SAO GONCALO,ANIMAIS NA PISTA,ATROPELAMENTO DE ANIMAL,COM VÍTIMAS FERIDAS,PLENA NOITE,Decrescente,CÉU CLARO,DUPLA,Reta,Não,1,0,1,0,0,0,1,1,-22.78943922,-43.00689266,SPRF-RJ,DEL02-RJ,UOP02-DEL02-RJ,2025,,3,,,,1.0
739841.0,2025-12-18,,18:15:00,RJ,101,296,ITABORAI,MANOBRA DE MUDANÇA DE FAIXA,COLISÃO LATERAL MESMO SENTIDO,COM VÍTIMAS FERIDAS,PLENA NOITE,Decrescente,GAROA/CHUVISCO,SIMPLES,Reta,Não,3,0,1,0,2,0,1,2,-22.76767841,-42.91447422,SPRF-RJ,DEL02-RJ,UOP02-DEL02-RJ,2025,,18,,,,1.0
739932.0,2025-12-19,,08:40:00,RJ,101,318,SAO GONCALO,MANOBRA DE MUDANÇA DE FAIXA,COLISÃO LATERAL MESMO SENTIDO,COM VÍTIMAS FERIDAS,PLENO DIA,Crescente,CÉU CLARO,DUPLA,Reta,Sim,3,0,2,0,1,0,2,2,-22.84582939,-43.09875218,SPRF-RJ,DEL02-RJ,UOP02-DEL02-RJ,2025,,8,,,,1.0
740006.0,2025-12-19,,16:45:00,RJ,101,317,SAO GONCALO,CONDUTOR DEIXOU DE MANTER DISTÂNCIA DO VEÍCULO DA FRENTE,ENGAVETAMENTO,COM VÍTIMAS FERIDAS,PLENO DIA,Decrescente,NUBLADO,DUPLA,Reta,Sim,5,0,1,0,4,0,1,4,-22.83662951,-43.09485912,SPRF-RJ,DEL02-RJ,UOP02-DEL02-RJ,2025,,16,,,,1.0
740010.0,2025-12-12,4.0,19:40:00,RJ,101,313,SAO GONCALO,CONDUTOR DEIXOU DE MANTER DISTÂNCIA DO VEÍCULO DA FRENTE,COLISÃO TRASEIRA,COM VÍTIMAS FERIDAS,PLENA NOITE,Decrescente,CÉU CLARO,DUPLA,Reta,Sim,4,0,1,0,2,1,1,4,-22.80878245,-43.0668354,SPRF-RJ,DEL02-RJ,UOP02-DEL02-RJ,2025,2025-12-12,19,2025.0,12.0,Sexta,1.0
740071.0,2025-12-19,,19:00:00,RJ,101,313,SAO GONCALO,REAÇÃO TARDIA OU INEFICIENTE DO CONDUTOR,COLISÃO LATERAL MESMO SENTIDO,COM VÍTIMAS FERIDAS,PLENA NOITE,Decrescente,GAROA/CHUVISCO,DUPLA,Reta,Sim,3,0,1,0,2,0,1,3,-22.81021209,-43.06958052,SPRF-RJ,DEL02-RJ,UOP02-DEL02-RJ,2025,,19,,,,1.0
740099.0,2025-12-19,,20:30:00,RJ,101,322,NITEROI,MANOBRA DE MUDANÇA DE FAIXA,COLISÃO TRASEIRA,COM VÍTIMAS FERIDAS,PLENA NOITE,Decrescente,CÉU CLARO,SIMPLES,Reta,Sim,3,0,1,0,2,0,1,3,-22.8781957,-43.1141145,SPRF-RJ,DEL02-RJ,UOP01-DEL02-RJ,2025,,20,,,,1.0
740239.0,2025-12-20,,07:50:00,RJ,101,297,ITABORAI,ENTRADA INOPINADA DO PEDESTRE,ATROPELAMENTO DE PEDESTRE,COM VÍTIMAS FERIDAS,PLENO DIA,Crescente,CHUVA,DUPLA,Reta,Não,2,0,0,1,1,0,1,2,-22.77111658,-42.92255402,SPRF-RJ,DEL02-RJ,UOP02-DEL02-RJ,2025,,7,,,,1.0
740293.0,2025-12-20,,09:40:00,RJ,101,293,ITABORAI,FREAR BRUSCAMENTE,COLISÃO TRASEIRA,SEM VÍTIMAS,PLENO DIA,Decrescente,GAROA/CHUVISCO,DUPLA,Reta,Sim,3,0,0,0,2,1,0,3,-22.75627146,-42.89192807,SPRF-RJ,DEL02-RJ,UOP02-DEL02-RJ,2025,,9,,,,0.0
740364.0,2025-12-20,,17:30:00,RJ,101,326,NITEROI,CONDUTOR DEIXOU DE MANTER DISTÂNCIA DO VEÍCULO DA FRENTE,COLISÃO TRASEIRA,COM VÍTIMAS FERIDAS,PLENO DIA,Decrescente,NUBLADO,DUPLA,Reta,Não,3,0,1,0,1,1,1,3,-22.87317013,-43.13884735,SPRF-RJ,DEL02-RJ,UOP01-DEL02-RJ,2025,,17,,,,1.0
740385.0,2025-12-20,,20:15:00,RJ,101,295,ITABORAI,AUSÊNCIA DE REAÇÃO DO CONDUTOR,COLISÃO TRASEIRA,COM VÍTIMAS FERIDAS,PLENA NOITE,Decrescente,NUBLADO,DUPLA,Reta,Sim,4,0,1,0,3,0,1,2,-22.76591111,-42.90521018,SPRF-RJ,DEL02-RJ,UOP02-DEL02-RJ,2025,,20,,,,1.0
740564.0,2025-12-21,,12:10:00,RJ,101,295,ITABORAI,REAÇÃO TARDIA OU INEFICIENTE DO CONDUTOR,COLISÃO TRASEIRA,COM VÍTIMAS FERIDAS,PLENO DIA,Crescente,CÉU CLARO,SIMPLES,Reta,Sim,2,0,1,0,1,0,1,2,-22.76595702,-42.905955,SPRF-RJ,DEL02-RJ,UOP02-DEL02-RJ,2025,,12,,,,1.0
740730.0,2025-12-22,,03:30:00,RJ,101,312,SAO GONCALO,AUSÊNCIA DE REAÇÃO DO CONDUTOR,CAPOTAMENTO,COM VÍTIMAS FERIDAS,PLENA NOITE,Decrescente,CÉU CLARO,DUPLA,Reta,Sim,1,0,1,0,0,0,1,1,-22.80720006,-43.06434631,SPRF-RJ,DEL02-RJ,UOP02-DEL02-RJ,2025,,3,,,,1.0
741121.0,2025-12-23,,11:00:00,RJ,101,297,ITABORAI,REAÇÃO TARDIA OU INEFICIENTE DO CONDUTOR,COLISÃO TRASEIRA,COM VÍTIMAS FERIDAS,PLENO DIA,Crescente,CÉU CLARO,DUPLA,Reta,Sim,3,0,1,0,2,0,1,2,-22.7668276,-42.90761797,SPRF-RJ,DEL02-RJ,UOP02-DEL02-RJ,2025,,11,,,,1.0
741152.0,2025-12-23,,18:00:00,RJ,101,307,SAO GONCALO,ANIMAIS NA PISTA,COLISÃO LATERAL MESMO SENTIDO,COM VÍTIMAS FERIDAS,ANOITECER,Decrescente,CÉU CLARO,SIMPLES,Reta,Sim,2,0,1,0,1,0,1,2,-22.78973189,-43.00816775,SPRF-RJ,DEL02-RJ,UOP02-DEL02-RJ,2025,,18,,,,1.0
741156.0,2025-12-23,,17:00:00,RJ,101,300,SAO GONCALO,ACESSO IRREGULAR,ATROPELAMENTO DE PEDESTRE,COM VÍTIMAS FERIDAS,PLENO DIA,Decrescente,CÉU CLARO,DUPLA,Reta,Sim,2,0,1,0,1,0,1,2,-22.77788744,-42.95388071,SPRF-RJ,DEL02-RJ,UOP02-DEL02-RJ,2025,,17,,,,1.0
741176.0,2025-12-23,,17:30:00,RJ,101,313,SAO GONCALO,TRAFEGAR COM MOTOCICLETA (OU SIMILAR) ENTRE AS FAIXAS,COLISÃO TRASEIRA,COM VÍTIMAS FATAIS,ANOITECER,Decrescente,CÉU CLARO,DUPLA,Reta,Sim,4,1,0,1,2,0,1,3,-22.8123999,-43.07237531,SPRF-RJ,DEL02-RJ,UOP02-DEL02-RJ,2025,,17,,,,2.0
741251.0,2025-11-18,,18:00:00,RJ,101,294,ITABORAI,DEMAIS FALHAS MECÂNICAS OU ELÉTRICAS,INCÊNDIO,SEM VÍTIMAS,ANOITECER,Decrescente,NUBLADO,DUPLA,Reta,Sim,1,0,0,0,1,0,0,1,-22.75763822,-42.89373326,SPRF-RJ,DEL02-RJ,UOP02-DEL02-RJ,2025,,18,,,,0.0
741255.0,2025-11-14,,12:05:00,RJ,101,295,ITABORAI,MANOBRA DE MUDANÇA DE FAIXA,COLISÃO TRASEIRA,COM VÍTIMAS FERIDAS,PLENO DIA,Decrescente,NUBLADO,DUPLA,Reta,Sim,2,0,1,0,0,1,1,2,-22.76116976,-42.89872759,SPRF-RJ,DEL02-RJ,UOP02-DEL02-RJ,2025,,12,,,,1.0
741329.0,2025-12-24,,14:25:00,RJ,101,311,SAO GONCALO,DEMAIS FALHAS MECÂNICAS OU ELÉTRICAS,QUEDA DE OCUPANTE DE VEÍCULO,COM VÍTIMAS FERIDAS,PLENO DIA,Crescente,CÉU CLARO,DUPLA,Reta,Sim,2,0,1,0,1,0,1,1,-22.80524172,-43.06151097,SPRF-RJ,DEL02-RJ,UOP02-DEL02-RJ,2025,,14,,,,1.0
741372.0,2025-12-24,,10:30:00,RJ,101,321,NITEROI,AUSÊNCIA DE REAÇÃO DO CONDUTOR,COLISÃO TRASEIRA,COM VÍTIMAS FERIDAS,PLENO DIA,Decrescente,CÉU CLARO,DUPLA,Reta;Aclive,Não,2,0,1,0,1,0,1,2,-22.87620392,-43.11023422,SPRF-RJ,DEL02-RJ,UOP01-DEL02-RJ,2025,,10,,,,1.0
741509.0,2025-12-25,,09:35:00,RJ,101,316,SAO GONCALO,DEMAIS FALHAS MECÂNICAS OU ELÉTRICAS,EVENTOS ATÍPICOS,COM VÍTIMAS FERIDAS,PLENO DIA,Crescente,CÉU CLARO,DUPLA,Reta,Sim,1,0,1,0,0,0,1,1,-22.82287388,-43.08536477,SPRF-RJ,DEL02-RJ,UOP02-DEL02-RJ,2025,,9,,,,1.0
741622.0,2025-12-25,,22:00:00,RJ,493,2,ITABORAI,ACESSAR A VIA SEM OBSERVAR A PRESENÇA DOS OUTROS VEÍCULOS,COLISÃO FRONTAL,COM VÍTIMAS FERIDAS,PLENO DIA,Crescente,CÉU CLARO,SIMPLES,Reta,Sim,3,0,1,0,2,0,1,2,-22.76826748,-42.92289734,SPRF-RJ,DEL02-RJ,UOP02-DEL02-RJ,2025,,22,,,,1.0
741792.0,2025-12-26,,17:30:00,RJ,101,306,SAO GONCALO,ULTRAPASSAGEM INDEVIDA,COLISÃO LATERAL MESMO SENTIDO,COM VÍTIMAS FERIDAS,PLENO DIA,Decrescente,CÉU CLARO,DUPLA,Reta,Não,3,0,2,0,1,0,2,2,-22.78817687,-43.00073504,SPRF-RJ,DEL02-RJ,UOP02-DEL02-RJ,2025,,17,,,,1.0
741798.0,2025-12-26,,19:10:00,RJ,101,304,SAO GONCALO,TRAFEGAR COM MOTOCICLETA (OU SIMILAR) ENTRE AS FAIXAS,COLISÃO LATERAL MESMO SENTIDO,COM VÍTIMAS FERIDAS,PLENA NOITE,Decrescente,CÉU CLARO,DUPLA,Reta,Não,2,0,1,0,1,0,1,2,-22.78491608,-42.98743031,SPRF-RJ,DEL02-RJ,UOP02-DEL02-RJ,2025,,19,,,,1.0
741895.0,2025-12-27,,08:00:00,RJ,101,322,NITEROI,CONDUTOR DEIXOU DE MANTER DISTÂNCIA DO VEÍCULO DA FRENTE,COLISÃO LATERAL MESMO SENTIDO,COM VÍTIMAS FERIDAS,PLENO DIA,Decrescente,CÉU CLARO,DUPLA,Reta,Sim,2,0,1,0,1,0,1,2,-22.87905169,-43.11425686,SPRF-RJ,DEL02-RJ,UOP01-DEL02-RJ,2025,,8,,,,1.0
741921.0,2025-12-27,,10:10:00,RJ,101,296,ITABORAI,MANOBRA DE MUDANÇA DE FAIXA,COLISÃO LATERAL MESMO SENTIDO,COM VÍTIMAS FERIDAS,PLENO DIA,Decrescente,CÉU CLARO,DUPLA,Reta,Não,2,0,1,0,1,0,1,2,-22.76729382,-42.91118345,SPRF-RJ,DEL02-RJ,UOP02-DEL02-RJ,2025,,10,,,,1.0
742024.0,2025-12-27,,19:25:00,RJ,101,270,RIO BONITO,AUSÊNCIA DE REAÇÃO DO CONDUTOR,COLISÃO TRASEIRA,SEM VÍTIMAS,PLENA NOITE,Decrescente,CÉU CLARO,DUPLA,Reta,Sim,2,0,0,0,2,0,0,2,-22.72774048,-42.69390106,SPRF-RJ,DEL02-RJ,UOP03-DEL02-RJ,2025,,19,,,,0.0
742097.0,2025-12-28,,07:10:00,RJ,101,305,SAO GONCALO,REAÇÃO TARDIA OU INEFICIENTE DO CONDUTOR,COLISÃO TRASEIRA,COM VÍTIMAS FERIDAS,PLENO DIA,Decrescente,CÉU CLARO,DUPLA,Reta,Sim,4,0,1,0,3,0,1,2,-22.79001511,-42.99391687,SPRF-RJ,DEL02-RJ,UOP02-DEL02-RJ,2025,,7,,,,1.0
742161.0,2025-12-28,,13:10:00,RJ,101,302,SAO GONCALO,REAÇÃO TARDIA OU INEFICIENTE DO CONDUTOR,COLISÃO TRASEIRA,SEM VÍTIMAS,PLENO DIA,Decrescente,CÉU CLARO,DUPLA,Reta;Viaduto,Sim,2,0,0,0,2,0,0,2,-22.78209509,-42.97301643,SPRF-RJ,DEL02-RJ,UOP02-DEL02-RJ,2025,,13,,,,0.0
742181.0,2025-12-28,,13:00:00,RJ,101,283,ITABORAI,DEMAIS FALHAS MECÂNICAS OU ELÉTRICAS,INCÊNDIO,SEM VÍTIMAS,PLENO DIA,Decrescente,SOL,DUPLA,Curva;Aclive,Sim,1,0,0,0,1,0,0,1,-22.73660679,-42.80582428,SPRF-RJ,DEL02-RJ,UOP02-DEL02-RJ,2025,,13,,,,0.0
742194.0,2025-12-28,,17:35:00,RJ,101,308,SAO GONCALO,ENTRADA INOPINADA DO PEDESTRE,ATROPELAMENTO DE PEDESTRE,COM VÍTIMAS FERIDAS,PLENO DIA,Decrescente,CÉU CLARO,DUPLA,Reta,Sim,2,0,0,1,1,0,1,2,-22.79474997,-43.03271627,SPRF-RJ,DEL02-RJ,UOP02-DEL02-RJ,2025,,17,,,,1.0
742284.0,2025-12-29,,05:00:00,RJ,101,297,ITABORAI,DEMAIS FALHAS MECÂNICAS OU ELÉTRICAS,INCÊNDIO,SEM VÍTIMAS,AMANHECER,Decrescente,CÉU CLARO,DUPLA,Reta,Sim,2,0,0,0,2,0,0,1,-22.77052751,-42.92085383,SPRF-RJ,DEL02-RJ,UOP02-DEL02-RJ,2025,,5,,,,0.0
742304.0,2025-12-29,,07:16:00,RJ,101,264,RIO BONITO,CONDUTOR DEIXOU DE MANTER DISTÂNCIA DO VEÍCULO DA FRENTE,COLISÃO TRASEIRA,COM VÍTIMAS FERIDAS,PLENO DIA,Decrescente,CÉU CLARO,DUPLA,Reta,Sim,3,0,1,0,2,0,1,2,-22.71487442,-42.64265422,SPRF-RJ,DEL02-RJ,UOP03-DEL02-RJ,2025,,7,,,,1.0
742324.0,2025-12-29,,08:40:00,RJ,101,261,RIO BONITO,AUSÊNCIA DE REAÇÃO DO CONDUTOR,COLISÃO TRASEIRA,COM VÍTIMAS FERIDAS,PLENO DIA,Crescente,CÉU CLARO,DUPLA,Reta,Não,2,0,1,0,1,0,1,2,-22.71148079,-42.61374593,SPRF-RJ,DEL02-RJ,UOP03-DEL02-RJ,2025,,8,,,,1.0
742326.0,2025-12-29,,05:45:00,RJ,101,"294,5",ITABORAI,REAÇÃO TARDIA OU INEFICIENTE DO CONDUTOR,TOMBAMENTO,COM VÍTIMAS FERIDAS,AMANHECER,Crescente,CÉU CLARO,DUPLA,Reta,Sim,2,0,1,1,0,0,2,1,-22.7600364,-42.89701939,SPRF-RJ,DEL02-RJ,UOP02-DEL02-RJ,2025,,5,,,,1.0
742536.0,2025-12-30,,08:05:00,RJ,101,326,NITEROI,TRAFEGAR COM MOTOCICLETA (OU SIMILAR) ENTRE AS FAIXAS,COLISÃO TRASEIRA,COM VÍTIMAS FERIDAS,PLENO DIA,Decrescente,CÉU CLARO,MÚLTIPLA,Reta;Declive,Não,3,0,1,0,1,1,1,2,-22.8725177,-43.14086437,SPRF-RJ,DEL02-RJ,UOP01-DEL02-RJ,2025,,8,,,,1.0
742749.0,2025-09-03,6.0,00:25:00,RJ,101,300,SAO GONCALO,ANIMAIS NA PISTA,ATROPELAMENTO DE ANIMAL,COM VÍTIMAS FERIDAS,PLENA NOITE,Decrescente,CÉU CLARO,DUPLA,Reta,Sim,1,0,1,0,0,0,1,1,-22.77588968,-42.94529622,SPRF-RJ,DEL02-RJ,UOP02-DEL02-RJ,2025,2025-03-09,0,2025.0,3.0,Domingo,1.0
742757.0,2025-12-31,,10:30:00,RJ,101,299,ITABORAI,ACESSO IRREGULAR,ATROPELAMENTO DE PEDESTRE,COM VÍTIMAS FERIDAS,PLENO DIA,Decrescente,CÉU CLARO,DUPLA,Reta,Sim,4,0,2,1,1,0,3,3,-22.77386889,-42.93723678,SPRF-RJ,DEL02-RJ,UOP02-DEL02-RJ,2025,,10,,,,1.0
742803.0,2025-12-31,,16:00:00,RJ,101,314,SAO GONCALO,CONDUTOR DEIXOU DE MANTER DISTÂNCIA DO VEÍCULO DA FRENTE,COLISÃO TRASEIRA,COM VÍTIMAS FERIDAS,PLENO DIA,Decrescente,CÉU CLARO,DUPLA,Reta,Sim,2,0,0,1,1,0,1,2,-22.81534377,-43.07597486,SPRF-RJ,DEL02-RJ,UOP02-DEL02-RJ,2025,,16,,,,1.0
742849.0,2025-12-31,,20:15:00,RJ,101,288,ITABORAI,AUSÊNCIA DE REAÇÃO DO CONDUTOR,SAÍDA DE LEITO CARROÇÁVEL,SEM VÍTIMAS,PLENA NOITE,Decrescente,CÉU CLARO,DUPLA,Reta,Sim,1,0,0,0,1,0,0,1,-22.76278134,-42.84911362,SPRF-RJ,DEL02-RJ,UOP02-DEL02-RJ,2025,,20,,,,0.0
743131.0,2025-12-29,,23:15:00,RJ,493,"1,5",ITABORAI,OBJETO ESTÁTICO SOBRE O LEITO CARROÇÁVEL,QUEDA DE OCUPANTE DE VEÍCULO,COM VÍTIMAS FERIDAS,PLENA NOITE,Decrescente,CÉU CLARO,MÚLTIPLA,Reta,Sim,1,0,1,0,0,0,1,1,-22.76364204,-42.92821733,SPRF-RJ,DEL02-RJ,UOP02-DEL02-RJ,2025,,23,,,,1.0
744052.0,2025-12-29,,19:20:00,RJ,493,2,ITABORAI,AUSÊNCIA DE SINALIZAÇÃO,ATROPELAMENTO DE PEDESTRE,COM VÍTIMAS FERIDAS,PLENA NOITE,Crescente,CÉU CLARO,DUPLA,Reta,Não,2,0,1,1,0,0,2,2,-22.7787139,-42.89611816,SPRF-RJ,DEL02-RJ,UOP02-DEL02-RJ,2025,,19,,,,1.0
747342.0,2025-12-21,,23:30:00,RJ,101,262,RIO BONITO,AUSÊNCIA DE REAÇÃO DO CONDUTOR,CAPOTAMENTO,SEM VÍTIMAS,PLENA NOITE,Decrescente,CÉU CLARO,DUPLA,Aclive;Curva,Sim,4,0,0,0,4,0,0,4,-22.71412324,-42.62042999,SPRF-RJ,DEL02-RJ,UOP03-DEL02-RJ,2025,,23,,,,0.0
754772.0,2025-12-13,,09:30:00,RJ,101,265,RIO BONITO,ULTRAPASSAGEM INDEVIDA,COLISÃO LATERAL MESMO SENTIDO,COM VÍTIMAS FERIDAS,PLENO DIA,Decrescente,CÉU CLARO,DUPLA,Curva,Sim,3,0,2,0,0,1,2,2,-22.70775965,-42.65392224,SPRF-RJ,DEL02-RJ,UOP03-DEL02-RJ,2025,,9,,,,1.0
743822.0,2026-01-05,4.0,11:00:00,RJ,101,306,SAO GONCALO,CONDUTOR DEIXOU DE MANTER DISTÂNCIA DO VEÍCULO DA FRENTE,ENGAVETAMENTO,COM VÍTIMAS FERIDAS,PLENO DIA,Decrescente,NUBLADO,DUPLA,Reta,Sim,5,0,1,0,4,0,1,5,-22.78931778,-43.00593853,SPRF-RJ,DEL02-RJ,UOP02-DEL02-RJ,2026,2026-05-01,11,2026.0,5.0,Sexta,1.0
744139.0,2026-01-07,2.0,07:30:00,RJ,101,"268,6",RIO BONITO,MANOBRA DE MUDANÇA DE FAIXA,COLISÃO LATERAL MESMO SENTIDO,SEM VÍTIMAS,PLENO DIA,Decrescente,NUBLADO,DUPLA,Reta,Não,6,0,0,0,5,1,0,3,-22.7124034,-42.6743235,SPRF-RJ,DEL02-RJ,UOP03-DEL02-RJ,2026,2026-07-01,7,2026.0,7.0,Quarta,0.0
745278.0,2026-01-12,1.0,17:30:00,RJ,101,313,SAO GONCALO,CONDUTOR DEIXOU DE MANTER DISTÂNCIA DO VEÍCULO DA FRENTE,COLISÃO TRASEIRA,COM VÍTIMAS FERIDAS,PLENO DIA,Decrescente,CÉU CLARO,DUPLA,Reta,Sim,2,0,1,0,1,0,1,2,-22.792845,-43.0248534,SPRF-RJ,DEL02-RJ,UOP02-DEL02-RJ,2026,2026-12-01,17,2026.0,12.0,Terça,1.0
746550.0,2026-01-18,,20:20:00,RJ,101,269,RIO BONITO,TRAFEGAR COM MOTOCICLETA (OU SIMILAR) ENTRE AS FAIXAS,COLISÃO LATERAL MESMO SENTIDO,COM VÍTIMAS FERIDAS,PLENA NOITE,Crescente,CÉU CLARO,DUPLA,Reta,Sim,5,0,1,0,3,1,1,4,-22.71360418,-42.67502209,SPRF-RJ,DEL02-RJ,UOP03-DEL02-RJ,2026,,20,,,,1.0
747149.0,2026-01-21,,06:00:00,RJ,101,306,SAO GONCALO,CONDUTOR DEIXOU DE MANTER DISTÂNCIA DO VEÍCULO DA FRENTE,COLISÃO TRASEIRA,COM VÍTIMAS FERIDAS,PLENO DIA,Crescente,CHUVA,DUPLA,Reta,Sim,2,0,1,0,1,0,1,2,-22.79114675,-43.00492806,SPRF-RJ,DEL02-RJ,UOP02-DEL02-RJ,2026,,6,,,,1.0
747842.0,2026-01-24,,22:22:00,RJ,101,323,NITEROI,CONDUTOR DEIXOU DE MANTER DISTÂNCIA DO VEÍCULO DA FRENTE,COLISÃO TRASEIRA,COM VÍTIMAS FERIDAS,PLENO DIA,Crescente,NUBLADO,DUPLA,Reta,Sim,2,0,1,0,0,1,1,2,-22.87681822,-43.11739612,SPRF-RJ,DEL02-RJ,UOP01-DEL02-RJ,2026,,22,,,,1.0
748230.0,2026-01-26,,23:08:00,RJ,101,327,NITEROI,AUSÊNCIA DE REAÇÃO DO CONDUTOR,COLISÃO TRASEIRA,COM VÍTIMAS FATAIS,PLENA NOITE,Crescente,CÉU CLARO,MÚLTIPLA,Reta,Não,3,1,0,0,1,1,0,3,-22.86986447,-43.16621399,SPRF-RJ,DEL02-RJ,UOP01-DEL02-RJ,2026,,23,,,,2.0
749714.0,2026-02-03,0.0,02:00:00,RJ,101,310,SAO GONCALO,CARGA EXCESSIVA E/OU MAL ACONDICIONADA,TOMBAMENTO,COM VÍTIMAS FERIDAS,AMANHECER,Crescente,CÉU CLARO,DUPLA,Reta,Sim,1,0,1,0,0,0,1,1,-22.79897134,-43.04992676,SPRF-RJ,DEL02-RJ,UOP02-DEL02-RJ,2026,2026-03-02,2,2026.0,3.0,Segunda,1.0
750479.0,2026-02-06,1.0,16:00:00,RJ,101,257,RIO BONITO,AUSÊNCIA DE REAÇÃO DO CONDUTOR,COLISÃO LATERAL MESMO SENTIDO,SEM VÍTIMAS,PLENO DIA,Decrescente,CÉU CLARO,DUPLA,Reta,Sim,4,0,0,0,3,1,0,3,-22.701637,-42.586871,SPRF-RJ,DEL02-RJ,UOP03-DEL02-RJ,2026,2026-06-02,16,2026.0,6.0,Terça,0.0
751482.0,2026-02-10,4.0,22:25:00,RJ,101,327,NITEROI,REAÇÃO TARDIA OU INEFICIENTE DO CONDUTOR,COLISÃO TRASEIRA,COM VÍTIMAS FATAIS,PLENA NOITE,Decrescente,CÉU CLARO,DUPLA,Ponte;Reta,Não,2,1,0,0,1,0,0,2,-22.87043827,-43.16349602,SPRF-RJ,DEL02-RJ,UOP01-DEL02-RJ,2026,2026-10-02,22,2026.0,10.0,Sexta,2.0