id,data_inversa,dia_semana,horario,uf,br,km,municipio,causa_acidente,tipo_acidente,classificacao_acidente,fase_dia,sentido_via,condicao_metereologica,tipo_pista,tracado_via,uso_solo,pessoas,mortos,feridos_leves,feridos_graves,ilesos,ignorados,feridos,veiculos,latitude,longitude,regional,delegacia,uop,ano_arquivo,data,hora,ano,mes,dia_semana_nome,gravidade
753464.0,2026-02-20,,06:00:00,RJ,101,262,RIO BONITO,CURVA ACENTUADA,TOMBAMENTO,COM VÍTIMAS FERIDAS,AMANHECER,Crescente,CÉU CLARO,DUPLA,Curva,Sim,2,0,1,0,1,0,1,1,-22.71699473,-42.62187258,SPRF-RJ,DEL02-RJ,UOP03-DEL02-RJ,2026,,6,,,,1.0
753885.0,2026-02-22,,02:00:00,RJ,101,284,ITABORAI,DEMAIS FALHAS MECÂNICAS OU ELÉTRICAS,INCÊNDIO,SEM VÍTIMAS,PLENA NOITE,Crescente,CÉU CLARO,DUPLA,Reta,Não,1,0,0,0,1,0,0,1,-22.74635088,-42.81118717,SPRF-RJ,DEL02-RJ,UOP02-DEL02-RJ,2026,,2,,,,0.0
756033.0,2026-02-11,0.0,09:30:00,RJ,101,309,SAO GONCALO,ENTRADA INOPINADA DO PEDESTRE,COLISÃO TRASEIRA,SEM VÍTIMAS,PLENO DIA,Crescente,CÉU CLARO,DUPLA,Reta,Sim,3,0,0,0,2,1,0,2,-22.79912255,-43.05025863,SPRF-RJ,DEL02-RJ,UOP02-DEL02-RJ,2026,2026-11-02,9,2026.0,11.0,Segunda,0.0
756523.0,2026-01-09,1.0,02:40:00,RJ,101,310,SAO GONCALO,SUICÍDIO (PRESUMIDO),ATROPELAMENTO DE PEDESTRE,COM VÍTIMAS FATAIS,PLENA NOITE,Crescente,CÉU CLARO,DUPLA,Reta,Não,2,1,0,0,0,1,0,2,-22.7967934,-43.0432714,SPRF-RJ,DEL02-RJ,UOP02-DEL02-RJ,2026,2026-09-01,2,2026.0,9.0,Terça,2.0
758034.0,2026-01-08,5.0,04:56:00,RJ,101,288,ITABORAI,DEMAIS FALHAS MECÂNICAS OU ELÉTRICAS,INCÊNDIO,SEM VÍTIMAS,AMANHECER,Crescente,CÉU CLARO,DUPLA,Reta,Não,2,0,0,0,1,1,0,2,-22.76295049,-42.85004781,SPRF-RJ,DEL02-RJ,UOP02-DEL02-RJ,2026,2026-08-01,4,2026.0,8.0,Sábado,0.0
744885.0,2026-01-10,3.0,21:35:00,RJ,101,326,NITEROI,DEMAIS FALHAS MECÂNICAS OU ELÉTRICAS,INCÊNDIO,SEM VÍTIMAS,PLENA NOITE,Decrescente,CÉU CLARO,MÚLTIPLA,Reta,Não,2,0,0,0,1,1,0,2,-22.870422,-43.1606381,SPRF-RJ,DEL02-RJ,UOP01-DEL02-RJ,2026,2026-10-01,21,2026.0,10.0,Quinta,0.0
743052.0,2026-01-01,3.0,19:30:00,RJ,101,322,NITEROI,REAÇÃO TARDIA OU INEFICIENTE DO CONDUTOR,COLISÃO COM OBJETO,COM VÍTIMAS FERIDAS,PLENA NOITE,Decrescente,CÉU CLARO,DUPLA,Reta,Não,5,0,4,0,1,0,4,1,-22.87832,-43.110528,SPRF-RJ,DEL02-RJ,UOP01-DEL02-RJ,2026,2026-01-01,19,2026.0,1.0,Quinta,1.0
743434.0,2026-01-03,6.0,17:00:00,RJ,101,270,RIO BONITO,TRAFEGAR COM MOTOCICLETA (OU SIMILAR) ENTRE AS FAIXAS,COLISÃO TRASEIRA,COM VÍTIMAS FERIDAS,PLENO DIA,Crescente,CHUVA,DUPLA,Curva,Não,2,0,1,0,1,0,1,2,-22.72369062,-42.6936162,SPRF-RJ,DEL02-RJ,UOP03-DEL02-RJ,2026,2026-03-01,17,2026.0,3.0,Domingo,1.0
743605.0,2026-01-04,2.0,12:45:00,RJ,101,263,RIO BONITO,AUSÊNCIA DE REAÇÃO DO CONDUTOR,COLISÃO TRASEIRA,COM VÍTIMAS FERIDAS,PLENO DIA,Crescente,CHUVA,DUPLA,Reta,Sim,4,0,2,0,2,0,2,2,-22.71835898,-42.63146996,SPRF-RJ,DEL02-RJ,UOP03-DEL02-RJ,2026,2026-04-01,12,2026.0,4.0,Quarta,1.0
743751.0,2026-01-05,4.0,05:30:00,RJ,101,318,SAO GONCALO,REAÇÃO TARDIA OU INEFICIENTE DO CONDUTOR,TOMBAMENTO,COM VÍTIMAS FERIDAS,PLENO DIA,Crescente,GAROA/CHUVISCO,DUPLA,Reta,Sim,2,0,2,0,0,0,2,1,-22.84523353,-43.09848474,SPRF-RJ,DEL02-RJ,UOP02-DEL02-RJ,2026,2026-05-01,5,2026.0,5.0,Sexta,1.0
743762.0,2026-01-04,2.0,04:50:00,RJ,101,"311,1",SAO GONCALO,AUSÊNCIA DE REAÇÃO DO CONDUTOR,COLISÃO COM OBJETO,SEM VÍTIMAS,AMANHECER,Decrescente,CÉU CLARO,DUPLA,Reta,Não,1,0,0,0,1,0,0,1,-22.81293,-43.073376,SPRF-RJ,DEL02-RJ,UOP02-DEL02-RJ,2026,2026-04-01,4,2026.0,4.0,Quarta,0.0
743777.0,2026-01-05,4.0,07:50:00,RJ,101,282,ITABORAI,PISTA ESCORREGADIA,QUEDA DE OCUPANTE DE VEÍCULO,COM VÍTIMAS FERIDAS,PLENO DIA,Decrescente,GAROA/CHUVISCO,DUPLA,Viaduto,Sim,1,0,1,0,0,0,1,1,-22.7353564,-42.80426762,SPRF-RJ,DEL02-RJ,UOP02-DEL02-RJ,2026,2026-05-01,7,2026.0,5.0,Sexta,1.0
743783.0,2026-01-05,4.0,09:40:00,RJ,493,6,ITABORAI,ACESSO IRREGULAR,COLISÃO LATERAL MESMO SENTIDO,COM VÍTIMAS FERIDAS,PLENO DIA,Decrescente,CÉU CLARO,SIMPLES,Reta;Em Obras,Sim,2,0,1,0,1,0,1,2,-22.73439026,-42.95259476,SPRF-RJ,DEL02-RJ,UOP02-DEL02-RJ,2026,2026-05-01,9,2026.0,5.0,Sexta,1.0
743800.0,2026-01-05,4.0,10:37:00,RJ,101,322,NITEROI,AUSÊNCIA DE REAÇÃO DO CONDUTOR,COLISÃO TRASEIRA,COM VÍTIMAS FERIDAS,PLENO DIA,Crescente,NUBLADO,DUPLA,Reta,Sim,2,0,1,0,1,0,1,2,-22.87664967,-43.11056614,SPRF-RJ,DEL02-RJ,UOP01-DEL02-RJ,2026,2026-05-01,10,2026.0,5.0,Sexta,1.0
743861.0,2026-01-05,4.0,12:20:00,RJ,101,293,ITABORAI,ULTRAPASSAGEM INDEVIDA,COLISÃO LATERAL MESMO SENTIDO,COM VÍTIMAS FERIDAS,PLENO DIA,Crescente,NUBLADO,DUPLA,Reta,Não,2,0,1,0,1,0,1,2,-22.75520923,-42.89136529,SPRF-RJ,DEL02-RJ,UOP02-DEL02-RJ,2026,2026-05-01,12,2026.0,5.0,Sexta,1.0
744324.0,2026-01-08,5.0,07:25:00,RJ,101,323,NITEROI,AUSÊNCIA DE REAÇÃO DO CONDUTOR,ENGAVETAMENTO,COM VÍTIMAS FERIDAS,PLENO DIA,Crescente,CÉU CLARO,MÚLTIPLA,Reta,Sim,4,0,1,0,3,0,1,3,-22.87396094,-43.12786102,SPRF-RJ,DEL02-RJ,UOP01-DEL02-RJ,2026,2026-08-01,7,2026.0,8.0,Sábado,1.0
744335.0,2026-01-08,5.0,08:40:00,RJ,101,322,NITEROI,CONDUTOR DEIXOU DE MANTER DISTÂNCIA DO VEÍCULO DA FRENTE,TOMBAMENTO,COM VÍTIMAS FERIDAS,PLENO DIA,Decrescente,CÉU CLARO,DUPLA,Curva;Declive,Não,1,0,0,1,0,0,1,1,-22.87925927,-43.11216474,SPRF-RJ,DEL02-RJ,UOP01-DEL02-RJ,2026,2026-08-01,8,2026.0,8.0,Sábado,1.0
744435.0,2026-01-08,5.0,16:30:00,RJ,101,328,NITEROI,CONDUTOR DEIXOU DE MANTER DISTÂNCIA DO VEÍCULO DA FRENTE,COLISÃO TRASEIRA,SEM VÍTIMAS,PLENO DIA,Decrescente,CÉU CLARO,DUPLA,Reta,Sim,2,0,0,0,2,0,0,2,-22.86984866,-43.17054033,SPRF-RJ,DEL02-RJ,UOP01-DEL02-RJ,2026,2026-08-01,16,2026.0,8.0,Sábado,0.0
744475.0,2026-01-08,5.0,09:20:00,RJ,101,320,NITEROI,MANOBRA DE MUDANÇA DE FAIXA,COLISÃO LATERAL MESMO SENTIDO,COM VÍTIMAS FERIDAS,PLENA NOITE,Crescente,CÉU CLARO,DUPLA,Curva,Sim,3,0,2,0,1,0,2,2,-22.86947301,-43.11053395,SPRF-RJ,DEL02-RJ,UOP01-DEL02-RJ,2026,2026-08-01,9,2026.0,8.0,Sábado,1.0
744570.0,2026-01-09,1.0,07:00:00,RJ,101,313,SAO GONCALO,TRAFEGAR COM MOTOCICLETA (OU SIMILAR) ENTRE AS FAIXAS,COLISÃO TRASEIRA,COM VÍTIMAS FERIDAS,PLENO DIA,Crescente,CÉU CLARO,DUPLA,Reta,Sim,2,0,1,1,0,0,2,1,-22.80899654,-43.06722018,SPRF-RJ,DEL02-RJ,UOP02-DEL02-RJ,2026,2026-09-01,7,2026.0,9.0,Terça,1.0
744626.0,2026-01-09,1.0,18:15:00,RJ,101,311,SAO GONCALO,TRAFEGAR COM MOTOCICLETA (OU SIMILAR) ENTRE AS FAIXAS,QUEDA DE OCUPANTE DE VEÍCULO,COM VÍTIMAS FERIDAS,PLENO DIA,Decrescente,CÉU CLARO,DUPLA,Reta,Sim,2,0,1,0,1,0,1,2,-22.8046682,-43.05850983,SPRF-RJ,DEL02-RJ,UOP02-DEL02-RJ,2026,2026-09-01,18,2026.0,9.0,Terça,1.0
744660.0,2026-01-09,1.0,21:00:00,RJ,101,299,ITABORAI,TRAFEGAR COM MOTOCICLETA (OU SIMILAR) ENTRE AS FAIXAS,ATROPELAMENTO DE PEDESTRE,COM VÍTIMAS FERIDAS,PLENA NOITE,Decrescente,CÉU CLARO,DUPLA,Reta,Sim,2,0,2,0,0,0,2,2,-22.77315444,-42.93469906,SPRF-RJ,DEL02-RJ,UOP02-DEL02-RJ,2026,2026-09-01,21,2026.0,9.0,Terça,1.0
744671.0,2026-01-09,1.0,18:45:00,RJ,101,271,RIO BONITO,AVARIAS E/OU DESGASTE EXCESSIVO NO PNEU,QUEDA DE OCUPANTE DE VEÍCULO,COM VÍTIMAS FERIDAS,PLENA NOITE,Decrescente,CÉU CLARO,DUPLA,Reta,Sim,2,0,2,0,0,0,2,1,-22.725759,-42.694204,SPRF-RJ,DEL02-RJ,UOP03-DEL02-RJ,2026,2026-09-01,18,2026.0,9.0,Terça,1.0
744698.0,2026-01-10,3.0,04:40:00,RJ,101,322,NITEROI,REAÇÃO TARDIA OU INEFICIENTE DO CONDUTOR,TOMBAMENTO,COM VÍTIMAS FERIDAS,AMANHECER,Decrescente,CÉU CLARO,DUPLA,Declive,Sim,1,0,1,0,0,0,1,1,-22.88078415,-43.11189461,SPRF-RJ,DEL02-RJ,UOP01-DEL02-RJ,2026,2026-10-01,4,2026.0,10.0,Quinta,1.0
744805.0,2026-01-10,3.0,12:40:00,RJ,101,"293,3",ITABORAI,ACESSAR A VIA SEM OBSERVAR A PRESENÇA DOS OUTROS VEÍCULOS,COLISÃO TRASEIRA,COM VÍTIMAS FERIDAS,PLENO DIA,Crescente,SOL,DUPLA,Reta,Sim,4,0,2,0,2,0,2,2,-22.75341845,-42.89952797,SPRF-RJ,DEL02-RJ,UOP02-DEL02-RJ,2026,2026-10-01,12,2026.0,10.0,Quinta,1.0
744899.0,2026-01-10,3.0,22:30:00,RJ,101,309,SAO GONCALO,PEDESTRE CRUZAVA A PISTA FORA DA FAIXA,ATROPELAMENTO DE PEDESTRE,COM VÍTIMAS FATAIS,PLENA NOITE,Decrescente,CÉU CLARO,DUPLA,Reta,Não,3,1,0,0,1,1,0,3,-22.79739982,-43.04491973,SPRF-RJ,DEL02-RJ,UOP02-DEL02-RJ,2026,2026-10-01,22,2026.0,10.0,Quinta,2.0
745000.0,2026-01-05,4.0,04:50:00,RJ,101,101,SAO GONCALO,CONDUTOR DEIXOU DE MANTER DISTÂNCIA DO VEÍCULO DA FRENTE,COLISÃO TRASEIRA,COM VÍTIMAS FERIDAS,PLENO DIA,Crescente,CÉU CLARO,DUPLA,Reta,Não,2,0,1,0,1,0,1,2,-22.80999452,-43.06921574,SPRF-RJ,DEL08-RJ,UOP02-DEL08-RJ,2026,2026-05-01,4,2026.0,5.0,Sexta,1.0
745007.0,2026-01-11,6.0,10:45:00,RJ,493,6,ITABORAI,ULTRAPASSAGEM INDEVIDA,QUEDA DE OCUPANTE DE VEÍCULO,COM VÍTIMAS FERIDAS,PLENO DIA,Crescente,CÉU CLARO,SIMPLES,Reta,Não,1,0,1,0,0,0,1,1,-22.74574956,-42.95143604,SPRF-RJ,DEL02-RJ,UOP02-DEL02-RJ,2026,2026-11-01,10,2026.0,11.0,Domingo,1.0
745145.0,2026-01-12,1.0,05:40:00,RJ,101,237,RIO BONITO,CONDUTOR DORMINDO,SAÍDA DE LEITO CARROÇÁVEL,COM VÍTIMAS FERIDAS,AMANHECER,Crescente,CÉU CLARO,DUPLA,Reta,Sim,3,0,1,0,2,0,1,1,-22.693864,-42.557091,SPRF-RJ,DEL02-RJ,UOP03-DEL02-RJ,2026,2026-12-01,5,2026.0,12.0,Terça,1.0
745163.0,2026-01-12,1.0,08:00:00,RJ,101,328,NITEROI,CONDUTOR DEIXOU DE MANTER DISTÂNCIA DO VEÍCULO DA FRENTE,COLISÃO TRASEIRA,COM VÍTIMAS FERIDAS,PLENO DIA,Crescente,CÉU CLARO,SIMPLES,Ponte;Reta,Sim,3,0,1,0,2,0,1,2,-22.87079766,-43.16133499,SPRF-RJ,DEL02-RJ,UOP01-DEL02-RJ,2026,2026-12-01,8,2026.0,12.0,Terça,1.0
745167.0,2026-01-12,1.0,06:40:00,RJ,101,287,ITABORAI,AVARIAS E/OU DESGASTE EXCESSIVO NO PNEU,QUEDA DE OCUPANTE DE VEÍCULO,COM VÍTIMAS FERIDAS,PLENO DIA,Crescente,CÉU CLARO,DUPLA,Curva,Não,2,0,1,0,1,0,1,1,-22.755506,-42.836627,SPRF-RJ,DEL02-RJ,UOP02-DEL02-RJ,2026,2026-12-01,6,2026.0,12.0,Terça,1.0
745216.0,2026-01-12,1.0,12:07:00,RJ,101,326,NITEROI,CONDUTOR DEIXOU DE MANTER DISTÂNCIA DO VEÍCULO DA FRENTE,TOMBAMENTO,COM VÍTIMAS FERIDAS,PLENO DIA,Crescente,CÉU CLARO,DUPLA,Declive;Reta,Sim,1,0,1,0,0,0,1,1,-22.87028362,-43.16369534,SPRF-RJ,DEL02-RJ,UOP01-DEL02-RJ,2026,2026-12-01,12,2026.0,12.0,Terça,1.0
745334.0,2026-01-13,,06:00:00,RJ,101,265,RIO BONITO,REAÇÃO TARDIA OU INEFICIENTE DO CONDUTOR,COLISÃO COM OBJETO,COM VÍTIMAS FERIDAS,AMANHECER,Crescente,CÉU CLARO,DUPLA,Curva,Não,1,0,1,0,0,0,1,1,-22.7061454,-42.6548956,SPRF-RJ,DEL02-RJ,UOP03-DEL02-RJ,2026,,6,,,,1.0
745398.0,2026-01-13,,08:30:00,RJ,101,297,ITABORAI,ACESSO IRREGULAR,COLISÃO TRASEIRA,COM VÍTIMAS FERIDAS,PLENO DIA,Decrescente,CÉU CLARO,DUPLA,Reta,Sim,3,0,0,1,2,0,1,2,-22.76993846,-42.91532082,SPRF-RJ,DEL02-RJ,UOP02-DEL02-RJ,2026,,8,,,,1.0
745410.0,2026-01-13,,12:33:00,RJ,101,326,NITEROI,CONDUTOR DEIXOU DE MANTER DISTÂNCIA DO VEÍCULO DA FRENTE,COLISÃO TRASEIRA,COM VÍTIMAS FERIDAS,PLENO DIA,Crescente,CÉU CLARO,DUPLA,Ponte,Não,3,0,1,0,2,0,1,3,-22.87115353,-43.15528393,SPRF-RJ,DEL02-RJ,UOP01-DEL02-RJ,2026,,12,,,,1.0
745427.0,2026-01-13,,09:00:00,RJ,101,322,NITEROI,DEMAIS FALHAS MECÂNICAS OU ELÉTRICAS,QUEDA DE OCUPANTE DE VEÍCULO,COM VÍTIMAS FERIDAS,PLENO DIA,Crescente,CÉU CLARO,DUPLA,Reta,Não,1,0,1,0,0,0,1,1,-22.875648,-43.110568,SPRF-RJ,DEL02-RJ,UOP01-DEL02-RJ,2026,,9,,,,1.0
746203.0,2026-01-17,,14:49:00,RJ,101,296,ITABORAI,TRAFEGAR COM MOTOCICLETA (OU SIMILAR) ENTRE AS FAIXAS,COLISÃO TRASEIRA,COM VÍTIMAS FERIDAS,PLENO DIA,Decrescente,NUBLADO,DUPLA,Reta,Sim,2,0,1,0,1,0,1,2,-22.76727819,-42.91371346,SPRF-RJ,DEL02-RJ,UOP02-DEL02-RJ,2026,,14,,,,1.0
746222.0,2026-01-17,,11:00:00,RJ,101,296,ITABORAI,AUSÊNCIA DE REAÇÃO DO CONDUTOR,COLISÃO TRASEIRA,COM VÍTIMAS FERIDAS,PLENO DIA,Decrescente,CÉU CLARO,DUPLA,Reta,Sim,3,0,2,0,1,0,2,2,-22.7671217,-42.9120027,SPRF-RJ,DEL02-RJ,UOP02-DEL02-RJ,2026,,11,,,,1.0
746655.0,2026-01-19,,09:10:00,RJ,101,293,ITABORAI,MANOBRA DE MUDANÇA DE FAIXA,COLISÃO LATERAL MESMO SENTIDO,SEM VÍTIMAS,PLENO DIA,Decrescente,SOL,DUPLA,Retorno Regulamentado,Sim,4,0,0,0,4,0,0,2,-22.754638,-42.890622,SPRF-RJ,DEL02-RJ,UOP02-DEL02-RJ,2026,,9,,,,0.0
746693.0,2026-01-19,,09:50:00,RJ,101,293,ITABORAI,CONDUTOR DEIXOU DE MANTER DISTÂNCIA DO VEÍCULO DA FRENTE,ENGAVETAMENTO,COM VÍTIMAS FERIDAS,PLENO DIA,Crescente,CÉU CLARO,MÚLTIPLA,Reta,Sim,5,0,1,0,4,0,1,4,-22.75671667,-42.892805,SPRF-RJ,DEL02-RJ,UOP02-DEL02-RJ,2026,,9,,,,1.0
746782.0,2026-01-19,,13:49:00,RJ,101,323,NITEROI,AUSÊNCIA DE REAÇÃO DO CONDUTOR,QUEDA DE OCUPANTE DE VEÍCULO,COM VÍTIMAS FERIDAS,PLENO DIA,Decrescente,CÉU CLARO,DUPLA,Reta,Não,1,0,1,0,0,0,1,1,-22.87949803,-43.11401642,SPRF-RJ,DEL02-RJ,UOP01-DEL02-RJ,2026,,13,,,,1.0
746821.0,2026-01-18,,17:23:00,RJ,101,285,ITABORAI,REAÇÃO TARDIA OU INEFICIENTE DO CONDUTOR,COLISÃO COM OBJETO,COM VÍTIMAS FERIDAS,PLENO DIA,Decrescente,NUBLADO,SIMPLES,Viaduto,Não,2,0,2,0,0,0,2,1,-22.75220065,-42.81951354,SPRF-RJ,DEL02-RJ,UOP02-DEL02-RJ,2026,,17,,,,1.0
746895.0,2026-01-20,,11:10:00,RJ,101,297,ITABORAI,MANOBRA DE MUDANÇA DE FAIXA,ENGAVETAMENTO,COM VÍTIMAS FERIDAS,PLENO DIA,Decrescente,GAROA/CHUVISCO,DUPLA,Reta,Sim,3,0,1,0,2,0,1,3,-22.74443162,-42.80883437,SPRF-RJ,DEL02-RJ,UOP02-DEL02-RJ,2026,,11,,,,1.0
746919.0,2026-01-16,,18:00:00,RJ,101,303,SAO GONCALO,REAÇÃO TARDIA OU INEFICIENTE DO CONDUTOR,COLISÃO TRASEIRA,COM VÍTIMAS FERIDAS,PLENO DIA,Decrescente,CÉU CLARO,DUPLA,Reta,Sim,3,0,1,0,2,0,1,2,-22.78280201,-42.97645496,SPRF-RJ,DEL02-RJ,UOP02-DEL02-RJ,2026,,18,,,,1.0
747326.0,2026-01-22,,06:15:00,RJ,101,287,ITABORAI,REAÇÃO TARDIA OU INEFICIENTE DO CONDUTOR,COLISÃO LATERAL MESMO SENTIDO,COM VÍTIMAS FERIDAS,AMANHECER,Crescente,NUBLADO,DUPLA,Reta,Não,1,0,1,0,0,0,1,1,-22.7556847,-42.8369891,SPRF-RJ,DEL02-RJ,UOP02-DEL02-RJ,2026,,6,,,,1.0
747533.0,2026-01-23,,12:30:00,RJ,101,301,SAO GONCALO,DEMAIS FALHAS MECÂNICAS OU ELÉTRICAS,COLISÃO COM OBJETO,COM VÍTIMAS FERIDAS,PLENO DIA,Decrescente,GAROA/CHUVISCO,DUPLA,Reta,Não,4,0,3,0,1,0,3,2,-22.77849606,-42.95681477,SPRF-RJ,DEL02-RJ,UOP02-DEL02-RJ,2026,,12,,,,1.0
747930.0,2026-01-25,,08:30:00,RJ,101,297,ITABORAI,ACESSAR A VIA SEM OBSERVAR A PRESENÇA DOS OUTROS VEÍCULOS,COLISÃO LATERAL MESMO SENTIDO,COM VÍTIMAS FERIDAS,PLENO DIA,Decrescente,CÉU CLARO,DUPLA,Viaduto;Reta,Sim,2,0,1,0,1,0,1,2,-22.77154472,-42.92409824,SPRF-RJ,DEL02-RJ,UOP02-DEL02-RJ,2026,,8,,,,1.0
747931.0,2026-01-25,,05:00:00,RJ,101,303,SAO GONCALO,ANIMAIS NA PISTA,ATROPELAMENTO DE ANIMAL,COM VÍTIMAS FERIDAS,AMANHECER,Decrescente,NUBLADO,DUPLA,Reta,Sim,2,0,1,0,1,0,1,1,-22.78380383,-42.98115346,SPRF-RJ,DEL02-RJ,UOP02-DEL02-RJ,2026,,5,,,,1.0
748056.0,2026-01-26,,07:10:00,RJ,101,308,SAO GONCALO,REAÇÃO TARDIA OU INEFICIENTE DO CONDUTOR,COLISÃO LATERAL MESMO SENTIDO,COM VÍTIMAS FERIDAS,PLENO DIA,Crescente,NUBLADO,DUPLA,Reta,Não,3,0,1,0,2,0,1,3,-22.79287859,-43.02315831,SPRF-RJ,DEL02-RJ,UOP02-DEL02-RJ,2026,,7,,,,1.0
748083.0,2026-01-26,,07:40:00,RJ,101,311,SAO GONCALO,AVARIAS E/OU DESGASTE EXCESSIVO NO PNEU,QUEDA DE OCUPANTE DE VEÍCULO,COM VÍTIMAS FERIDAS,AMANHECER,Crescente,CHUVA,DUPLA,Reta,Sim,2,0,1,1,0,0,2,1,-22.80087032,-43.05370331,SPRF-RJ,DEL02-RJ,UOP02-DEL02-RJ,2026,,7,,,,1.0
748104.0,2026-01-26,,07:40:00,RJ,493,7,ITABORAI,PEDESTRE CRUZAVA A PISTA FORA DA FAIXA,ATROPELAMENTO DE PEDESTRE,COM VÍTIMAS FERIDAS,AMANHECER,Crescente,CÉU CLARO,SIMPLES,Reta,Não,2,0,1,0,1,0,1,2,-22.7249002,-42.9513083,SPRF-RJ,DEL02-RJ,UOP02-DEL02-RJ,2026,,7,,,,1.0
748173.0,2026-01-26,,06:21:00,RJ,101,308,SAO GONCALO,AUSÊNCIA DE REAÇÃO DO CONDUTOR,COLISÃO LATERAL MESMO SENTIDO,COM VÍTIMAS FERIDAS,PLENO DIA,Crescente,CÉU CLARO,DUPLA,Reta,Sim,3,0,2,0,1,0,2,2,-22.79380121,-43.02894042,SPRF-RJ,DEL02-RJ,UOP02-DEL02-RJ,2026,,6,,,,1.0
748386.0,2026-01-27,,14:00:00,RJ,101,294,ITABORAI,REAÇÃO TARDIA OU INEFICIENTE DO CONDUTOR,COLISÃO TRASEIRA,COM VÍTIMAS FERIDAS,PLENO DIA,Crescente,CÉU CLARO,SIMPLES,Reta,Não,2,0,1,0,1,0,1,2,-22.75784994,-42.89421818,SPRF-RJ,DEL02-RJ,UOP02-DEL02-RJ,2026,,14,,,,1.0
748432.0,2026-01-28,,07:25:00,RJ,101,322,NITEROI,ACUMULO DE ÓLEO SOBRE O PAVIMENTO,QUEDA DE OCUPANTE DE VEÍCULO,COM VÍTIMAS FERIDAS,PLENO DIA,Decrescente,CÉU CLARO,DUPLA,Curva,Sim,1,0,1,0,0,0,1,1,-22.87921973,-43.11155319,SPRF-RJ,DEL02-RJ,UOP01-DEL02-RJ,2026,,7,,,,1.0
748521.0,2026-01-28,,13:20:00,RJ,101,320,NITEROI,REAÇÃO TARDIA OU INEFICIENTE DO CONDUTOR,TOMBAMENTO,COM VÍTIMAS FERIDAS,PLENO DIA,Crescente,CÉU CLARO,DUPLA,Curva,Sim,1,0,1,0,0,0,1,1,-22.87870221,-43.11447167,SPRF-RJ,DEL02-RJ,UOP01-DEL02-RJ,2026,,13,,,,1.0
748565.0,2026-01-28,,17:45:00,RJ,493,5,ITABORAI,AVARIAS E/OU DESGASTE EXCESSIVO NO PNEU,QUEDA DE OCUPANTE DE VEÍCULO,COM VÍTIMAS FERIDAS,PLENO DIA,Crescente,CÉU CLARO,SIMPLES,Reta,Sim,1,0,1,0,0,0,1,1,-22.730326,-42.95089887,SPRF-RJ,DEL02-RJ,UOP02-DEL02-RJ,2026,,17,,,,1.0
748712.0,2026-01-29,,12:00:00,RJ,101,301,SAO GONCALO,REAÇÃO TARDIA OU INEFICIENTE DO CONDUTOR,ENGAVETAMENTO,COM VÍTIMAS FERIDAS,PLENO DIA,Decrescente,SOL,DUPLA,Reta,Sim,4,0,1,0,3,0,1,3,-22.77832204,-42.95611089,SPRF-RJ,DEL02-RJ,UOP02-DEL02-RJ,2026,,12,,,,1.0
748758.0,2026-01-29,,11:00:00,RJ,101,303,SAO GONCALO,REAÇÃO TARDIA OU INEFICIENTE DO CONDUTOR,COLISÃO TRASEIRA,SEM VÍTIMAS,PLENO DIA,Crescente,CÉU CLARO,DUPLA,Reta;Declive,Sim,3,0,0,0,3,0,0,3,-22.7847722,-42.98107884,SPRF-RJ,DEL02-RJ,UOP02-DEL02-RJ,2026,,11,,,,0.0
748907.0,2026-01-30,,12:26:00,RJ,101,301,SAO GONCALO,AUSÊNCIA DE REAÇÃO DO CONDUTOR,COLISÃO TRASEIRA,COM VÍTIMAS FERIDAS,PLENO DIA,Decrescente,NUBLADO,DUPLA,Reta,Sim,3,0,1,0,2,0,1,3,-22.793068,-43.024872,SPRF-RJ,DEL02-RJ,UOP02-DEL02-RJ,2026,,12,,,,1.0
749005.0,2026-01-30,,17:35:00,RJ,101,328,NITEROI,DEMAIS FALHAS MECÂNICAS OU ELÉTRICAS,QUEDA DE OCUPANTE DE VEÍCULO,COM VÍTIMAS FERIDAS,ANOITECER,Crescente,CHUVA,MÚLTIPLA,Reta,Sim,1,0,1,0,0,0,1,1,-22.86986163,-43.16885658,SPRF-RJ,DEL02-RJ,UOP01-DEL02-RJ,2026,,17,,,,1.0
749127.0,2026-01-27,,23:40:00,RJ,101,297,ITABORAI,CHUVA,QUEDA DE OCUPANTE DE VEÍCULO,COM VÍTIMAS FERIDAS,PLENA NOITE,Decrescente,CHUVA,SIMPLES,Curva,Não,2,0,2,0,0,0,2,1,-22.77147294,-42.92383855,SPRF-RJ,DEL02-RJ,UOP02-DEL02-RJ,2026,,23,,,,1.0
749256.0,2026-01-31,,22:10:00,RJ,101,268,RIO BONITO,MANOBRA DE MUDANÇA DE FAIXA,COLISÃO TRANSVERSAL,COM VÍTIMAS FATAIS,PLENA NOITE,Crescente,CÉU CLARO,DUPLA,Reta,Sim,2,1,0,0,1,0,0,2,-22.71440361,-42.67792799,SPRF-RJ,DEL02-RJ,UOP03-DEL02-RJ,2026,,22,,,,2.0
749294.0,2026-02-01,4.0,03:58:00,RJ,101,323,NITEROI,AUSÊNCIA DE REAÇÃO DO CONDUTOR,TOMBAMENTO,COM VÍTIMAS FERIDAS,PLENA NOITE,Decrescente,CÉU CLARO,DUPLA,Reta,Não,1,0,0,1,0,0,1,1,-22.8818944,-43.106304,SPRF-RJ,DEL02-RJ,UOP01-DEL02-RJ,2026,2026-01-02,3,2026.0,1.0,Sexta,1.0